Unity Editor version:    2022.3.62f2 (7670c08855a9)
Branch:                  2022.3/respin/2022.3.62f2-4af31df585-v2
Build type:              Release
Batch mode:              YES
System name:             Linux
Distro version:          #104-Ubuntu SMP Tue Jan 9 15:25:40 UTC 2024
Kernel version:          5.15.0-94-generic
Architecture:            x86_64
Available memory:        1030922 MB
[Licensing::Module] Trying to connect to existing licensing client channel...
[Licensing::IpcConnector] Channel LicenseClient-chh doesn't exist
[Licensing::Module] Successfully launched the LicensingClient (PId: 2888894)
[Licensing::IpcConnector] Successfully connected to: "LicenseClient-chh" at "2026-09-19T16:08:17.098067Z"
[SignatureVerifier] Application signature verification not supported on this platform.
[Licensing::Client] Handshaking with LicensingClient:
  Version:                 1.16.2+bdef8f5
  Session Id:              7605745d77284ae484034468c3b2eb3a
  Correlation Id:          f86b7e1ce161574b9110e1c261d87e6b
  External correlation Id: 3533593848291544564
  Machine Id:              JJYHMMP4/Pq8Nda/RBnV42onR04=
[Licensing::Module] Successfully connected to LicensingClient on channel: "LicenseClient-chh" (connect: 0.57s, validation: 0.07s, handshake: 0.00s)
[Licensing::IpcConnector] Successfully connected to: "LicenseClient-chh-notifications" at "2026-09-19T16:08:17.165286Z"
[Licensing::Module] Connected to LicensingClient (PId: 2888894, launch time: 0.00, total connection time: 0.63s)
[Licensing::Module] Error: Access token is unavailable; failed to update
[Licensing::Client] Error: Code 500 while processing request (status: Unable to update licenses. Errors: No ULF license found.,Token not found in cache)
[Licensing::Client] Error: Code 500 while updating license in client (status: Unable to update licenses. Errors: No ULF license found.,Token not found in cache)
[Licensing::Client] Successfully resolved entitlement details
[Licensing::Module] Serial number assigned to: "ewogICJzdWJzR3JvdXAiIDogInVuaXR5IGVkaXRvciIsCiAgIm5hbWVzcGFjZSIgOiAidW5pdHlfZWRpdG9yIiwKICAidHlwZSIgOiAiRURJVE9SIiwKICAidGFnIiA6ICJVbml0eVBlcnNvbmFsXXXX"
Pro License: NO
Desktop is 1920 x 1080 @ 60 Hz
Initialize udev device monitor.
[Licensing::Client] Successfully resolved entitlement details

COMMAND LINE ARGUMENTS:
/home/chh/.local/bin/unity2022
-batchmode
-quit
-accept-apiupdate
-force-vulkan
-projectPath
/data1/chh/project/robosupport/software/sim/Rubble_Pile_Simulator
-executeMethod
DemoBuild.PerformBuild
-buildout
/data1/chh/project/robosupport/software/sim/Rubble_Pile_Simulator/Builds/Linux
-logFile
/data1/chh/project/robosupport/software/sim/Rubble_Pile_Simulator/tools/demo_render/.logs/build.log
Successfully changed project path to: /data1/chh/project/robosupport/software/sim/Rubble_Pile_Simulator
/data1/chh/project/robosupport/software/sim/Rubble_Pile_Simulator
[UnityMemory] Configuration Parameters - Can be set up in boot.config
    "memorysetup-bucket-allocator-granularity=16"
    "memorysetup-bucket-allocator-bucket-count=8"
    "memorysetup-bucket-allocator-block-size=33554432"
    "memorysetup-bucket-allocator-block-count=8"
    "memorysetup-main-allocator-block-size=16777216"
    "memorysetup-thread-allocator-block-size=16777216"
    "memorysetup-gfx-main-allocator-block-size=16777216"
    "memorysetup-gfx-thread-allocator-block-size=16777216"
    "memorysetup-cache-allocator-block-size=4194304"
    "memorysetup-typetree-allocator-block-size=2097152"
    "memorysetup-profiler-bucket-allocator-granularity=16"
    "memorysetup-profiler-bucket-allocator-bucket-count=8"
    "memorysetup-profiler-bucket-allocator-block-size=33554432"
    "memorysetup-profiler-bucket-allocator-block-count=8"
    "memorysetup-profiler-allocator-block-size=16777216"
    "memorysetup-profiler-editor-allocator-block-size=1048576"
    "memorysetup-temp-allocator-size-main=16777216"
    "memorysetup-job-temp-allocator-block-size=2097152"
    "memorysetup-job-temp-allocator-block-size-background=1048576"
    "memorysetup-job-temp-allocator-reduction-small-platforms=262144"
    "memorysetup-allocator-temp-initial-block-size-main=262144"
    "memorysetup-allocator-temp-initial-block-size-worker=262144"
    "memorysetup-temp-allocator-size-background-worker=32768"
    "memorysetup-temp-allocator-size-job-worker=262144"
    "memorysetup-temp-allocator-size-preload-manager=33554432"
    "memorysetup-temp-allocator-size-nav-mesh-worker=65536"
    "memorysetup-temp-allocator-size-audio-worker=65536"
    "memorysetup-temp-allocator-size-cloud-worker=32768"
    "memorysetup-temp-allocator-size-gi-baking-worker=262144"
    "memorysetup-temp-allocator-size-gfx=262144"
Player connection [140698655687616]  Target information:

Player connection [140698655687616]  * "[IP] 10.0.1.3 [Port] 55504 [Flags] 2 [Guid] 3449265157 [EditorId] 3449265157 [Version] 1048832 [Id] LinuxEditor(16,10.0.1.3) [Debug] 1 [PackageName] LinuxEditor [ProjectName] Editor" 

Player connection [140698655687616]  * "[IP] 100.96.1.73 [Port] 55504 [Flags] 2 [Guid] 3449265157 [EditorId] 3449265157 [Version] 1048832 [Id] LinuxEditor(16,10.0.1.3) [Debug] 1 [PackageName] LinuxEditor [ProjectName] Editor" 

Player connection [140698655687616]  * "[IP] 172.17.0.1 [Port] 55504 [Flags] 2 [Guid] 3449265157 [EditorId] 3449265157 [Version] 1048832 [Id] LinuxEditor(16,10.0.1.3) [Debug] 1 [PackageName] LinuxEditor [ProjectName] Editor" 

Player connection [140698655687616]  * "[IP] 10.8.0.1 [Port] 55504 [Flags] 2 [Guid] 3449265157 [EditorId] 3449265157 [Version] 1048832 [Id] LinuxEditor(16,10.0.1.3) [Debug] 1 [PackageName] LinuxEditor [ProjectName] Editor" 

Player connection [140698655687616]  * "[IP] 192.168.122.1 [Port] 55504 [Flags] 2 [Guid] 3449265157 [EditorId] 3449265157 [Version] 1048832 [Id] LinuxEditor(16,10.0.1.3) [Debug] 1 [PackageName] LinuxEditor [ProjectName] Editor" 

Player connection [140698655687616] Host joined multi-casting on [225.0.0.222:54997]...
Player connection [140698655687616] Host joined alternative multi-casting on [225.0.0.222:34997]...
Input System module state changed to: Initialized.
[PhysX] Initialized MultithreadedTaskDispatcher with 113 workers.
Error opening a HTTP REST server port between 38000 and 38100
[Package Manager] UpmClient::Connect -- Connected to IPC stream "Upm-2888764" after 0.1 seconds.
[Package Manager] Restoring resolved packages state from cache
[Licensing::Client] Successfully resolved entitlement details
[Package Manager] Registered 58 packages:
  Packages from [https://packages.unity.com]:
    com.unity.collab-proxy@2.7.1 (location: /data1/chh/project/robosupport/software/sim/Rubble_Pile_Simulator/Library/PackageCache/com.unity.collab-proxy@2.7.1)
    com.unity.ide.rider@3.0.36 (location: /data1/chh/project/robosupport/software/sim/Rubble_Pile_Simulator/Library/PackageCache/com.unity.ide.rider@3.0.36)
    com.unity.ide.visualstudio@2.0.22 (location: /data1/chh/project/robosupport/software/sim/Rubble_Pile_Simulator/Library/PackageCache/com.unity.ide.visualstudio@2.0.22)
    com.unity.ide.vscode@1.2.5 (location: /data1/chh/project/robosupport/software/sim/Rubble_Pile_Simulator/Library/PackageCache/com.unity.ide.vscode@1.2.5)
    com.unity.inputsystem@1.14.0 (location: /data1/chh/project/robosupport/software/sim/Rubble_Pile_Simulator/Library/PackageCache/com.unity.inputsystem@1.14.0)
    com.unity.recorder@4.0.3 (location: /data1/chh/project/robosupport/software/sim/Rubble_Pile_Simulator/Library/PackageCache/com.unity.recorder@4.0.3)
    com.unity.test-framework@1.1.33 (location: /data1/chh/project/robosupport/software/sim/Rubble_Pile_Simulator/Library/PackageCache/com.unity.test-framework@1.1.33)
    com.unity.textmeshpro@3.0.7 (location: /data1/chh/project/robosupport/software/sim/Rubble_Pile_Simulator/Library/PackageCache/com.unity.textmeshpro@3.0.7)
    com.unity.timeline@1.7.7 (location: /data1/chh/project/robosupport/software/sim/Rubble_Pile_Simulator/Library/PackageCache/com.unity.timeline@1.7.7)
    com.unity.toolchain.win-x86_64-linux-x86_64@2.0.10 (location: /data1/chh/project/robosupport/software/sim/Rubble_Pile_Simulator/Library/PackageCache/com.unity.toolchain.win-x86_64-linux-x86_64@2.0.10)
    com.unity.visualscripting@1.9.4 (location: /data1/chh/project/robosupport/software/sim/Rubble_Pile_Simulator/Library/PackageCache/com.unity.visualscripting@1.9.4)
    com.unity.sysroot@2.0.10 (location: /data1/chh/project/robosupport/software/sim/Rubble_Pile_Simulator/Library/PackageCache/com.unity.sysroot@2.0.10)
    com.unity.sysroot.linux-x86_64@2.0.9 (location: /data1/chh/project/robosupport/software/sim/Rubble_Pile_Simulator/Library/PackageCache/com.unity.sysroot.linux-x86_64@2.0.9)
    com.unity.ext.nunit@1.0.6 (location: /data1/chh/project/robosupport/software/sim/Rubble_Pile_Simulator/Library/PackageCache/com.unity.ext.nunit@1.0.6)
    com.unity.editorcoroutines@1.0.0 (location: /data1/chh/project/robosupport/software/sim/Rubble_Pile_Simulator/Library/PackageCache/com.unity.editorcoroutines@1.0.0)
    com.unity.mathematics@1.2.6 (location: /data1/chh/project/robosupport/software/sim/Rubble_Pile_Simulator/Library/PackageCache/com.unity.mathematics@1.2.6)
    com.unity.burst@1.8.21 (location: /data1/chh/project/robosupport/software/sim/Rubble_Pile_Simulator/Library/PackageCache/com.unity.burst@1.8.21)
    com.unity.searcher@4.9.2 (location: /data1/chh/project/robosupport/software/sim/Rubble_Pile_Simulator/Library/PackageCache/com.unity.searcher@4.9.2)
  Built-in packages:
    com.unity.render-pipelines.universal@14.0.12 (location: /data1/chh/project/robosupport/software/sim/Rubble_Pile_Simulator/Library/PackageCache/com.unity.render-pipelines.universal@14.0.12)
    com.unity.ugui@1.0.0 (location: /data1/chh/project/robosupport/software/sim/Rubble_Pile_Simulator/Library/PackageCache/com.unity.ugui@1.0.0)
    com.unity.modules.ai@1.0.0 (location: /data1/chh/project/robosupport/software/sim/Rubble_Pile_Simulator/Library/PackageCache/com.unity.modules.ai@1.0.0)
    com.unity.modules.androidjni@1.0.0 (location: /data1/chh/project/robosupport/software/sim/Rubble_Pile_Simulator/Library/PackageCache/com.unity.modules.androidjni@1.0.0)
    com.unity.modules.animation@1.0.0 (location: /data1/chh/project/robosupport/software/sim/Rubble_Pile_Simulator/Library/PackageCache/com.unity.modules.animation@1.0.0)
    com.unity.modules.assetbundle@1.0.0 (location: /data1/chh/project/robosupport/software/sim/Rubble_Pile_Simulator/Library/PackageCache/com.unity.modules.assetbundle@1.0.0)
    com.unity.modules.audio@1.0.0 (location: /data1/chh/project/robosupport/software/sim/Rubble_Pile_Simulator/Library/PackageCache/com.unity.modules.audio@1.0.0)
    com.unity.modules.cloth@1.0.0 (location: /data1/chh/project/robosupport/software/sim/Rubble_Pile_Simulator/Library/PackageCache/com.unity.modules.cloth@1.0.0)
    com.unity.modules.director@1.0.0 (location: /data1/chh/project/robosupport/software/sim/Rubble_Pile_Simulator/Library/PackageCache/com.unity.modules.director@1.0.0)
    com.unity.modules.imageconversion@1.0.0 (location: /data1/chh/project/robosupport/software/sim/Rubble_Pile_Simulator/Library/PackageCache/com.unity.modules.imageconversion@1.0.0)
    com.unity.modules.imgui@1.0.0 (location: /data1/chh/project/robosupport/software/sim/Rubble_Pile_Simulator/Library/PackageCache/com.unity.modules.imgui@1.0.0)
    com.unity.modules.jsonserialize@1.0.0 (location: /data1/chh/project/robosupport/software/sim/Rubble_Pile_Simulator/Library/PackageCache/com.unity.modules.jsonserialize@1.0.0)
    com.unity.modules.particlesystem@1.0.0 (location: /data1/chh/project/robosupport/software/sim/Rubble_Pile_Simulator/Library/PackageCache/com.unity.modules.particlesystem@1.0.0)
    com.unity.modules.physics@1.0.0 (location: /data1/chh/project/robosupport/software/sim/Rubble_Pile_Simulator/Library/PackageCache/com.unity.modules.physics@1.0.0)
    com.unity.modules.physics2d@1.0.0 (location: /data1/chh/project/robosupport/software/sim/Rubble_Pile_Simulator/Library/PackageCache/com.unity.modules.physics2d@1.0.0)
    com.unity.modules.screencapture@1.0.0 (location: /data1/chh/project/robosupport/software/sim/Rubble_Pile_Simulator/Library/PackageCache/com.unity.modules.screencapture@1.0.0)
    com.unity.modules.terrain@1.0.0 (location: /data1/chh/project/robosupport/software/sim/Rubble_Pile_Simulator/Library/PackageCache/com.unity.modules.terrain@1.0.0)
    com.unity.modules.terrainphysics@1.0.0 (location: /data1/chh/project/robosupport/software/sim/Rubble_Pile_Simulator/Library/PackageCache/com.unity.modules.terrainphysics@1.0.0)
    com.unity.modules.tilemap@1.0.0 (location: /data1/chh/project/robosupport/software/sim/Rubble_Pile_Simulator/Library/PackageCache/com.unity.modules.tilemap@1.0.0)
    com.unity.modules.ui@1.0.0 (location: /data1/chh/project/robosupport/software/sim/Rubble_Pile_Simulator/Library/PackageCache/com.unity.modules.ui@1.0.0)
    com.unity.modules.uielements@1.0.0 (location: /data1/chh/project/robosupport/software/sim/Rubble_Pile_Simulator/Library/PackageCache/com.unity.modules.uielements@1.0.0)
    com.unity.modules.umbra@1.0.0 (location: /data1/chh/project/robosupport/software/sim/Rubble_Pile_Simulator/Library/PackageCache/com.unity.modules.umbra@1.0.0)
    com.unity.modules.unityanalytics@1.0.0 (location: /data1/chh/project/robosupport/software/sim/Rubble_Pile_Simulator/Library/PackageCache/com.unity.modules.unityanalytics@1.0.0)
    com.unity.modules.unitywebrequest@1.0.0 (location: /data1/chh/project/robosupport/software/sim/Rubble_Pile_Simulator/Library/PackageCache/com.unity.modules.unitywebrequest@1.0.0)
    com.unity.modules.unitywebrequestassetbundle@1.0.0 (location: /data1/chh/project/robosupport/software/sim/Rubble_Pile_Simulator/Library/PackageCache/com.unity.modules.unitywebrequestassetbundle@1.0.0)
    com.unity.modules.unitywebrequestaudio@1.0.0 (location: /data1/chh/project/robosupport/software/sim/Rubble_Pile_Simulator/Library/PackageCache/com.unity.modules.unitywebrequestaudio@1.0.0)
    com.unity.modules.unitywebrequesttexture@1.0.0 (location: /data1/chh/project/robosupport/software/sim/Rubble_Pile_Simulator/Library/PackageCache/com.unity.modules.unitywebrequesttexture@1.0.0)
    com.unity.modules.unitywebrequestwww@1.0.0 (location: /data1/chh/project/robosupport/software/sim/Rubble_Pile_Simulator/Library/PackageCache/com.unity.modules.unitywebrequestwww@1.0.0)
    com.unity.modules.vehicles@1.0.0 (location: /data1/chh/project/robosupport/software/sim/Rubble_Pile_Simulator/Library/PackageCache/com.unity.modules.vehicles@1.0.0)
    com.unity.modules.video@1.0.0 (location: /data1/chh/project/robosupport/software/sim/Rubble_Pile_Simulator/Library/PackageCache/com.unity.modules.video@1.0.0)
    com.unity.modules.vr@1.0.0 (location: /data1/chh/project/robosupport/software/sim/Rubble_Pile_Simulator/Library/PackageCache/com.unity.modules.vr@1.0.0)
    com.unity.modules.wind@1.0.0 (location: /data1/chh/project/robosupport/software/sim/Rubble_Pile_Simulator/Library/PackageCache/com.unity.modules.wind@1.0.0)
    com.unity.modules.xr@1.0.0 (location: /data1/chh/project/robosupport/software/sim/Rubble_Pile_Simulator/Library/PackageCache/com.unity.modules.xr@1.0.0)
    com.unity.modules.subsystems@1.0.0 (location: /data1/chh/project/robosupport/software/sim/Rubble_Pile_Simulator/Library/PackageCache/com.unity.modules.subsystems@1.0.0)
    com.unity.render-pipelines.core@14.0.12 (location: /data1/chh/project/robosupport/software/sim/Rubble_Pile_Simulator/Library/PackageCache/com.unity.render-pipelines.core@14.0.12)
    com.unity.shadergraph@14.0.12 (location: /data1/chh/project/robosupport/software/sim/Rubble_Pile_Simulator/Library/PackageCache/com.unity.shadergraph@14.0.12)
    com.unity.render-pipelines.universal-config@14.0.10 (location: /data1/chh/project/robosupport/software/sim/Rubble_Pile_Simulator/Library/PackageCache/com.unity.render-pipelines.universal-config@14.0.10)
  Git packages:
    com.unity.robotics.ros-tcp-connector@https://github.com/Unity-Technologies/ROS-TCP-Connector.git?path=/com.unity.robotics.ros-tcp-connector (location: /data1/chh/project/robosupport/software/sim/Rubble_Pile_Simulator/Library/PackageCache/com.unity.robotics.ros-tcp-connector@c27f00c6cf)
    com.unity.robotics.urdf-importer@https://github.com/Unity-Technologies/URDF-Importer.git?path=/com.unity.robotics.urdf-importer (location: /data1/chh/project/robosupport/software/sim/Rubble_Pile_Simulator/Library/PackageCache/com.unity.robotics.urdf-importer@90f353e435)
    moe.meryuhi.effects.fog@https://github.com/meryuhi/URPFog.git?path=Packages/Fog#urp14 (location: /data1/chh/project/robosupport/software/sim/Rubble_Pile_Simulator/Library/PackageCache/moe.meryuhi.effects.fog@dbc32b61ef)
ALSA lib confmisc.c:855:(parse_card) cannot find card '0'
ALSA lib conf.c:5182:(_snd_config_evaluate) function snd_func_card_inum returned error: No such file or directory
ALSA lib confmisc.c:422:(snd_func_concat) error evaluating strings
ALSA lib conf.c:5182:(_snd_config_evaluate) function snd_func_concat returned error: No such file or directory
ALSA lib confmisc.c:1334:(snd_func_refer) error evaluating name
ALSA lib conf.c:5182:(_snd_config_evaluate) function snd_func_refer returned error: No such file or directory
ALSA lib conf.c:5705:(snd_config_expand) Evaluate error: No such file or directory
ALSA lib pcm.c:2664:(snd_pcm_open_noupdate) Unknown PCM default
FMOD failed to initialize the output device.: "Error initializing output device. " (60)
Forced to initialize FMOD to to the device driver's system output rate 48000, this may impact performance and/or give inconsistent experiences compared to selected sample rate 48000
ALSA lib confmisc.c:855:(parse_card) cannot find card '0'
ALSA lib conf.c:5182:(_snd_config_evaluate) function snd_func_card_inum returned error: No such file or directory
ALSA lib confmisc.c:422:(snd_func_concat) error evaluating strings
ALSA lib conf.c:5182:(_snd_config_evaluate) function snd_func_concat returned error: No such file or directory
ALSA lib confmisc.c:1334:(snd_func_refer) error evaluating name
ALSA lib conf.c:5182:(_snd_config_evaluate) function snd_func_refer returned error: No such file or directory
ALSA lib conf.c:5705:(snd_config_expand) Evaluate error: No such file or directory
ALSA lib pcm.c:2664:(snd_pcm_open_noupdate) Unknown PCM default
FMOD failed to initialize the output device.: "Error initializing output device. " (60)
FMOD initialized on nosound output
[Subsystems] No new subsystems found in resolved package list.
Package Manager log level set to [2]
[Package Manager] Done registering packages in 0.04 seconds
Refreshing native plugins compatible for Editor in 2.81 ms, found 3 plugins.
Preloading 0 native plugins for Editor in 0.00 ms.
Initialize engine version: 2022.3.62f2 (7670c08855a9)
[Subsystems] Discovering subsystems at path /data1/chh/dependency/unity/2022.3.62f2/Editor/Data/Resources/UnitySubsystems
[Subsystems] Discovering subsystems at path /data1/chh/project/robosupport/software/sim/Rubble_Pile_Simulator/Assets
Forcing GfxDevice: Vulkan
GfxDevice: creating device client; threaded=0; jobified=0
[vulkan] LoadVulkanLibrary libvulkan.so.1[vulkan] Loaded instance function vkGetInstanceProcAddr
[vulkan] Loaded instance function vkGetInstanceProcAddr
[vulkan] Loaded instance function vkCreateInstance
[vulkan] Loaded instance function vkEnumerateInstanceExtensionProperties
[vulkan] Loaded instance function vkEnumerateInstanceLayerProperties
[vulkan] Loaded instance function vkEnumerateInstanceVersion
[Vulkan init] extensions: count=20
[Vulkan init] extensions: name=VK_EXT_acquire_drm_display [enabled=0, external=0]
[Vulkan init] extensions: name=VK_EXT_acquire_xlib_display [enabled=0, external=0]
[Vulkan init] extensions: name=VK_EXT_debug_report [enabled=0, external=0]
[Vulkan init] extensions: name=VK_EXT_debug_utils [enabled=1, external=0]
[Vulkan init] extensions: name=VK_EXT_direct_mode_display [enabled=0, external=0]
[Vulkan init] extensions: name=VK_EXT_display_surface_counter [enabled=0, external=0]
[Vulkan init] extensions: name=VK_EXT_swapchain_colorspace [enabled=1, external=0]
[Vulkan init] extensions: name=VK_KHR_device_group_creation [enabled=0, external=0]
[Vulkan init] extensions: name=VK_KHR_display [enabled=1, external=0]
[Vulkan init] extensions: name=VK_KHR_external_fence_capabilities [enabled=1, external=0]
[Vulkan init] extensions: name=VK_KHR_external_memory_capabilities [enabled=1, external=0]
[Vulkan init] extensions: name=VK_KHR_external_semaphore_capabilities [enabled=1, external=0]
[Vulkan init] extensions: name=VK_KHR_get_display_properties2 [enabled=0, external=0]
[Vulkan init] extensions: name=VK_KHR_get_physical_device_properties2 [enabled=1, external=0]
[Vulkan init] extensions: name=VK_KHR_get_surface_capabilities2 [enabled=0, external=0]
[Vulkan init] extensions: name=VK_KHR_surface [enabled=1, external=0]
[Vulkan init] extensions: name=VK_KHR_surface_protected_capabilities [enabled=0, external=0]
[Vulkan init] extensions: name=VK_KHR_wayland_surface [enabled=1, external=0]
[Vulkan init] extensions: name=VK_KHR_xcb_surface [enabled=0, external=0]
[Vulkan init] extensions: name=VK_KHR_xlib_surface [enabled=1, external=0]
[vulkan] Loaded instance function vkDestroyInstance
[vulkan] Loaded instance function vkGetPhysicalDeviceProperties
[vulkan] Loaded instance function vkEnumeratePhysicalDevices
Vulkan detection: 2
[Vulkan init] extensions: count=20
[Vulkan init] extensions: name=VK_EXT_acquire_drm_display [enabled=0, external=0]
[Vulkan init] extensions: name=VK_EXT_acquire_xlib_display [enabled=0, external=0]
[Vulkan init] extensions: name=VK_EXT_debug_report [enabled=0, external=0]
[Vulkan init] extensions: name=VK_EXT_debug_utils [enabled=1, external=0]
[Vulkan init] extensions: name=VK_EXT_direct_mode_display [enabled=0, external=0]
[Vulkan init] extensions: name=VK_EXT_display_surface_counter [enabled=0, external=0]
[Vulkan init] extensions: name=VK_EXT_swapchain_colorspace [enabled=1, external=0]
[Vulkan init] extensions: name=VK_KHR_device_group_creation [enabled=0, external=0]
[Vulkan init] extensions: name=VK_KHR_display [enabled=1, external=0]
[Vulkan init] extensions: name=VK_KHR_external_fence_capabilities [enabled=1, external=0]
[Vulkan init] extensions: name=VK_KHR_external_memory_capabilities [enabled=1, external=0]
[Vulkan init] extensions: name=VK_KHR_external_semaphore_capabilities [enabled=1, external=0]
[Vulkan init] extensions: name=VK_KHR_get_display_properties2 [enabled=0, external=0]
[Vulkan init] extensions: name=VK_KHR_get_physical_device_properties2 [enabled=1, external=0]
[Vulkan init] extensions: name=VK_KHR_get_surface_capabilities2 [enabled=0, external=0]
[Vulkan init] extensions: name=VK_KHR_surface [enabled=1, external=0]
[Vulkan init] extensions: name=VK_KHR_surface_protected_capabilities [enabled=0, external=0]
[Vulkan init] extensions: name=VK_KHR_wayland_surface [enabled=1, external=0]
[Vulkan init] extensions: name=VK_KHR_xcb_surface [enabled=0, external=0]
[Vulkan init] extensions: name=VK_KHR_xlib_surface [enabled=1, external=0]
[vulkan] Loaded instance function vkDestroyInstance
[vulkan] Loaded instance function vkGetPhysicalDeviceProperties
[vulkan] Loaded instance function vkEnumeratePhysicalDevices
[vulkan] Loaded instance function vkGetDeviceProcAddr
[vulkan] Loaded instance function vkGetPhysicalDeviceFeatures
[vulkan] Loaded instance function vkGetPhysicalDeviceFormatProperties
[vulkan] Loaded instance function vkGetPhysicalDeviceImageFormatProperties
[vulkan] Loaded instance function vkGetPhysicalDeviceQueueFamilyProperties
[vulkan] Loaded instance function vkGetPhysicalDeviceMemoryProperties
[vulkan] Loaded instance function vkCreateDevice
[vulkan] Loaded instance function vkEnumerateDeviceExtensionProperties
[vulkan] Loaded instance function vkEnumerateDeviceLayerProperties
[vulkan] Loaded instance function vkGetPhysicalDeviceSparseImageFormatProperties
[vulkan] Loaded instance function vkDestroySurfaceKHR
[vulkan] Loaded instance function vkGetPhysicalDeviceSurfaceSupportKHR
[vulkan] Loaded instance function vkGetPhysicalDeviceSurfaceCapabilitiesKHR
[vulkan] Loaded instance function vkGetPhysicalDeviceSurfaceFormatsKHR
[vulkan] Loaded instance function vkGetPhysicalDeviceSurfacePresentModesKHR
[vulkan] Loaded instance function vkCreateSwapchainKHR
[vulkan] Loaded instance function vkDestroySwapchainKHR
[vulkan] Loaded instance function vkGetSwapchainImagesKHR
[vulkan] Loaded instance function vkAcquireNextImageKHR
[vulkan] Loaded instance function vkQueuePresentKHR
[vulkan] Loaded instance function vkGetPhysicalDeviceDisplayPropertiesKHR
[vulkan] Loaded instance function vkGetPhysicalDeviceDisplayPlanePropertiesKHR
[vulkan] Loaded instance function vkGetDisplayPlaneSupportedDisplaysKHR
[vulkan] Loaded instance function vkGetDisplayModePropertiesKHR
[vulkan] Loaded instance function vkCreateDisplayModeKHR
[vulkan] Loaded instance function vkGetDisplayPlaneCapabilitiesKHR
[vulkan] Loaded instance function vkCreateDisplayPlaneSurfaceKHR
[vulkan] Loaded instance function vkCreateSharedSwapchainsKHR
[vulkan] Loaded instance function vkCreateXlibSurfaceKHR
[vulkan] Loaded instance function vkGetPhysicalDeviceXlibPresentationSupportKHR
[vulkan] Loaded instance function vkSetHdrMetadataEXT
[vulkan] Loaded instance function vkGetPhysicalDeviceFeatures2KHR
[vulkan] Loaded instance function vkGetPhysicalDeviceProperties2KHR
[vulkan] Loaded instance function vkGetPhysicalDeviceFormatProperties2KHR
[vulkan] Loaded instance function vkGetPhysicalDeviceImageFormatProperties2KHR
[vulkan] Loaded instance function vkGetPhysicalDeviceQueueFamilyProperties2KHR
[vulkan] Loaded instance function vkGetPhysicalDeviceMemoryProperties2KHR
[vulkan] Loaded instance function vkGetPhysicalDeviceSparseImageFormatProperties2KHR
[vulkan] Loaded instance function vkGetSemaphoreFdKHR
[vulkan] Loaded instance function vkImportSemaphoreFdKHR
[vulkan] Loaded instance function vkGetFenceFdKHR
[vulkan] Loaded instance function vkImportFenceFdKHR
[vulkan] Loaded instance function vkCreateSamplerYcbcrConversionKHR
[vulkan] Loaded instance function vkDestroySamplerYcbcrConversionKHR
[vulkan] Loaded instance function vkBindBufferMemory2KHR
[vulkan] Loaded instance function vkBindImageMemory2KHR
[vulkan] Loaded instance function vkGetPhysicalDeviceExternalSemaphorePropertiesKHR
[vulkan] Loaded instance function vkGetPhysicalDeviceExternalFencePropertiesKHR
[vulkan] Loaded instance function vkGetPhysicalDeviceFragmentShadingRatesKHR
[vulkan] Loaded instance function vkSetDebugUtilsObjectNameEXT
[vulkan] Loaded instance function vkSetDebugUtilsObjectTagEXT
[vulkan] Loaded instance function vkQueueBeginDebugUtilsLabelEXT
[vulkan] Loaded instance function vkQueueEndDebugUtilsLabelEXT
[vulkan] Loaded instance function vkQueueInsertDebugUtilsLabelEXT
[vulkan] Loaded instance function vkCmdBeginDebugUtilsLabelEXT
[vulkan] Loaded instance function vkCmdEndDebugUtilsLabelEXT
[vulkan] Loaded instance function vkCmdInsertDebugUtilsLabelEXT
[Vulkan init] SelectPhysicalDevice requestedDeviceIndex=-1 xrDevice=(nil)
[Vulkan init] Physical Device 0x55fe8c4ef5d0 [0]: "NVIDIA A800-SXM4-80GB" deviceType=2 vendorID=10de deviceID=20f3
[Vulkan init] Physical Device 0x55fe8c4ef600 [1]: "llvmpipe (LLVM 15.0.7, 256 bits)" deviceType=4 vendorID=10005 deviceID=0
[Vulkan init] Physical Device 0x55fe8c4ef630 [2]: "NVIDIA A800-SXM4-80GB" deviceType=2 vendorID=10de deviceID=20f3
[Vulkan init] Physical Device 0x55fe8c4ef660 [3]: "NVIDIA A800-SXM4-80GB" deviceType=2 vendorID=10de deviceID=20f3
[Vulkan init] Physical Device 0x55fe8c4e2740 [4]: "NVIDIA A800-SXM4-80GB" deviceType=2 vendorID=10de deviceID=20f3
[Vulkan init] Physical Device 0x55fe8c4e2770 [5]: "NVIDIA A800-SXM4-80GB" deviceType=2 vendorID=10de deviceID=20f3
[Vulkan init] Physical Device 0x55fe8c4e27a0 [6]: "NVIDIA A800-SXM4-80GB" deviceType=2 vendorID=10de deviceID=20f3
[Vulkan init] Physical Device 0x55fe8c4e27d0 [7]: "NVIDIA A800-SXM4-80GB" deviceType=2 vendorID=10de deviceID=20f3
[Vulkan init] Physical Device 0x55fe8c4e2800 [8]: "NVIDIA A800-SXM4-80GB" deviceType=2 vendorID=10de deviceID=20f3
[Vulkan init] Selected physical device 0x55fe8c4ef5d0
[Vulkan init] Graphics queue count=1
[Vulkan init] extensions: count=264
[Vulkan init] extensions: name=VK_AMD_buffer_marker [enabled=0, external=0]
[Vulkan init] extensions: name=VK_EXT_4444_formats [enabled=1, external=0]
[Vulkan init] extensions: name=VK_EXT_attachment_feedback_loop_dynamic_state [enabled=0, external=0]
[Vulkan init] extensions: name=VK_EXT_attachment_feedback_loop_layout [enabled=0, external=0]
[Vulkan init] extensions: name=VK_EXT_blend_operation_advanced [enabled=0, external=0]
[Vulkan init] extensions: name=VK_EXT_border_color_swizzle [enabled=0, external=0]
[Vulkan init] extensions: name=VK_EXT_buffer_device_address [enabled=0, external=0]
[Vulkan init] extensions: name=VK_EXT_calibrated_timestamps [enabled=0, external=0]
[Vulkan init] extensions: name=VK_EXT_color_write_enable [enabled=0, external=0]
[Vulkan init] extensions: name=VK_EXT_conditional_rendering [enabled=0, external=0]
[Vulkan init] extensions: name=VK_EXT_conservative_rasterization [enabled=1, external=0]
[Vulkan init] extensions: name=VK_EXT_custom_border_color [enabled=0, external=0]
[Vulkan init] extensions: name=VK_EXT_custom_resolve [enabled=0, external=0]
[Vulkan init] extensions: name=VK_EXT_depth_bias_control [enabled=0, external=0]
[Vulkan init] extensions: name=VK_EXT_depth_clamp_control [enabled=0, external=0]
[Vulkan init] extensions: name=VK_EXT_depth_clamp_zero_one [enabled=0, external=0]
[Vulkan init] extensions: name=VK_EXT_depth_clip_control [enabled=0, external=0]
[Vulkan init] extensions: name=VK_EXT_depth_clip_enable [enabled=0, external=0]
[Vulkan init] extensions: name=VK_EXT_depth_range_unrestricted [enabled=0, external=0]
[Vulkan init] extensions: name=VK_EXT_descriptor_buffer [enabled=0, external=0]
[Vulkan init] extensions: name=VK_EXT_descriptor_heap [enabled=0, external=0]
[Vulkan init] extensions: name=VK_EXT_descriptor_indexing [enabled=0, external=0]
[Vulkan init] extensions: name=VK_EXT_device_address_binding_report [enabled=0, external=0]
[Vulkan init] extensions: name=VK_EXT_device_fault [enabled=0, external=0]
[Vulkan init] extensions: name=VK_EXT_device_generated_commands [enabled=0, external=0]
[Vulkan init] extensions: name=VK_EXT_discard_rectangles [enabled=0, external=0]
[Vulkan init] extensions: name=VK_EXT_display_control [enabled=0, external=0]
[Vulkan init] extensions: name=VK_EXT_dynamic_rendering_unused_attachments [enabled=0, external=0]
[Vulkan init] extensions: name=VK_EXT_extended_dynamic_state [enabled=0, external=0]
[Vulkan init] extensions: name=VK_EXT_extended_dynamic_state2 [enabled=0, external=0]
[Vulkan init] extensions: name=VK_EXT_extended_dynamic_state3 [enabled=0, external=0]
[Vulkan init] extensions: name=VK_EXT_external_memory_host [enabled=1, external=0]
[Vulkan init] extensions: name=VK_EXT_fragment_shader_interlock [enabled=0, external=0]
[Vulkan init] extensions: name=VK_EXT_global_priority [enabled=0, external=0]
[Vulkan init] extensions: name=VK_EXT_global_priority_query [enabled=0, external=0]
[Vulkan init] extensions: name=VK_EXT_graphics_pipeline_library [enabled=0, external=0]
[Vulkan init] extensions: name=VK_EXT_hdr_metadata [enabled=1, external=0]
[Vulkan init] extensions: name=VK_EXT_host_image_copy [enabled=0, external=0]
[Vulkan init] extensions: name=VK_EXT_host_query_reset [enabled=0, external=0]
[Vulkan init] extensions: name=VK_EXT_image_2d_view_of_3d [enabled=0, external=0]
[Vulkan init] extensions: name=VK_EXT_image_drm_format_modifier [enabled=0, external=0]
[Vulkan init] extensions: name=VK_EXT_image_robustness [enabled=0, external=0]
[Vulkan init] extensions: name=VK_EXT_image_sliced_view_of_3d [enabled=0, external=0]
[Vulkan init] extensions: name=VK_EXT_image_view_min_lod [enabled=0, external=0]
[Vulkan init] extensions: name=VK_EXT_index_type_uint8 [enabled=0, external=0]
[Vulkan init] extensions: name=VK_EXT_inline_uniform_block [enabled=0, external=0]
[Vulkan init] extensions: name=VK_EXT_legacy_vertex_attributes [enabled=0, external=0]
[Vulkan init] extensions: name=VK_EXT_line_rasterization [enabled=0, external=0]
[Vulkan init] extensions: name=VK_EXT_load_store_op_none [enabled=1, external=0]
[Vulkan init] extensions: name=VK_EXT_map_memory_placed [enabled=0, external=0]
[Vulkan init] extensions: name=VK_EXT_memory_budget [enabled=1, external=0]
[Vulkan init] extensions: name=VK_EXT_memory_decompression [enabled=0, external=0]
[Vulkan init] extensions: name=VK_EXT_memory_priority [enabled=1, external=0]
[Vulkan init] extensions: name=VK_EXT_mesh_shader [enabled=0, external=0]
[Vulkan init] extensions: name=VK_EXT_multi_draw [enabled=0, external=0]
[Vulkan init] extensions: name=VK_EXT_mutable_descriptor_type [enabled=0, external=0]
[Vulkan init] extensions: name=VK_EXT_nested_command_buffer [enabled=0, external=0]
[Vulkan init] extensions: name=VK_EXT_non_seamless_cube_map [enabled=0, external=0]
[Vulkan init] extensions: name=VK_EXT_pageable_device_local_memory [enabled=0, external=0]
[Vulkan init] extensions: name=VK_EXT_pci_bus_info [enabled=0, external=0]
[Vulkan init] extensions: name=VK_EXT_physical_device_drm [enabled=0, external=0]
[Vulkan init] extensions: name=VK_EXT_pipeline_creation_cache_control [enabled=0, external=0]
[Vulkan init] extensions: name=VK_EXT_pipeline_creation_feedback [enabled=0, external=0]
[Vulkan init] extensions: name=VK_EXT_pipeline_library_group_handles [enabled=0, external=0]
[Vulkan init] extensions: name=VK_EXT_pipeline_robustness [enabled=0, external=0]
[Vulkan init] extensions: name=VK_EXT_post_depth_coverage [enabled=0, external=0]
[Vulkan init] extensions: name=VK_EXT_present_mode_fifo_latest_ready [enabled=0, external=0]
[Vulkan init] extensions: name=VK_EXT_present_timing [enabled=0, external=0]
[Vulkan init] extensions: name=VK_EXT_primitive_topology_list_restart [enabled=0, external=0]
[Vulkan init] extensions: name=VK_EXT_primitives_generated_query [enabled=0, external=0]
[Vulkan init] extensions: name=VK_EXT_private_data [enabled=0, external=0]
[Vulkan init] extensions: name=VK_EXT_provoking_vertex [enabled=0, external=0]
[Vulkan init] extensions: name=VK_EXT_queue_family_foreign [enabled=1, external=0]
[Vulkan init] extensions: name=VK_EXT_ray_tracing_invocation_reorder [enabled=0, external=0]
[Vulkan init] extensions: name=VK_EXT_robustness2 [enabled=0, external=0]
[Vulkan init] extensions: name=VK_EXT_sample_locations [enabled=0, external=0]
[Vulkan init] extensions: name=VK_EXT_sampler_filter_minmax [enabled=0, external=0]
[Vulkan init] extensions: name=VK_EXT_scalar_block_layout [enabled=1, external=0]
[Vulkan init] extensions: name=VK_EXT_separate_stencil_usage [enabled=0, external=0]
[Vulkan init] extensions: name=VK_EXT_shader_64bit_indexing [enabled=0, external=0]
[Vulkan init] extensions: name=VK_EXT_shader_atomic_float [enabled=0, external=0]
[Vulkan init] extensions: name=VK_EXT_shader_demote_to_helper_invocation [enabled=0, external=0]
[Vulkan init] extensions: name=VK_EXT_shader_image_atomic_int64 [enabled=0, external=0]
[Vulkan init] extensions: name=VK_EXT_shader_long_vector [enabled=0, external=0]
[Vulkan init] extensions: name=VK_EXT_shader_module_identifier [enabled=0, external=0]
[Vulkan init] extensions: name=VK_EXT_shader_object [enabled=0, external=0]
[Vulkan init] extensions: name=VK_EXT_shader_replicated_composites [enabled=0, external=0]
[Vulkan init] extensions: name=VK_EXT_shader_subgroup_ballot [enabled=0, external=0]
[Vulkan init] extensions: name=VK_EXT_shader_subgroup_partitioned [enabled=0, external=0]
[Vulkan init] extensions: name=VK_EXT_shader_subgroup_vote [enabled=0, external=0]
[Vulkan init] extensions: name=VK_EXT_shader_uniform_buffer_unsized_array [enabled=0, external=0]
[Vulkan init] extensions: name=VK_EXT_shader_viewport_index_layer [enabled=1, external=0]
[Vulkan init] extensions: name=VK_EXT_subgroup_size_control [enabled=0, external=0]
[Vulkan init] extensions: name=VK_EXT_swapchain_maintenance1 [enabled=0, external=0]
[Vulkan init] extensions: name=VK_EXT_texel_buffer_alignment [enabled=0, external=0]
[Vulkan init] extensions: name=VK_EXT_tooling_info [enabled=0, external=0]
[Vulkan init] extensions: name=VK_EXT_transform_feedback [enabled=0, external=0]
[Vulkan init] extensions: name=VK_EXT_vertex_attribute_divisor [enabled=0, external=0]
[Vulkan init] extensions: name=VK_EXT_vertex_attribute_robustness [enabled=0, external=0]
[Vulkan init] extensions: name=VK_EXT_vertex_input_dynamic_state [enabled=0, external=0]
[Vulkan init] extensions: name=VK_EXT_ycbcr_2plane_444_formats [enabled=0, external=0]
[Vulkan init] extensions: name=VK_EXT_ycbcr_image_arrays [enabled=0, external=0]
[Vulkan init] extensions: name=VK_EXT_zero_initialize_device_memory [enabled=0, external=0]
[Vulkan init] extensions: name=VK_GOOGLE_hlsl_functionality1 [enabled=0, external=0]
[Vulkan init] extensions: name=VK_GOOGLE_user_type [enabled=0, external=0]
[Vulkan init] extensions: name=VK_KHR_16bit_storage [enabled=1, external=0]
[Vulkan init] extensions: name=VK_KHR_8bit_storage [enabled=0, external=0]
[Vulkan init] extensions: name=VK_KHR_acceleration_structure [enabled=0, external=0]
[Vulkan init] extensions: name=VK_KHR_bind_memory2 [enabled=1, external=0]
[Vulkan init] extensions: name=VK_KHR_buffer_device_address [enabled=0, external=0]
[Vulkan init] extensions: name=VK_KHR_calibrated_timestamps [enabled=0, external=0]
[Vulkan init] extensions: name=VK_KHR_compute_shader_derivatives [enabled=0, external=0]
[Vulkan init] extensions: name=VK_KHR_cooperative_matrix [enabled=0, external=0]
[Vulkan init] extensions: name=VK_KHR_copy_commands2 [enabled=0, external=0]
[Vulkan init] extensions: name=VK_KHR_copy_memory_indirect [enabled=0, external=0]
[Vulkan init] extensions: name=VK_KHR_create_renderpass2 [enabled=1, external=0]
[Vulkan init] extensions: name=VK_KHR_dedicated_allocation [enabled=1, external=0]
[Vulkan init] extensions: name=VK_KHR_deferred_host_operations [enabled=0, external=0]
[Vulkan init] extensions: name=VK_KHR_depth_clamp_zero_one [enabled=0, external=0]
[Vulkan init] extensions: name=VK_KHR_depth_stencil_resolve [enabled=1, external=0]
[Vulkan init] extensions: name=VK_KHR_descriptor_update_template [enabled=1, external=0]
[Vulkan init] extensions: name=VK_KHR_device_group [enabled=0, external=0]
[Vulkan init] extensions: name=VK_KHR_draw_indirect_count [enabled=0, external=0]
[Vulkan init] extensions: name=VK_KHR_driver_properties [enabled=1, external=0]
[Vulkan init] extensions: name=VK_KHR_dynamic_rendering [enabled=0, external=0]
[Vulkan init] extensions: name=VK_KHR_dynamic_rendering_local_read [enabled=0, external=0]
[Vulkan init] extensions: name=VK_KHR_external_fence [enabled=1, external=0]
[Vulkan init] extensions: name=VK_KHR_external_fence_fd [enabled=1, external=0]
[Vulkan init] extensions: name=VK_KHR_external_memory [enabled=1, external=0]
[Vulkan init] extensions: name=VK_KHR_external_memory_fd [enabled=1, external=0]
[Vulkan init] extensions: name=VK_KHR_external_semaphore [enabled=1, external=0]
[Vulkan init] extensions: name=VK_KHR_external_semaphore_fd [enabled=1, external=0]
[Vulkan init] extensions: name=VK_KHR_format_feature_flags2 [enabled=0, external=0]
[Vulkan init] extensions: name=VK_KHR_fragment_shader_barycentric [enabled=0, external=0]
[Vulkan init] extensions: name=VK_KHR_fragment_shading_rate [enabled=1, external=0]
[Vulkan init] extensions: name=VK_KHR_get_memory_requirements2 [enabled=1, external=0]
[Vulkan init] extensions: name=VK_KHR_global_priority [enabled=0, external=0]
[Vulkan init] extensions: name=VK_KHR_image_format_list [enabled=1, external=0]
[Vulkan init] extensions: name=VK_KHR_imageless_framebuffer [enabled=0, external=0]
[Vulkan init] extensions: name=VK_KHR_incremental_present [enabled=0, external=0]
[Vulkan init] extensions: name=VK_KHR_index_type_uint8 [enabled=0, external=0]
[Vulkan init] extensions: name=VK_KHR_internally_synchronized_queues [enabled=0, external=0]
[Vulkan init] extensions: name=VK_KHR_line_rasterization [enabled=0, external=0]
[Vulkan init] extensions: name=VK_KHR_load_store_op_none [enabled=0, external=0]
[Vulkan init] extensions: name=VK_KHR_maintenance1 [enabled=1, external=0]
[Vulkan init] extensions: name=VK_KHR_maintenance10 [enabled=0, external=0]
[Vulkan init] extensions: name=VK_KHR_maintenance2 [enabled=1, external=0]
[Vulkan init] extensions: name=VK_KHR_maintenance3 [enabled=0, external=0]
[Vulkan init] extensions: name=VK_KHR_maintenance4 [enabled=0, external=0]
[Vulkan init] extensions: name=VK_KHR_maintenance5 [enabled=0, external=0]
[Vulkan init] extensions: name=VK_KHR_maintenance6 [enabled=0, external=0]
[Vulkan init] extensions: name=VK_KHR_maintenance7 [enabled=0, external=0]
[Vulkan init] extensions: name=VK_KHR_maintenance8 [enabled=0, external=0]
[Vulkan init] extensions: name=VK_KHR_maintenance9 [enabled=0, external=0]
[Vulkan init] extensions: name=VK_KHR_map_memory2 [enabled=0, external=0]
[Vulkan init] extensions: name=VK_KHR_multiview [enabled=1, external=0]
[Vulkan init] extensions: name=VK_KHR_pipeline_binary [enabled=0, external=0]
[Vulkan init] extensions: name=VK_KHR_pipeline_executable_properties [enabled=0, external=0]
[Vulkan init] extensions: name=VK_KHR_pipeline_library [enabled=0, external=0]
[Vulkan init] extensions: name=VK_KHR_present_id [enabled=1, external=0]
[Vulkan init] extensions: name=VK_KHR_present_id2 [enabled=0, external=0]
[Vulkan init] extensions: name=VK_KHR_present_mode_fifo_latest_ready [enabled=0, external=0]
[Vulkan init] extensions: name=VK_KHR_present_wait [enabled=1, external=0]
[Vulkan init] extensions: name=VK_KHR_present_wait2 [enabled=0, external=0]
[Vulkan init] extensions: name=VK_KHR_push_descriptor [enabled=0, external=0]
[Vulkan init] extensions: name=VK_KHR_ray_tracing_maintenance1 [enabled=0, external=0]
[Vulkan init] extensions: name=VK_KHR_ray_tracing_pipeline [enabled=0, external=0]
[Vulkan init] extensions: name=VK_KHR_relaxed_block_layout [enabled=0, external=0]
[Vulkan init] extensions: name=VK_KHR_robustness2 [enabled=0, external=0]
[Vulkan init] extensions: name=VK_KHR_sampler_mirror_clamp_to_edge [enabled=1, external=0]
[Vulkan init] extensions: name=VK_KHR_sampler_ycbcr_conversion [enabled=1, external=0]
[Vulkan init] extensions: name=VK_KHR_separate_depth_stencil_layouts [enabled=0, external=0]
[Vulkan init] extensions: name=VK_KHR_shader_atomic_int64 [enabled=1, external=0]
[Vulkan init] extensions: name=VK_KHR_shader_bfloat16 [enabled=0, external=0]
[Vulkan init] extensions: name=VK_KHR_shader_clock [enabled=0, external=0]
[Vulkan init] extensions: name=VK_KHR_shader_draw_parameters [enabled=0, external=0]
[Vulkan init] extensions: name=VK_KHR_shader_expect_assume [enabled=0, external=0]
[Vulkan init] extensions: name=VK_KHR_shader_float16_int8 [enabled=1, external=0]
[Vulkan init] extensions: name=VK_KHR_shader_float_controls [enabled=0, external=0]
[Vulkan init] extensions: name=VK_KHR_shader_float_controls2 [enabled=0, external=0]
[Vulkan init] extensions: name=VK_KHR_shader_fma [enabled=0, external=0]
[Vulkan init] extensions: name=VK_KHR_shader_integer_dot_product [enabled=0, external=0]
[Vulkan init] extensions: name=VK_KHR_shader_maximal_reconvergence [enabled=0, external=0]
[Vulkan init] extensions: name=VK_KHR_shader_non_semantic_info [enabled=1, external=0]
[Vulkan init] extensions: name=VK_KHR_shader_quad_control [enabled=0, external=0]
[Vulkan init] extensions: name=VK_KHR_shader_relaxed_extended_instruction [enabled=0, external=0]
[Vulkan init] extensions: name=VK_KHR_shader_subgroup_extended_types [enabled=0, external=0]
[Vulkan init] extensions: name=VK_KHR_shader_subgroup_rotate [enabled=0, external=0]
[Vulkan init] extensions: name=VK_KHR_shader_subgroup_uniform_control_flow [enabled=0, external=0]
[Vulkan init] extensions: name=VK_KHR_shader_terminate_invocation [enabled=0, external=0]
[Vulkan init] extensions: name=VK_KHR_shader_untyped_pointers [enabled=0, external=0]
[Vulkan init] extensions: name=VK_KHR_shared_presentable_image [enabled=0, external=0]
[Vulkan init] extensions: name=VK_KHR_spirv_1_4 [enabled=0, external=0]
[Vulkan init] extensions: name=VK_KHR_storage_buffer_storage_class [enabled=1, external=0]
[Vulkan init] extensions: name=VK_KHR_swapchain [enabled=1, external=0]
[Vulkan init] extensions: name=VK_KHR_swapchain_maintenance1 [enabled=0, external=0]
[Vulkan init] extensions: name=VK_KHR_swapchain_mutable_format [enabled=1, external=0]
[Vulkan init] extensions: name=VK_KHR_synchronization2 [enabled=0, external=0]
[Vulkan init] extensions: name=VK_KHR_timeline_semaphore [enabled=0, external=0]
[Vulkan init] extensions: name=VK_KHR_unified_image_layouts [enabled=0, external=0]
[Vulkan init] extensions: name=VK_KHR_uniform_buffer_standard_layout [enabled=0, external=0]
[Vulkan init] extensions: name=VK_KHR_variable_pointers [enabled=0, external=0]
[Vulkan init] extensions: name=VK_KHR_vertex_attribute_divisor [enabled=0, external=0]
[Vulkan init] extensions: name=VK_KHR_video_decode_h264 [enabled=0, external=0]
[Vulkan init] extensions: name=VK_KHR_video_decode_h265 [enabled=0, external=0]
[Vulkan init] extensions: name=VK_KHR_video_decode_queue [enabled=0, external=0]
[Vulkan init] extensions: name=VK_KHR_video_decode_vp9 [enabled=0, external=0]
[Vulkan init] extensions: name=VK_KHR_video_maintenance1 [enabled=0, external=0]
[Vulkan init] extensions: name=VK_KHR_video_maintenance2 [enabled=0, external=0]
[Vulkan init] extensions: name=VK_KHR_video_queue [enabled=0, external=0]
[Vulkan init] extensions: name=VK_KHR_vulkan_memory_model [enabled=0, external=0]
[Vulkan init] extensions: name=VK_KHR_workgroup_memory_explicit_layout [enabled=0, external=0]
[Vulkan init] extensions: name=VK_KHR_zero_initialize_workgroup_memory [enabled=0, external=0]
[Vulkan init] extensions: name=VK_NVX_binary_import [enabled=0, external=0]
[Vulkan init] extensions: name=VK_NVX_image_view_handle [enabled=0, external=0]
[Vulkan init] extensions: name=VK_NVX_multiview_per_view_attributes [enabled=0, external=0]
[Vulkan init] extensions: name=VK_NV_clip_space_w_scaling [enabled=0, external=0]
[Vulkan init] extensions: name=VK_NV_compute_shader_derivatives [enabled=0, external=0]
[Vulkan init] extensions: name=VK_NV_cooperative_matrix [enabled=0, external=0]
[Vulkan init] extensions: name=VK_NV_cooperative_matrix2 [enabled=0, external=0]
[Vulkan init] extensions: name=VK_NV_cooperative_vector [enabled=0, external=0]
[Vulkan init] extensions: name=VK_NV_copy_memory_indirect [enabled=0, external=0]
[Vulkan init] extensions: name=VK_NV_corner_sampled_image [enabled=0, external=0]
[Vulkan init] extensions: name=VK_NV_coverage_reduction_mode [enabled=0, external=0]
[Vulkan init] extensions: name=VK_NV_cuda_kernel_launch [enabled=0, external=0]
[Vulkan init] extensions: name=VK_NV_dedicated_allocation [enabled=0, external=0]
[Vulkan init] extensions: name=VK_NV_dedicated_allocation_image_aliasing [enabled=0, external=0]
[Vulkan init] extensions: name=VK_NV_descriptor_pool_overallocation [enabled=0, external=0]
[Vulkan init] extensions: name=VK_NV_device_diagnostic_checkpoints [enabled=0, external=0]
[Vulkan init] extensions: name=VK_NV_device_diagnostics_config [enabled=0, external=0]
[Vulkan init] extensions: name=VK_NV_device_generated_commands [enabled=0, external=0]
[Vulkan init] extensions: name=VK_NV_device_generated_commands_compute [enabled=0, external=0]
[Vulkan init] extensions: name=VK_NV_disk_cache_utils [enabled=0, external=0]
[Vulkan init] extensions: name=VK_NV_extended_sparse_address_space [enabled=0, external=0]
[Vulkan init] extensions: name=VK_NV_fill_rectangle [enabled=0, external=0]
[Vulkan init] extensions: name=VK_NV_fragment_coverage_to_color [enabled=0, external=0]
[Vulkan init] extensions: name=VK_NV_fragment_shader_barycentric [enabled=0, external=0]
[Vulkan init] extensions: name=VK_NV_fragment_shading_rate_enums [enabled=0, external=0]
[Vulkan init] extensions: name=VK_NV_framebuffer_mixed_samples [enabled=0, external=0]
[Vulkan init] extensions: name=VK_NV_geometry_shader_passthrough [enabled=0, external=0]
[Vulkan init] extensions: name=VK_NV_inherited_viewport_scissor [enabled=0, external=0]
[Vulkan init] extensions: name=VK_NV_internal_nvpresent [enabled=0, external=0]
[Vulkan init] extensions: name=VK_NV_linear_color_attachment [enabled=0, external=0]
[Vulkan init] extensions: name=VK_NV_low_latency [enabled=0, external=0]
[Vulkan init] extensions: name=VK_NV_low_latency2 [enabled=0, external=0]
[Vulkan init] extensions: name=VK_NV_memory_decompression [enabled=0, external=0]
[Vulkan init] extensions: name=VK_NV_mesh_shader [enabled=0, external=0]
[Vulkan init] extensions: name=VK_NV_optical_flow [enabled=0, external=0]
[Vulkan init] extensions: name=VK_NV_present_barrier [enabled=0, external=0]
[Vulkan init] extensions: name=VK_NV_present_metering [enabled=0, external=0]
[Vulkan init] extensions: name=VK_NV_push_constant_bank [enabled=0, external=0]
[Vulkan init] extensions: name=VK_NV_raw_access_chains [enabled=0, external=0]
[Vulkan init] extensions: name=VK_NV_ray_tracing [enabled=0, external=0]
[Vulkan init] extensions: name=VK_NV_ray_tracing_invocation_reorder [enabled=0, external=0]
[Vulkan init] extensions: name=VK_NV_representative_fragment_test [enabled=0, external=0]
[Vulkan init] extensions: name=VK_NV_sample_mask_override_coverage [enabled=0, external=0]
[Vulkan init] extensions: name=VK_NV_scissor_exclusive [enabled=0, external=0]
[Vulkan init] extensions: name=VK_NV_shader_atomic_float16_vector [enabled=0, external=0]
[Vulkan init] extensions: name=VK_NV_shader_image_footprint [enabled=0, external=0]
[Vulkan init] extensions: name=VK_NV_shader_sm_builtins [enabled=0, external=0]
[Vulkan init] extensions: name=VK_NV_shader_subgroup_partitioned [enabled=0, external=0]
[Vulkan init] extensions: name=VK_NV_shading_rate_image [enabled=0, external=0]
[Vulkan init] extensions: name=VK_NV_viewport_array2 [enabled=0, external=0]
[Vulkan init] extensions: name=VK_NV_viewport_swizzle [enabled=0, external=0]
[vulkan] Loaded device function vkDestroyDevice
[vulkan] Loaded device function vkGetDeviceQueue
[vulkan] Loaded device function vkQueueSubmit
[vulkan] Loaded device function vkQueueWaitIdle
[vulkan] Loaded device function vkDeviceWaitIdle
[vulkan] Loaded device function vkAllocateMemory
[vulkan] Loaded device function vkFreeMemory
[vulkan] Loaded device function vkMapMemory
[vulkan] Loaded device function vkUnmapMemory
[vulkan] Loaded device function vkFlushMappedMemoryRanges
[vulkan] Loaded device function vkInvalidateMappedMemoryRanges
[vulkan] Loaded device function vkGetDeviceMemoryCommitment
[vulkan] Loaded device function vkBindBufferMemory
[vulkan] Loaded device function vkBindImageMemory
[vulkan] Loaded device function vkGetBufferMemoryRequirements
[vulkan] Loaded device function vkGetImageMemoryRequirements
[vulkan] Loaded device function vkGetImageSparseMemoryRequirements
[vulkan] Loaded device function vkQueueBindSparse
[vulkan] Loaded device function vkCreateFence
[vulkan] Loaded device function vkDestroyFence
[vulkan] Loaded device function vkResetFences
[vulkan] Loaded device function vkGetFenceStatus
[vulkan] Loaded device function vkWaitForFences
[vulkan] Loaded device function vkCreateSemaphore
[vulkan] Loaded device function vkDestroySemaphore
[vulkan] Loaded device function vkCreateEvent
[vulkan] Loaded device function vkDestroyEvent
[vulkan] Loaded device function vkGetEventStatus
[vulkan] Loaded device function vkSetEvent
[vulkan] Loaded device function vkResetEvent
[vulkan] Loaded device function vkCreateQueryPool
[vulkan] Loaded device function vkDestroyQueryPool
[vulkan] Loaded device function vkGetQueryPoolResults
[vulkan] Loaded device function vkCreateBuffer
[vulkan] Loaded device function vkDestroyBuffer
[vulkan] Loaded device function vkCreateBufferView
[vulkan] Loaded device function vkDestroyBufferView
[vulkan] Loaded device function vkCreateImage
[vulkan] Loaded device function vkDestroyImage
[vulkan] Loaded device function vkGetImageSubresourceLayout
[vulkan] Loaded device function vkCreateImageView
[vulkan] Loaded device function vkDestroyImageView
[vulkan] Loaded device function vkCreateShaderModule
[vulkan] Loaded device function vkDestroyShaderModule
[vulkan] Loaded device function vkCreatePipelineCache
[vulkan] Loaded device function vkDestroyPipelineCache
[vulkan] Loaded device function vkGetPipelineCacheData
[vulkan] Loaded device function vkMergePipelineCaches
[vulkan] Loaded device function vkCreateGraphicsPipelines
[vulkan] Loaded device function vkCreateComputePipelines
[vulkan] Loaded device function vkDestroyPipeline
[vulkan] Loaded device function vkCreatePipelineLayout
[vulkan] Loaded device function vkDestroyPipelineLayout
[vulkan] Loaded device function vkCreateSampler
[vulkan] Loaded device function vkDestroySampler
[vulkan] Loaded device function vkCreateDescriptorSetLayout
[vulkan] Loaded device function vkDestroyDescriptorSetLayout
[vulkan] Loaded device function vkCreateDescriptorPool
[vulkan] Loaded device function vkDestroyDescriptorPool
[vulkan] Loaded device function vkResetDescriptorPool
[vulkan] Loaded device function vkAllocateDescriptorSets
[vulkan] Loaded device function vkFreeDescriptorSets
[vulkan] Loaded device function vkUpdateDescriptorSets
[vulkan] Loaded device function vkCreateFramebuffer
[vulkan] Loaded device function vkDestroyFramebuffer
[vulkan] Loaded device function vkCreateRenderPass
[vulkan] Loaded device function vkDestroyRenderPass
[vulkan] Loaded device function vkGetRenderAreaGranularity
[vulkan] Loaded device function vkCreateCommandPool
[vulkan] Loaded device function vkDestroyCommandPool
[vulkan] Loaded device function vkResetCommandPool
[vulkan] Loaded device function vkAllocateCommandBuffers
[vulkan] Loaded device function vkFreeCommandBuffers
[vulkan] Loaded device function vkBeginCommandBuffer
[vulkan] Loaded device function vkEndCommandBuffer
[vulkan] Loaded device function vkResetCommandBuffer
[vulkan] Loaded device function vkCmdBindPipeline
[vulkan] Loaded device function vkCmdSetViewport
[vulkan] Loaded device function vkCmdSetScissor
[vulkan] Loaded device function vkCmdSetLineWidth
[vulkan] Loaded device function vkCmdSetDepthBias
[vulkan] Loaded device function vkCmdSetBlendConstants
[vulkan] Loaded device function vkCmdSetDepthBounds
[vulkan] Loaded device function vkCmdSetStencilCompareMask
[vulkan] Loaded device function vkCmdSetStencilWriteMask
[vulkan] Loaded device function vkCmdSetStencilReference
[vulkan] Loaded device function vkCmdBindDescriptorSets
[vulkan] Loaded device function vkCmdBindIndexBuffer
[vulkan] Loaded device function vkCmdBindVertexBuffers
[vulkan] Loaded device function vkCmdDraw
[vulkan] Loaded device function vkCmdDrawIndexed
[vulkan] Loaded device function vkCmdDrawIndirect
[vulkan] Loaded device function vkCmdDrawIndexedIndirect
[vulkan] Loaded device function vkCmdDispatch
[vulkan] Loaded device function vkCmdDispatchIndirect
[vulkan] Loaded device function vkCmdCopyBuffer
[vulkan] Loaded device function vkCmdCopyImage
[vulkan] Loaded device function vkCmdBlitImage
[vulkan] Loaded device function vkCmdCopyBufferToImage
[vulkan] Loaded device function vkCmdCopyImageToBuffer
[vulkan] Loaded device function vkCmdUpdateBuffer
[vulkan] Loaded device function vkCmdFillBuffer
[vulkan] Loaded device function vkCmdClearColorImage
[vulkan] Loaded device function vkCmdClearDepthStencilImage
[vulkan] Loaded device function vkCmdClearAttachments
[vulkan] Loaded device function vkCmdResolveImage
[vulkan] Loaded device function vkCmdSetEvent
[vulkan] Loaded device function vkCmdResetEvent
[vulkan] Loaded device function vkCmdWaitEvents
[vulkan] Loaded device function vkCmdPipelineBarrier
[vulkan] Loaded device function vkCmdBeginQuery
[vulkan] Loaded device function vkCmdEndQuery
[vulkan] Loaded device function vkCmdResetQueryPool
[vulkan] Loaded device function vkCmdWriteTimestamp
[vulkan] Loaded device function vkCmdCopyQueryPoolResults
[vulkan] Loaded device function vkCmdPushConstants
[vulkan] Loaded device function vkCmdBeginRenderPass
[vulkan] Loaded device function vkCmdNextSubpass
[vulkan] Loaded device function vkCmdEndRenderPass
[vulkan] Loaded device function vkCmdExecuteCommands
[vulkan] Loaded device function vkGetImageMemoryRequirements2KHR
[vulkan] Loaded device function vkGetBufferMemoryRequirements2KHR
[vulkan] Loaded device function vkGetImageSparseMemoryRequirements2KHR
[vulkan] Loaded device function vkCreateDescriptorUpdateTemplateKHR
[vulkan] Loaded device function vkDestroyDescriptorUpdateTemplateKHR
[vulkan] Loaded device function vkUpdateDescriptorSetWithTemplateKHR
[vulkan] Loaded device function vkCmdBeginRenderPass2KHR
[vulkan] Loaded device function vkCmdEndRenderPass2KHR
[vulkan] Loaded device function vkCmdNextSubpass2KHR
[vulkan] Loaded device function vkCreateRenderPass2KHR
[vulkan] Loaded device function vkCmdSetFragmentShadingRateKHR
[vulkan] Failed to load device function vkDebugMarkerSetObjectTagEXT
[vulkan] Loaded instance function vkDebugMarkerSetObjectTagEXT
[vulkan] Failed to load device function vkDebugMarkerSetObjectNameEXT
[vulkan] Loaded instance function vkDebugMarkerSetObjectNameEXT
[vulkan] Failed to load device function vkCmdDebugMarkerBeginEXT
[vulkan] Loaded instance function vkCmdDebugMarkerBeginEXT
[vulkan] Failed to load device function vkCmdDebugMarkerEndEXT
[vulkan] Loaded instance function vkCmdDebugMarkerEndEXT
[vulkan] Failed to load device function vkCmdDebugMarkerInsertEXT
[vulkan] Loaded instance function vkCmdDebugMarkerInsertEXT
Vulkan API version 1.1.0 (1.4.341 supported by driver, 1.1.0 requested)
Vulkan vendor=[NVIDIA] id=[10de]
Vulkan renderer=[NVIDIA A800-SXM4-80GB] id=[20f3]
Vulkan device type 2
Vulkan driverversion=[0x988e4100] uint=[-1735507712]
Vulkan PSO: Cache data successfully loaded [size=518477,path=/tmp/MIT Lincoln Laboratory/RubbleSim/vulkan_pso_cache.bin]
[Licensing::Client] Successfully resolved entitlement details
Initialize mono
Mono path[0] = '/data1/chh/dependency/unity/2022.3.62f2/Editor/Data/Managed'
Mono path[1] = '/data1/chh/dependency/unity/2022.3.62f2/Editor/Data/MonoBleedingEdge/lib/mono/unityjit-linux'
Mono config path = '/data1/chh/dependency/unity/2022.3.62f2/Editor/Data/MonoBleedingEdge/etc'
Using monoOptions --debugger-agent=transport=dt_socket,embedding=1,server=y,suspend=n,address=127.0.0.1:56764
Using cacheserver namespaces - metadata:defaultmetadata, artifacts:defaultartifacts
Using cacheserver namespaces - metadata:defaultmetadata, artifacts:defaultartifacts
ImportWorker Server TCP listen port: 0
Begin MonoManager ReloadAssembly
Registering precompiled unity dll's ...
Register platform support module: /data1/chh/dependency/unity/2022.3.62f2/Editor/Data/PlaybackEngines/LinuxStandaloneSupport/UnityEditor.LinuxStandalone.Extensions.dll
Registered in 0.003587 seconds.
- Loaded All Assemblies, in  0.282 seconds
Native extension for LinuxStandalone target not found
Mono: successfully reloaded assembly
- Finished resetting the current domain, in  0.245 seconds
Domain Reload Profiling: 527ms
	BeginReloadAssembly (71ms)
		ExecutionOrderSort (0ms)
		DisableScriptedObjects (0ms)
		BackupInstance (0ms)
		ReleaseScriptingObjects (0ms)
		CreateAndSetChildDomain (1ms)
	RebuildCommonClasses (31ms)
	RebuildNativeTypeToScriptingClass (7ms)
	initialDomainReloadingComplete (53ms)
	LoadAllAssembliesAndSetupDomain (120ms)
		LoadAssemblies (70ms)
		RebuildTransferFunctionScriptingTraits (0ms)
		AnalyzeDomain (119ms)
			TypeCache.Refresh (117ms)
				TypeCache.ScanAssembly (104ms)
			ScanForSourceGeneratedMonoScriptInfo (0ms)
			ResolveRequiredComponents (0ms)
	FinalizeReload (245ms)
		ReleaseScriptCaches (0ms)
		RebuildScriptCaches (0ms)
		SetupLoadedEditorAssemblies (200ms)
			LogAssemblyErrors (0ms)
			InitializePlatformSupportModulesInManaged (8ms)
			SetLoadedEditorAssemblies (7ms)
			RefreshPlugins (0ms)
			BeforeProcessingInitializeOnLoad (2ms)
			ProcessInitializeOnLoadAttributes (138ms)
			ProcessInitializeOnLoadMethodAttributes (45ms)
			AfterProcessingInitializeOnLoad (0ms)
			EditorAssembliesLoaded (0ms)
		ExecutionOrderSort2 (0ms)
		AwakeInstancesAfterBackupRestoration (0ms)
[Licensing::Client] Successfully resolved entitlement details
Application.AssetDatabase Initial Refresh Start
[ScriptCompilation] Requested script compilation because: Assetdatabase observed changes in script compilation related files
[40m[32minfo[39m[22m[49m: Microsoft.Hosting.Lifetime[14]
      Now listening on: http://unix:/tmp/ilpp.sock-13f86f85fa1e1a531299485fb6e51c4f
[40m[32minfo[39m[22m[49m: Microsoft.Hosting.Lifetime[0]
      Application started. Press Ctrl+C to shut down.
[40m[32minfo[39m[22m[49m: Microsoft.Hosting.Lifetime[0]
      Hosting environment: Production
[40m[32minfo[39m[22m[49m: Microsoft.Hosting.Lifetime[0]
      Content root path: /data1/chh/project/robosupport/software/sim/Rubble_Pile_Simulator/
[40m[32minfo[39m[22m[49m: Microsoft.AspNetCore.Hosting.Diagnostics[1]
      Request starting HTTP/2 POST http://ilpp/UnityILPP.PostProcessing/Ping application/grpc -
[40m[32minfo[39m[22m[49m: Microsoft.AspNetCore.Routing.EndpointMiddleware[0]
      Executing endpoint 'gRPC - /UnityILPP.PostProcessing/Ping'
[40m[32minfo[39m[22m[49m: Microsoft.AspNetCore.Routing.EndpointMiddleware[1]
      Executed endpoint 'gRPC - /UnityILPP.PostProcessing/Ping'
[40m[32minfo[39m[22m[49m: Microsoft.AspNetCore.Hosting.Diagnostics[2]
      Request finished HTTP/2 POST http://ilpp/UnityILPP.PostProcessing/Ping application/grpc - - 200 - application/grpc 38.1017ms
Starting: /data1/chh/dependency/unity/2022.3.62f2/Editor/Data/bee_backend --ipc --defer-dag-verification --dagfile="Library/Bee/2400b0aE.dag" --continue-on-failure --profile="Library/Bee/backend1.traceevents" ScriptAssemblies
WorkingDir: /data1/chh/project/robosupport/software/sim/Rubble_Pile_Simulator
[40m[32minfo[39m[22m[49m: Microsoft.AspNetCore.Hosting.Diagnostics[1]
      Request starting HTTP/2 POST http://ilpp/UnityILPP.PostProcessing/ConfigurePostProcessors application/grpc -
[40m[32minfo[39m[22m[49m: Microsoft.AspNetCore.Routing.EndpointMiddleware[0]
      Executing endpoint 'gRPC - /UnityILPP.PostProcessing/ConfigurePostProcessors'
[40m[1m[33mwarn[39m[22m[49m: Unity.ILPP.Runner.PostProcessingAssemblyLoadContext[0]
      Assembly system.runtime.interopservices.windowsruntime has duplicate hint path. Ignoring "/data1/chh/dependency/unity/2022.3.62f2/Editor/Data/UnityReferenceAssemblies/unity-4.8-api/Facades/System.Runtime.InteropServices.WindowsRuntime.dll" in favor of "/data1/chh/dependency/unity/2022.3.62f2/Editor/Data/NetStandard/Extensions/2.0.0/System.Runtime.InteropServices.WindowsRuntime.dll"
[40m[1m[33mwarn[39m[22m[49m: Unity.ILPP.Runner.PostProcessingAssemblyLoadContext[0]
      Assembly system.componentmodel.composition has duplicate hint path. Ignoring "/data1/chh/dependency/unity/2022.3.62f2/Editor/Data/UnityReferenceAssemblies/unity-4.8-api/System.ComponentModel.Composition.dll" in favor of "/data1/chh/dependency/unity/2022.3.62f2/Editor/Data/NetStandard/compat/2.1.0/shims/netfx/System.ComponentModel.Composition.dll"
[40m[32minfo[39m[22m[49m: Unity.ILPP.Runner.PostProcessingAssemblyLoadContext[0]
      Resolved Unity.Burst.Cecil, Version=0.11.4.0, Culture=neutral, PublicKeyToken=50cebf1cceb9d05e with Library/PackageCache/com.unity.burst@1.8.21/Unity.Burst.CodeGen/Unity.Burst.Cecil.dll
[40m[32minfo[39m[22m[49m: Microsoft.AspNetCore.Routing.EndpointMiddleware[1]
      Executed endpoint 'gRPC - /UnityILPP.PostProcessing/ConfigurePostProcessors'
[40m[32minfo[39m[22m[49m: Microsoft.AspNetCore.Hosting.Diagnostics[2]
      Request finished HTTP/2 POST http://ilpp/UnityILPP.PostProcessing/ConfigurePostProcessors application/grpc - - 200 - application/grpc 18.4627ms
DisplayProgressbar: Compiling Scripts
[40m[32minfo[39m[22m[49m: Microsoft.AspNetCore.Hosting.Diagnostics[1]
      Request starting HTTP/2 POST http://ilpp/UnityILPP.PostProcessing/PostProcessAssembly application/grpc -
[40m[32minfo[39m[22m[49m: Microsoft.AspNetCore.Routing.EndpointMiddleware[0]
      Executing endpoint 'gRPC - /UnityILPP.PostProcessing/PostProcessAssembly'
[40m[32minfo[39m[22m[49m: Unity.ILPP.Runner.PostProcessingPipeline[0]
      Processing assembly Library/Bee/artifacts/2400b0aE.dag/Assembly-CSharp.dll, with 117 defines and 259 references
[40m[32minfo[39m[22m[49m: Unity.ILPP.Runner.PostProcessingPipeline[0]
      processors: zzzUnity.Burst.CodeGen.BurstILPostProcessor
[40m[32minfo[39m[22m[49m: Unity.ILPP.Runner.PostProcessingPipeline[0]
      running zzzUnity.Burst.CodeGen.BurstILPostProcessor
[40m[32minfo[39m[22m[49m: Unity.ILPP.Runner.PostProcessingAssemblyLoadContext[0]
      Resolved Unity.Burst.Cecil.Rocks, Version=0.11.4.0, Culture=neutral, PublicKeyToken=50cebf1cceb9d05e with Library/PackageCache/com.unity.burst@1.8.21/Unity.Burst.CodeGen/Unity.Burst.Cecil.Rocks.dll
[40m[32minfo[39m[22m[49m: Microsoft.AspNetCore.Routing.EndpointMiddleware[1]
      Executed endpoint 'gRPC - /UnityILPP.PostProcessing/PostProcessAssembly'
[40m[32minfo[39m[22m[49m: Microsoft.AspNetCore.Hosting.Diagnostics[2]
      Request finished HTTP/2 POST http://ilpp/UnityILPP.PostProcessing/PostProcessAssembly application/grpc - - 200 - application/grpc 170.9546ms
[40m[32minfo[39m[22m[49m: Microsoft.AspNetCore.Hosting.Diagnostics[1]
      Request starting HTTP/2 POST http://ilpp/UnityILPP.PostProcessing/PostProcessAssembly application/grpc -
[40m[32minfo[39m[22m[49m: Microsoft.AspNetCore.Routing.EndpointMiddleware[0]
      Executing endpoint 'gRPC - /UnityILPP.PostProcessing/PostProcessAssembly'
[40m[32minfo[39m[22m[49m: Unity.ILPP.Runner.PostProcessingPipeline[0]
      Processing assembly Library/Bee/artifacts/2400b0aE.dag/Assembly-CSharp-Editor.dll, with 115 defines and 277 references
[40m[32minfo[39m[22m[49m: Unity.ILPP.Runner.PostProcessingPipeline[0]
      processors: zzzUnity.Burst.CodeGen.BurstILPostProcessor
[40m[32minfo[39m[22m[49m: Unity.ILPP.Runner.PostProcessingPipeline[0]
      running zzzUnity.Burst.CodeGen.BurstILPostProcessor
[40m[32minfo[39m[22m[49m: Microsoft.AspNetCore.Routing.EndpointMiddleware[1]
      Executed endpoint 'gRPC - /UnityILPP.PostProcessing/PostProcessAssembly'
[40m[32minfo[39m[22m[49m: Microsoft.AspNetCore.Hosting.Diagnostics[2]
      Request finished HTTP/2 POST http://ilpp/UnityILPP.PostProcessing/PostProcessAssembly application/grpc - - 200 - application/grpc 5.1119ms
ExitCode: 0 Duration: 1s937ms
[533/704    0s] ILPP-Configuration Library/ilpp-configuration.nevergeneratedoutput
[696/704    1s] Csc Library/Bee/artifacts/2400b0aE.dag/Assembly-CSharp.dll (+2 others)
[697/704    0s] ILPostProcess Library/Bee/artifacts/2400b0aE.dag/post-processed/Assembly-CSharp.dll (+pdb)
Processing assembly Library/Bee/artifacts/2400b0aE.dag/Assembly-CSharp.dll, with 117 defines and 259 references
processors: zzzUnity.Burst.CodeGen.BurstILPostProcessor
running zzzUnity.Burst.CodeGen.BurstILPostProcessor
[698/704    0s] CopyFiles Library/ScriptAssemblies/Assembly-CSharp.pdb
[699/704    0s] CopyFiles Library/ScriptAssemblies/Assembly-CSharp.dll
[700/704    0s] Csc Library/Bee/artifacts/2400b0aE.dag/Assembly-CSharp-Editor.dll (+2 others)
[701/704    0s] ILPostProcess Library/Bee/artifacts/2400b0aE.dag/post-processed/Assembly-CSharp-Editor.dll (+pdb)
Processing assembly Library/Bee/artifacts/2400b0aE.dag/Assembly-CSharp-Editor.dll, with 115 defines and 277 references
processors: zzzUnity.Burst.CodeGen.BurstILPostProcessor
running zzzUnity.Burst.CodeGen.BurstILPostProcessor
[702/704    0s] CopyFiles Library/ScriptAssemblies/Assembly-CSharp-Editor.pdb
[703/704    0s] CopyFiles Library/ScriptAssemblies/Assembly-CSharp-Editor.dll
*** Tundra build success (1.91 seconds), 9 items updated, 704 evaluated
Total cache size 40504648
Total cache size after purge 40504648
AssetDatabase: script compilation time: 2.479226s
Begin MonoManager ReloadAssembly
- Loaded All Assemblies, in  0.607 seconds
Refreshing native plugins compatible for Editor in 1.65 ms, found 3 plugins.
Preloading 0 native plugins for Editor in 0.00 ms.
Start importing Assets/MITLL/Scripts/Debris/DebrisSpawner.cs using Guid(93e4cb5295f67d24b8fbe6562a4b11c4) Importer(-1,00000000000000000000000000000000) [PhysX] Initialized MultithreadedTaskDispatcher with 113 workers.
 -> (artifact id: 'b985dc83a90b5d241931bf85b5439201') in 0.011936 seconds
Refreshing native plugins compatible for Editor in 2.17 ms, found 3 plugins.
Native extension for LinuxStandalone target not found
Mono: successfully reloaded assembly
- Finished resetting the current domain, in  3.040 seconds
Domain Reload Profiling: 3646ms
	BeginReloadAssembly (137ms)
		ExecutionOrderSort (0ms)
		DisableScriptedObjects (5ms)
		BackupInstance (0ms)
		ReleaseScriptingObjects (0ms)
		CreateAndSetChildDomain (34ms)
	RebuildCommonClasses (31ms)
	RebuildNativeTypeToScriptingClass (7ms)
	initialDomainReloadingComplete (27ms)
	LoadAllAssembliesAndSetupDomain (403ms)
		LoadAssemblies (260ms)
		RebuildTransferFunctionScriptingTraits (0ms)
		AnalyzeDomain (203ms)
			TypeCache.Refresh (163ms)
				TypeCache.ScanAssembly (149ms)
			ScanForSourceGeneratedMonoScriptInfo (26ms)
			ResolveRequiredComponents (12ms)
	FinalizeReload (3041ms)
		ReleaseScriptCaches (0ms)
		RebuildScriptCaches (0ms)
		SetupLoadedEditorAssemblies (2678ms)
			LogAssemblyErrors (0ms)
			InitializePlatformSupportModulesInManaged (8ms)
			SetLoadedEditorAssemblies (8ms)
			RefreshPlugins (0ms)
			BeforeProcessingInitializeOnLoad (86ms)
			ProcessInitializeOnLoadAttributes (2490ms)
			ProcessInitializeOnLoadMethodAttributes (83ms)
			AfterProcessingInitializeOnLoad (3ms)
			EditorAssembliesLoaded (0ms)
		ExecutionOrderSort2 (0ms)
		AwakeInstancesAfterBackupRestoration (4ms)
Start importing Assets/DemoRender/scripts/render_shots.sh using Guid(463ea5088925c1bd98eb2329fa3dec03) Importer(-1,00000000000000000000000000000000) [PhysX] Initialized MultithreadedTaskDispatcher with 113 workers.
 -> (artifact id: '5dfa97e8c6db087dd95d6a4d24edbe74') in 0.003912 seconds
Start importing Assets/DemoRender/docs/README.md using Guid(434a1cafe121ba2bd97ac71ee24b8e3f) Importer(-1,00000000000000000000000000000000) [PhysX] Initialized MultithreadedTaskDispatcher with 113 workers.
 -> (artifact id: '70621b00246cd3e01ddb77a77f3cd891') in 0.003588 seconds
Refreshing native plugins compatible for Editor in 1.66 ms, found 3 plugins.
Preloading 0 native plugins for Editor in 0.00 ms.
Asset Pipeline Refresh (id=8f4f4535fa2985028b929fb7f36daf98): Total: 7.961 seconds - Initiated by InitialRefreshV2(ForceSynchronousImport)
	Summary:
		Imports: total=2 (actual=2, local cache=0, cache server=0)
		Asset DB Process Time: managed=5 ms, native=1551 ms
		Asset DB Callback time: managed=155 ms, native=6 ms
		Scripting: domain reloads=1, domain reload time=3714 ms, compile time=2481 ms, other=45 ms
		Project Asset Count: scripts=6894, non-scripts=1832
		Asset File Changes: new=0, changed=1, moved=0, deleted=0
		Scan Filter Count: 1
	InvokeBeforeRefreshCallbacks: 0.101ms
	ApplyChangesToAssetFolders: 0.066ms
	Scan: 474.674ms
	OnSourceAssetsModified: 2.226ms
	GetAllGuidsForCategorization: 1.074ms
	CategorizeAssets: 256.596ms
	ImportOutOfDateAssets: 3133.633ms (581.088ms without children)
		ImportManagerImport: 25.261ms (4.923ms without children)
			ImportInProcess: 20.307ms
			UpdateCategorizedAssets: 0.032ms
		CompileScripts: 2481.087ms
		ReloadNativeAssets: 0.059ms
		UnloadImportedAssets: 40.093ms
		ReloadImportedAssets: 0.268ms
		EnsureUptoDateAssetsAreRegisteredWithGuidPM: 3.674ms
		InitializingProgressBar: 0.017ms
		PostProcessAllAssetNotificationsAddChangedAssets: 0.000ms
		OnDemandSchedulerStart: 2.085ms
	PostProcessAllAssets: 156.797ms
	Hotreload: 3.410ms
	GatherAllCurrentPrimaryArtifactRevisions: 0.000ms
	UnloadStreamsBegin: 0.197ms
	PersistCurrentRevisions: 0.459ms
	UnloadStreamsEnd: 0.087ms
	GenerateScriptTypeHashes: 72.803ms
	Untracked: 3931.182ms
Application.AssetDatabase Initial Refresh End
Launched and connected shader compiler UnityShaderCompiler after 0.04 seconds
Scanning for USB devices : 1.091ms
Initializing Unity extensions:
[Licensing::Client] Successfully resolved entitlement details
UpdateMenuTitleForLanguage: 10
[MODES] ModeService[none].Initialize
[MODES] ModeService[none].LoadModes
[MODES] Loading mode Default (0) for mode-current-id-RubbleSim
[PhysX] Initialized MultithreadedTaskDispatcher with 113 workers.
ProgressiveSceneManager::Cancel()
Unloading 48 Unused Serialized files (Serialized files now loaded: 0)
Unloading 143 unused Assets / (2.8 MB). Loaded Objects now: 6307.
Memory consumption went from 178.2 MB to 175.5 MB.
Total: 12.917653 ms (FindLiveObjects: 0.354279 ms CreateObjectMapping: 0.299541 ms MarkObjects: 8.935712 ms  DeleteObjects: 3.327305 ms)

[DemoBuild] building scenes: Assets/MITLL/Scenes/MainScene_OS.unity
UnityEngine.StackTraceUtility:ExtractStackTrace () (at /home/bokken/build/output/unity/unity/Runtime/Export/Scripting/StackTrace.cs:37)
UnityEngine.DebugLogHandler:LogFormat (UnityEngine.LogType,UnityEngine.Object,string,object[])
UnityEngine.Logger:Log (UnityEngine.LogType,object)
UnityEngine.Debug:Log (object)
DemoBuild:PerformBuild () (at Assets/DemoRender/Editor/DemoBuild.cs:42)

(Filename: Assets/DemoRender/Editor/DemoBuild.cs Line: 42)

[DemoBuild] output: /data1/chh/project/robosupport/software/sim/Rubble_Pile_Simulator/Builds/Linux/RubbleSim.x86_64
UnityEngine.StackTraceUtility:ExtractStackTrace () (at /home/bokken/build/output/unity/unity/Runtime/Export/Scripting/StackTrace.cs:37)
UnityEngine.DebugLogHandler:LogFormat (UnityEngine.LogType,UnityEngine.Object,string,object[])
UnityEngine.Logger:Log (UnityEngine.LogType,object)
UnityEngine.Debug:Log (object)
DemoBuild:PerformBuild () (at Assets/DemoRender/Editor/DemoBuild.cs:43)

(Filename: Assets/DemoRender/Editor/DemoBuild.cs Line: 43)

Start importing Assets/Settings/URP-Performant.asset using Guid(d0e2fc18fe036412f8223b3b3d9ad574) Importer(-1,00000000000000000000000000000000) [PhysX] Initialized MultithreadedTaskDispatcher with 113 workers.
 -> (artifact id: '53180f1e1907564a0d1d9ca0f734bf6a') in 0.006877 seconds
Start importing Assets/Settings/URP-Balanced.asset using Guid(e1260c1148f6143b28bae5ace5e9c5d1) Importer(-1,00000000000000000000000000000000) [PhysX] Initialized MultithreadedTaskDispatcher with 113 workers.
 -> (artifact id: 'f3d614c129f5643a5d42b39e1f5524e1') in 0.001388 seconds
Start importing Assets/Settings/URP-HighFidelity.asset using Guid(7b7fd9122c28c4d15b667c7040e3b3fd) Importer(-1,00000000000000000000000000000000) [PhysX] Initialized MultithreadedTaskDispatcher with 113 workers.
 -> (artifact id: 'a8519d613fa59940c629408951c197a2') in 0.000894 seconds
Refreshing native plugins compatible for Editor in 1.54 ms, found 3 plugins.
Preloading 0 native plugins for Editor in 0.00 ms.
Asset Pipeline Refresh (id=8ac4a52de1d4c3dc1b09dee3a5ee9d0b): Total: 0.038 seconds - Initiated by StopAssetImportingV2(NoUpdateAssetOptions)
[40m[32minfo[39m[22m[49m: Microsoft.AspNetCore.Hosting.Diagnostics[1]
      Request starting HTTP/2 POST http://ilpp/UnityILPP.PostProcessing/Ping application/grpc -
[40m[32minfo[39m[22m[49m: Microsoft.AspNetCore.Routing.EndpointMiddleware[0]
      Executing endpoint 'gRPC - /UnityILPP.PostProcessing/Ping'
[40m[32minfo[39m[22m[49m: Microsoft.AspNetCore.Routing.EndpointMiddleware[1]
      Executed endpoint 'gRPC - /UnityILPP.PostProcessing/Ping'
[40m[32minfo[39m[22m[49m: Microsoft.AspNetCore.Hosting.Diagnostics[2]
      Request finished HTTP/2 POST http://ilpp/UnityILPP.PostProcessing/Ping application/grpc - - 200 - application/grpc 0.2175ms
Starting: /data1/chh/dependency/unity/2022.3.62f2/Editor/Data/bee_backend --ipc --defer-dag-verification --dagfile="Library/Bee/2400b0aESkipCompile.dag" --continue-on-failure --profile="Library/Bee/backend1.traceevents" ScriptAssembliesAndTypeDB
WorkingDir: /data1/chh/project/robosupport/software/sim/Rubble_Pile_Simulator
ExitCode: 0 Duration: 0s842ms
[2/3        0s] BuildPlayerDataGenerator Library/BuildPlayerData/Editor/TypeDb-All.json
*** Tundra build success (0.77 seconds), 1 items updated, 3 evaluated
Total cache size 40504648
Total cache size after purge 40504648
Asset Pipeline Refresh (id=fc65fb8928f9b33ab9367ce71abbca1d): Total: 0.102 seconds - Initiated by RefreshV2(NoUpdateAssetOptions)
[ScriptCompilation] Requested script compilation because: Recompiling scripts for player build.
BuildPlayer: start building target 24
[40m[32minfo[39m[22m[49m: Microsoft.AspNetCore.Hosting.Diagnostics[1]
      Request starting HTTP/2 POST http://ilpp/UnityILPP.PostProcessing/Ping application/grpc -
[40m[32minfo[39m[22m[49m: Microsoft.AspNetCore.Routing.EndpointMiddleware[0]
      Executing endpoint 'gRPC - /UnityILPP.PostProcessing/Ping'
[40m[32minfo[39m[22m[49m: Microsoft.AspNetCore.Routing.EndpointMiddleware[1]
      Executed endpoint 'gRPC - /UnityILPP.PostProcessing/Ping'
[40m[32minfo[39m[22m[49m: Microsoft.AspNetCore.Hosting.Diagnostics[2]
      Request finished HTTP/2 POST http://ilpp/UnityILPP.PostProcessing/Ping application/grpc - - 200 - application/grpc 0.1813ms
Starting: /data1/chh/dependency/unity/2022.3.62f2/Editor/Data/bee_backend --ipc --defer-dag-verification --dagfile="Library/Bee/2400b0aP.dag" --continue-on-failure --profile="Library/Bee/backend1.traceevents" ScriptAssembliesAndTypeDB
WorkingDir: /data1/chh/project/robosupport/software/sim/Rubble_Pile_Simulator
[40m[32minfo[39m[22m[49m: Microsoft.AspNetCore.Hosting.Diagnostics[1]
      Request starting HTTP/2 POST http://ilpp/UnityILPP.PostProcessing/ConfigurePostProcessors application/grpc -
[40m[32minfo[39m[22m[49m: Microsoft.AspNetCore.Routing.EndpointMiddleware[0]
      Executing endpoint 'gRPC - /UnityILPP.PostProcessing/ConfigurePostProcessors'
[40m[32minfo[39m[22m[49m: Unity.ILPP.Runner.PostProcessingAssemblyLoadContext[0]
      ALC ILPP context 1 is unloading
[40m[1m[33mwarn[39m[22m[49m: Unity.ILPP.Runner.PostProcessingAssemblyLoadContext[0]
      Assembly system.runtime.interopservices.windowsruntime has duplicate hint path. Ignoring "/data1/chh/dependency/unity/2022.3.62f2/Editor/Data/UnityReferenceAssemblies/unity-4.8-api/Facades/System.Runtime.InteropServices.WindowsRuntime.dll" in favor of "/data1/chh/dependency/unity/2022.3.62f2/Editor/Data/NetStandard/Extensions/2.0.0/System.Runtime.InteropServices.WindowsRuntime.dll"
[40m[1m[33mwarn[39m[22m[49m: Unity.ILPP.Runner.PostProcessingAssemblyLoadContext[0]
      Assembly system.componentmodel.composition has duplicate hint path. Ignoring "/data1/chh/dependency/unity/2022.3.62f2/Editor/Data/UnityReferenceAssemblies/unity-4.8-api/System.ComponentModel.Composition.dll" in favor of "/data1/chh/dependency/unity/2022.3.62f2/Editor/Data/NetStandard/compat/2.1.0/shims/netfx/System.ComponentModel.Composition.dll"
[40m[32minfo[39m[22m[49m: Unity.ILPP.Runner.PostProcessingAssemblyLoadContext[0]
      Resolved Unity.Burst.Cecil, Version=0.11.4.0, Culture=neutral, PublicKeyToken=50cebf1cceb9d05e with Library/PackageCache/com.unity.burst@1.8.21/Unity.Burst.CodeGen/Unity.Burst.Cecil.dll
[40m[32minfo[39m[22m[49m: Microsoft.AspNetCore.Routing.EndpointMiddleware[1]
      Executed endpoint 'gRPC - /UnityILPP.PostProcessing/ConfigurePostProcessors'
[40m[32minfo[39m[22m[49m: Microsoft.AspNetCore.Hosting.Diagnostics[2]
      Request finished HTTP/2 POST http://ilpp/UnityILPP.PostProcessing/ConfigurePostProcessors application/grpc - - 200 - application/grpc 3.2730ms
[40m[32minfo[39m[22m[49m: Microsoft.AspNetCore.Hosting.Diagnostics[1]
      Request starting HTTP/2 POST http://ilpp/UnityILPP.PostProcessing/PostProcessAssembly application/grpc -
[40m[32minfo[39m[22m[49m: Microsoft.AspNetCore.Routing.EndpointMiddleware[0]
      Executing endpoint 'gRPC - /UnityILPP.PostProcessing/PostProcessAssembly'
[40m[32minfo[39m[22m[49m: Unity.ILPP.Runner.PostProcessingPipeline[0]
      Processing assembly Library/Bee/artifacts/2400b0aP.dag/Assembly-CSharp.dll, with 106 defines and 216 references
[40m[32minfo[39m[22m[49m: Unity.ILPP.Runner.PostProcessingPipeline[0]
      processors: zzzUnity.Burst.CodeGen.BurstILPostProcessor
[40m[32minfo[39m[22m[49m: Unity.ILPP.Runner.PostProcessingPipeline[0]
      running zzzUnity.Burst.CodeGen.BurstILPostProcessor
[40m[32minfo[39m[22m[49m: Unity.ILPP.Runner.PostProcessingAssemblyLoadContext[0]
      Resolved Unity.Burst.Cecil.Rocks, Version=0.11.4.0, Culture=neutral, PublicKeyToken=50cebf1cceb9d05e with Library/PackageCache/com.unity.burst@1.8.21/Unity.Burst.CodeGen/Unity.Burst.Cecil.Rocks.dll
[40m[32minfo[39m[22m[49m: Microsoft.AspNetCore.Routing.EndpointMiddleware[1]
      Executed endpoint 'gRPC - /UnityILPP.PostProcessing/PostProcessAssembly'
[40m[32minfo[39m[22m[49m: Microsoft.AspNetCore.Hosting.Diagnostics[2]
      Request finished HTTP/2 POST http://ilpp/UnityILPP.PostProcessing/PostProcessAssembly application/grpc - - 200 - application/grpc 149.8593ms
Assets/MITLL/Scripts/Managers/CustomArgs.cs(26,23): warning CS0414: The field 'CustomArgs.debugArguments' is assigned but its value is never used
Total cache size 40504648
Total cache size after purge 40504648
ExitCode: 0 Duration: 2s325ms
[326/484    0s] CopyFiles Library/Bee/PlayerScriptAssemblies/UnityEngine.TestRunner.pdb
[376/484    0s] CopyFiles Library/Bee/PlayerScriptAssemblies/UnityEngine.TestRunner.dll
[399/484    0s] ILPP-Configuration Library/ilpp-configuration.nevergeneratedoutput
[400/484    0s] Csc Library/Bee/artifacts/2400b0aP.dag/Assembly-CSharp.dll (+2 others)
Assets/MITLL/Scripts/Managers/CustomArgs.cs(26,23): warning CS0414: The field 'CustomArgs.debugArguments' is assigned but its value is never used
[407/484    0s] CopyFiles Library/Bee/PlayerScriptAssemblies/Unity.Robotics.ROSTCPConnector.MessageGeneration.pdb
[410/484    0s] CopyFiles Library/Bee/PlayerScriptAssemblies/Unity.Recorder.dll
[419/484    0s] CopyFiles Library/Bee/PlayerScriptAssemblies/Unity.Robotics.ROSTCPConnector.pdb
[421/484    0s] CopyFiles Library/Bee/PlayerScriptAssemblies/Unity.Robotics.ROSTCPConnector.MessageGeneration.dll
[424/484    0s] CopyFiles Library/Bee/PlayerScriptAssemblies/Unity.Robotics.UrdfImporter.pdb
[426/484    0s] CopyFiles Library/Bee/PlayerScriptAssemblies/Unity.RenderPipelines.Universal.2D.Internal.dll
[428/484    0s] CopyFiles Library/Bee/PlayerScriptAssemblies/Unity.VisualScripting.Flow.pdb
[431/484    0s] CopyFiles Library/Bee/PlayerScriptAssemblies/Unity.RenderPipelines.Universal.Shaders.pdb
[432/484    0s] CopyFiles Library/Bee/PlayerScriptAssemblies/Unity.Robotics.ROSTCPConnector.dll
[434/484    0s] CopyFiles Library/Bee/PlayerScriptAssemblies/Unity.RenderPipelines.Universal.Runtime.pdb
[435/484    0s] CopyFiles Library/Bee/PlayerScriptAssemblies/Unity.Recorder.pdb
[436/484    0s] CopyFiles Library/Bee/PlayerScriptAssemblies/Unity.Robotics.UrdfImporter.dll
[438/484    0s] CopyFiles Library/Bee/PlayerScriptAssemblies/Unity.RenderPipelines.ShaderGraph.ShaderGraphLibrary.pdb
[440/484    0s] CopyFiles Library/Bee/PlayerScriptAssemblies/Unity.TextMeshPro.pdb
[441/484    0s] CopyFiles Library/Bee/PlayerScriptAssemblies/Unity.RenderPipelines.ShaderGraph.ShaderGraphLibrary.dll
[442/484    0s] CopyFiles Library/Bee/PlayerScriptAssemblies/Unity.RenderPipelines.Universal.Config.Runtime.dll
[443/484    0s] CopyFiles Library/Bee/PlayerScriptAssemblies/UnityEngine.UI.dll
[444/484    0s] CopyFiles Library/Bee/PlayerScriptAssemblies/vhacd.pdb
[445/484    0s] CopyFiles Library/Bee/PlayerScriptAssemblies/Unity.RenderPipelines.Universal.Shaders.dll
[446/484    0s] CopyFiles Library/Bee/PlayerScriptAssemblies/Unity.VisualScripting.State.pdb
[447/484    0s] CopyFiles Library/Bee/PlayerScriptAssemblies/Unity.Burst.dll
[448/484    0s] CopyFiles Library/Bee/PlayerScriptAssemblies/Unity.VisualScripting.State.dll
[449/484    0s] CopyFiles Library/Bee/PlayerScriptAssemblies/vhacd.dll
[450/484    0s] CopyFiles Library/Bee/PlayerScriptAssemblies/Unity.RenderPipelines.Core.ShaderLibrary.pdb
[451/484    0s] CopyFiles Library/Bee/PlayerScriptAssemblies/Unity.RenderPipelines.Universal.Config.Runtime.pdb
[452/484    0s] CopyFiles Library/Bee/PlayerScriptAssemblies/Meryuhi.Effects.Fog.Runtime.pdb
[453/484    0s] CopyFiles Library/Bee/PlayerScriptAssemblies/Unity.Mathematics.pdb
[454/484    0s] CopyFiles Library/Bee/PlayerScriptAssemblies/Unity.Recorder.Base.pdb
[455/484    0s] CopyFiles Library/Bee/PlayerScriptAssemblies/Unity.Recorder.Base.dll
[456/484    0s] CopyFiles Library/Bee/PlayerScriptAssemblies/UnityEngine.UI.pdb
[457/484    0s] CopyFiles Library/Bee/PlayerScriptAssemblies/Unity.InputSystem.ForUI.pdb
[458/484    0s] CopyFiles Library/Bee/PlayerScriptAssemblies/Unity.RenderPipelines.Core.ShaderLibrary.dll
[459/484    0s] CopyFiles Library/Bee/PlayerScriptAssemblies/Meryuhi.Effects.Fog.Runtime.dll
[460/484    0s] CopyFiles Library/Bee/PlayerScriptAssemblies/Unity.Burst.pdb
[461/484    0s] CopyFiles Library/Bee/PlayerScriptAssemblies/Unity.RenderPipelines.Universal.2D.Internal.pdb
[462/484    0s] CopyFiles Library/Bee/PlayerScriptAssemblies/Unity.Robotics.ROSTCPConnector.Messages.pdb
[463/484    0s] CopyFiles Library/Bee/PlayerScriptAssemblies/Unity.RenderPipeline.Universal.ShaderLibrary.dll
[464/484    0s] CopyFiles Library/Bee/PlayerScriptAssemblies/Unity.InputSystem.ForUI.dll
[465/484    0s] CopyFiles Library/Bee/PlayerScriptAssemblies/Unity.VisualScripting.Core.pdb
[466/484    0s] CopyFiles Library/Bee/PlayerScriptAssemblies/Unity.RenderPipelines.Core.Runtime.pdb
[467/484    0s] CopyFiles Library/Bee/PlayerScriptAssemblies/Unity.RenderPipeline.Universal.ShaderLibrary.pdb
[468/484    0s] CopyFiles Library/Bee/PlayerScriptAssemblies/Unity.Robotics.ROSTCPConnector.Messages.dll
[469/484    0s] CopyFiles Library/Bee/PlayerScriptAssemblies/Unity.TextMeshPro.dll
[470/484    0s] CopyFiles Library/Bee/PlayerScriptAssemblies/Unity.Timeline.dll
[471/484    0s] CopyFiles Library/Bee/PlayerScriptAssemblies/Unity.RenderPipelines.Universal.Runtime.dll
[472/484    0s] CopyFiles Library/Bee/PlayerScriptAssemblies/Unity.VisualScripting.Flow.dll
[473/484    0s] CopyFiles Library/Bee/PlayerScriptAssemblies/Unity.RenderPipelines.Core.Runtime.dll
[474/484    0s] CopyFiles Library/Bee/PlayerScriptAssemblies/Unity.Mathematics.dll
[475/484    0s] CopyFiles Library/Bee/PlayerScriptAssemblies/Unity.Timeline.pdb
[476/484    0s] CopyFiles Library/Bee/PlayerScriptAssemblies/Unity.VisualScripting.Core.dll
[477/484    0s] CopyFiles Library/Bee/PlayerScriptAssemblies/Unity.InputSystem.pdb
[478/484    0s] CopyFiles Library/Bee/PlayerScriptAssemblies/Unity.InputSystem.dll
[479/484    0s] ILPostProcess Library/Bee/artifacts/2400b0aP.dag/post-processed/Assembly-CSharp.dll (+pdb)
Processing assembly Library/Bee/artifacts/2400b0aP.dag/Assembly-CSharp.dll, with 106 defines and 216 references
processors: zzzUnity.Burst.CodeGen.BurstILPostProcessor
running zzzUnity.Burst.CodeGen.BurstILPostProcessor
[480/484    0s] CopyFiles Library/Bee/PlayerScriptAssemblies/Assembly-CSharp.pdb
[481/484    0s] CopyFiles Library/Bee/PlayerScriptAssemblies/Assembly-CSharp.dll
[483/484    0s] BuildPlayerDataGenerator Library/BuildPlayerData/Player/RuntimeInitializeOnLoads.json (+1 other)
*** Tundra build success (2.15 seconds), 60 items updated, 484 evaluated
Not rebuilding Data files -- no changes
Asset Pipeline Refresh (id=e894f755a70dc4341ad49f09acd99db2): Total: 0.167 seconds - Initiated by RefreshV2(NoUpdateAssetOptions)


Mono dependencies included in the build
Dependency assembly - System.Reflection.Extensions.dll
Dependency assembly - System.IO.Compression.FileSystem.dll
Dependency assembly - System.IO.Compression.dll
Dependency assembly - System.Security.dll
Dependency assembly - Unity.RenderPipelines.Universal.Shaders.dll
Dependency assembly - System.Xml.dll
Dependency assembly - Unity.Robotics.UrdfImporter.dll
Dependency assembly - System.Collections.dll
Dependency assembly - Unity.RenderPipelines.Core.Runtime.dll
Dependency assembly - Unity.RenderPipelines.ShaderGraph.ShaderGraphLibrary.dll
Dependency assembly - Unity.Mathematics.dll
Dependency assembly - System.Runtime.dll
Dependency assembly - System.Core.dll
Dependency assembly - netstandard.dll
Dependency assembly - System.Data.DataSetExtensions.dll
Dependency assembly - Unity.Robotics.ROSTCPConnector.MessageGeneration.dll
Dependency assembly - Assembly-CSharp.dll
Dependency assembly - vhacd.dll
Dependency assembly - System.Configuration.dll
Dependency assembly - System.ComponentModel.Composition.dll
Dependency assembly - System.Runtime.Serialization.dll
Dependency assembly - Unity.Burst.dll
Dependency assembly - Unity.VisualScripting.State.dll
Dependency assembly - Unity.Burst.Unsafe.dll
Dependency assembly - System.ServiceModel.Internals.dll
Dependency assembly - Unity.RenderPipelines.Universal.Config.Runtime.dll
Dependency assembly - Unity.Recorder.dll
Dependency assembly - Meryuhi.Effects.Fog.Runtime.dll
Dependency assembly - Unity.RenderPipelines.Core.ShaderLibrary.dll
Dependency assembly - System.Numerics.dll
Dependency assembly - Unity.Recorder.Base.dll
Dependency assembly - System.IO.dll
Dependency assembly - Unity.VisualScripting.Core.dll
Dependency assembly - Unity.RenderPipeline.Universal.ShaderLibrary.dll
Dependency assembly - Unity.Timeline.dll
Dependency assembly - System.Data.dll
Dependency assembly - System.Runtime.InteropServices.dll
Dependency assembly - mscorlib.dll
Dependency assembly - System.Transactions.dll
Dependency assembly - System.IO.FileSystem.dll
Dependency assembly - Unity.Robotics.ROSTCPConnector.Messages.dll
Dependency assembly - Unity.TextMeshPro.dll
Dependency assembly - System.Xml.Linq.dll
Dependency assembly - Unity.Robotics.ROSTCPConnector.dll
Dependency assembly - System.dll
Dependency assembly - AssimpNet.dll
Dependency assembly - System.Runtime.InteropServices.RuntimeInformation.dll
Dependency assembly - Mono.Security.dll
Dependency assembly - System.EnterpriseServices.dll
Dependency assembly - Unity.RenderPipelines.Universal.2D.Internal.dll
Dependency assembly - System.Runtime.Extensions.dll
Dependency assembly - System.Diagnostics.Debug.dll
Dependency assembly - System.Drawing.dll
Dependency assembly - Unity.VisualScripting.Antlr3.Runtime.dll
Dependency assembly - Unity.InputSystem.dll
Dependency assembly - Unity.InputSystem.ForUI.dll
Dependency assembly - System.Reflection.dll
Dependency assembly - System.Text.Encoding.dll
Dependency assembly - UnityEngine.UI.dll
Dependency assembly - System.Console.dll
Dependency assembly - Unity.RenderPipelines.Universal.Runtime.dll
Dependency assembly - System.AppContext.dll
Dependency assembly - System.Threading.dll
Dependency assembly - System.Globalization.dll
Dependency assembly - Unity.VisualScripting.Flow.dll
Dependency assembly - System.Net.Http.dll

[40m[32minfo[39m[22m[49m: Microsoft.AspNetCore.Hosting.Diagnostics[1]
      Request starting HTTP/2 POST http://ilpp/UnityILPP.PostProcessing/Ping application/grpc -
[40m[32minfo[39m[22m[49m: Microsoft.AspNetCore.Routing.EndpointMiddleware[0]
      Executing endpoint 'gRPC - /UnityILPP.PostProcessing/Ping'
[40m[32minfo[39m[22m[49m: Microsoft.AspNetCore.Routing.EndpointMiddleware[1]
      Executed endpoint 'gRPC - /UnityILPP.PostProcessing/Ping'
[40m[32minfo[39m[22m[49m: Microsoft.AspNetCore.Hosting.Diagnostics[2]
      Request finished HTTP/2 POST http://ilpp/UnityILPP.PostProcessing/Ping application/grpc - - 200 - application/grpc 0.1851ms
Starting: /data1/chh/dependency/unity/2022.3.62f2/Editor/Data/bee_backend --ipc --dagfile="Library/Bee/Playerf572f3fb.dag" --profile="Library/Bee/backend1.traceevents" Player
WorkingDir: /data1/chh/project/robosupport/software/sim/Rubble_Pile_Simulator
DisplayProgressbar: Incremental Player Build
/data1/chh/project/robosupport/software/sim/Rubble_Pile_Simulator/Library/PackageCache/com.unity.burst@1.8.21/.Runtime/bcl.exe exited after 2806 ms.
stdout:
Starting 1 library requests
Done
stderr:

[132/180    0s] CopyFiles Builds/Linux/RubbleSim_Data/Managed/Assembly-CSharp.dll
[175/180    0s] CopyFiles Builds/Linux/RubbleSim_Data/Resources/UnityPlayer.png
[176/180    0s] AddBootConfigGUID Library/Bee/artifacts/LinuxPlayerBuildProgram/boot.config
[177/180    0s] CopyFiles Builds/Linux/RubbleSim_Data/boot.config
[178/180    2s] GenerateNativePluginsForAssemblies Library/Bee/artifacts/LinuxPlayerBuildProgram/AsyncPluginsFromLinker
*** Tundra build success (2.86 seconds), 5 items updated, 180 evaluated
ExitCode: 0 Duration: 2s936ms
Total cache size 40504648
Total cache size after purge 40504648
Refreshing native plugins compatible for Editor in 1.83 ms, found 3 plugins.
Preloading 0 native plugins for Editor in 0.00 ms.

-------------------------------------------------------------------------------
Build Report
Information on used Assets is not available, since player data was not rebuilt.
Do a clean build to view the Asset build report information.
-------------------------------------------------------------------------------
Unloading 4 Unused Serialized files (Serialized files now loaded: 0)
Unloading 67 unused Assets / (467.2 KB). Loaded Objects now: 6522.
Memory consumption went from 198.8 MB to 198.3 MB.
Total: 18.022688 ms (FindLiveObjects: 0.417812 ms CreateObjectMapping: 0.311308 ms MarkObjects: 15.739664 ms  DeleteObjects: 1.552644 ms)

Build Finished, Result: Success.
##utp:{"type":"PlayerBuildInfo","version":2,"phase":"Immediate","time":1789834115843,"processId":2888764,"steps":[{"description":"Preprocess Player","duration":104},{"description":"Prepare For Build","duration":1},{"description":"ProducePlayerScriptAssemblies","duration":3842},{"description":"Verify Build setup","duration":203},{"description":"Prepare assets for target platform","duration":168},{"description":"Prepare splash screen","duration":0},{"description":"Run script only build","duration":422},{"description":"Postprocess built player","duration":3318}],"duration":8058}
[PhysX] Initialized MultithreadedTaskDispatcher with 113 workers.
Unloading 0 Unused Serialized files (Serialized files now loaded: 0)
Loaded scene 'Temp/__Backupscenes/0.backup'
	Deserialize:            0.548 ms
	Integration:            284.566 ms
	Integration of assets:  0.001 ms
	Thread Wait Time:       0.008 ms
	Total Operation Time:   285.122 ms
Unloading 0 unused Assets / (2.3 MB). Loaded Objects now: 6485.
Memory consumption went from 194.9 MB to 192.5 MB.
Total: 10.812128 ms (FindLiveObjects: 0.466934 ms CreateObjectMapping: 0.400132 ms MarkObjects: 9.918444 ms  DeleteObjects: 0.025461 ms)

[DemoBuild] result=Succeeded errors=0 warnings=1 size=120275150 bytes time=00:00:08.1451075
UnityEngine.StackTraceUtility:ExtractStackTrace () (at /home/bokken/build/output/unity/unity/Runtime/Export/Scripting/StackTrace.cs:37)
UnityEngine.DebugLogHandler:LogFormat (UnityEngine.LogType,UnityEngine.Object,string,object[])
UnityEngine.Logger:Log (UnityEngine.LogType,object)
UnityEngine.Debug:Log (object)
DemoBuild:PerformBuild () (at Assets/DemoRender/Editor/DemoBuild.cs:48)

(Filename: Assets/DemoRender/Editor/DemoBuild.cs Line: 48)

[DemoBuild] BUILD OK
UnityEngine.StackTraceUtility:ExtractStackTrace () (at /home/bokken/build/output/unity/unity/Runtime/Export/Scripting/StackTrace.cs:37)
UnityEngine.DebugLogHandler:LogFormat (UnityEngine.LogType,UnityEngine.Object,string,object[])
UnityEngine.Logger:Log (UnityEngine.LogType,object)
UnityEngine.Debug:Log (object)
DemoBuild:PerformBuild () (at Assets/DemoRender/Editor/DemoBuild.cs:57)

(Filename: Assets/DemoRender/Editor/DemoBuild.cs Line: 57)

[PhysX] Initialized MultithreadedTaskDispatcher with 113 workers.
Input System module state changed to: ShutdownInProgress.
Input System polling thread exited.
Input System module state changed to: Shutdown.
[Licensing::IpcConnector] LicenseClient-chh-notifications channel disconnected successfully.
[Licensing::IpcConnector] LicenseClient-chh channel disconnected successfully.
[40m[32minfo[39m[22m[49m: Microsoft.Hosting.Lifetime[0]
      Application is shutting down...
[40m[32minfo[39m[22m[49m: Unity.ILPP.Runner.PostProcessingAssemblyLoadContext[0]
      ALC ILPP context 2 is unloading
Cleanup mono
debugger-agent: Unable to listen on 130
[Performance] Application.InitializeProject                                                                                  :        1 samples, Peak.  9.56 s (1.0x), Avg.  9.56 s, Total. 9.564 s (41.7%)
[Performance] Application.PackageManager.StartServer                                                                         :        1 samples, Peak.  1.79 ms (1.0x), Avg.  1.79 ms, Total. 1.794 ms (0.0%)
[Performance] Application.AcquireProjectLock                                                                                 :        1 samples, Peak.   552 us (1.0x), Avg.   552 us, Total. 551.6 us (0.0%)
[Performance] Application.InitializeEngineNoGraphics                                                                         :        1 samples, Peak.   195 ms (1.0x), Avg.   195 ms, Total. 194.5 ms (0.8%)
[Performance] Application.PackageManager.Initialize                                                                          :        1 samples, Peak.  50.2 ms (1.0x), Avg.  50.2 ms, Total. 50.18 ms (0.2%)
[Performance] Connecting to Package Manager                                                                                  :        6 samples, Peak.  26.3 us (5.5x), Avg.  4.75 us, Total. 28.50 us (0.0%)
[Performance] Application.EngineGraphics.Initialize                                                                          :        1 samples, Peak.   374 ms (1.0x), Avg.   374 ms, Total. 373.7 ms (1.6%)
[Performance] Application.GI.Initialize                                                                                      :        1 samples, Peak.  8.88 ms (1.0x), Avg.  8.88 ms, Total. 8.884 ms (0.0%)
[Performance] Application.LoadAllDefaultResourcesFromEditor                                                                  :        1 samples, Peak.  2.09 ms (1.0x), Avg.  2.09 ms, Total. 2.094 ms (0.0%)
[Performance] Application.LoadMonoAssemblies                                                                                 :        1 samples, Peak.   538 ms (1.0x), Avg.   538 ms, Total. 538.2 ms (2.3%)
[Performance] RestoreManagedReferences                                                                                       :        2 samples, Peak.   152 ms (2.0x), Avg.  75.8 ms, Total. 151.7 ms (0.7%)
[Performance] InitializeOnLoad AssetStoreContext                                                                             :        2 samples, Peak.  24.3 ms (1.7x), Avg.  14.5 ms, Total. 29.04 ms (0.1%)
[Performance] InitializeOnLoad DrivenRectTransformUndo                                                                       :        2 samples, Peak.   252 us (1.0x), Avg.   244 us, Total. 488.2 us (0.0%)
[Performance] InitializeOnLoad UISystemProfilerRenderService                                                                 :        2 samples, Peak.  10.1 us (1.2x), Avg.  8.15 us, Total. 16.31 us (0.0%)
[Performance] InitializeOnLoad SceneSearch                                                                                   :        2 samples, Peak.   134 us (1.1x), Avg.   118 us, Total. 235.2 us (0.0%)
[Performance] InitializeOnLoad NativeFormatImporterUtility                                                                   :        2 samples, Peak.  2.94 ms (1.2x), Avg.  2.39 ms, Total. 4.772 ms (0.0%)
[Performance] InitializeOnLoad ManagedDebuggerWindow                                                                         :        2 samples, Peak.   696 us (1.5x), Avg.   476 us, Total. 952.4 us (0.0%)
[Performance] InitializeOnLoad SearchService                                                                                 :        2 samples, Peak.   114 us (1.0x), Avg.   110 us, Total. 221.0 us (0.0%)
[Performance] InitializeOnLoad WindowLayout                                                                                  :        2 samples, Peak.   745 us (1.1x), Avg.   677 us, Total. 1.354 ms (0.0%)
[Performance] InitializeOnLoad PoolManager                                                                                   :        2 samples, Peak.   531 us (1.0x), Avg.   529 us, Total. 1.058 ms (0.0%)
[Performance] InitializeOnLoad CloudBuild                                                                                    :        2 samples, Peak.  6.64 us (1.2x), Avg.  5.34 us, Total. 10.68 us (0.0%)
[Performance] InitializeOnLoad MixerEffectDefinitionReloader                                                                 :        2 samples, Peak.  2.52 ms (1.2x), Avg.  2.05 ms, Total. 4.107 ms (0.0%)
[Performance] InitializeOnLoad SettingsService                                                                               :        2 samples, Peak.  14.4 us (1.3x), Avg.  10.8 us, Total. 21.65 us (0.0%)
[Performance] InitializeOnLoad ProjectSearch                                                                                 :        2 samples, Peak.  59.9 us (1.1x), Avg.  52.8 us, Total. 105.6 us (0.0%)
[Performance] InitializeOnLoad CacheServerWindow                                                                             :        2 samples, Peak.  13.9 us (1.3x), Avg.  10.6 us, Total. 21.14 us (0.0%)
[Performance] InitializeOnLoad EditMode                                                                                      :        2 samples, Peak.   405 us (1.1x), Avg.   369 us, Total. 738.0 us (0.0%)
[Performance] InitializeOnLoad UnityConnect                                                                                  :        2 samples, Peak.  49.3 us (1.0x), Avg.  47.5 us, Total. 95.06 us (0.0%)
[Performance] InitializeOnLoad ManagedDebugger                                                                               :        2 samples, Peak.   440 ns (1.0x), Avg.   440 ns, Total. 880.0 ns (0.0%)
[Performance] InitializeOnLoad ShortcutIntegration                                                                           :        2 samples, Peak.  61.2 us (1.1x), Avg.  56.7 us, Total. 113.4 us (0.0%)
[Performance] InitializeOnLoad AddComponentWindow                                                                            :        2 samples, Peak.   110 us (1.1x), Avg.   102 us, Total. 204.4 us (0.0%)
[Performance] InitializeOnLoad PlayModeDownload                                                                              :        2 samples, Peak.  6.43 ms (1.9x), Avg.  3.32 ms, Total. 6.631 ms (0.0%)
[Performance] InitializeOnLoad MenuItems                                                                                     :        2 samples, Peak.  92.7 us (1.1x), Avg.  86.3 us, Total. 172.6 us (0.0%)
[Performance] InitializeOnLoad PrefabInstanceChangedListener                                                                 :        2 samples, Peak.   131 us (1.0x), Avg.   129 us, Total. 257.1 us (0.0%)
[Performance] InitializeOnLoad ObjectSelectorSearch                                                                          :        2 samples, Peak.  99.2 us (1.5x), Avg.  66.0 us, Total. 131.9 us (0.0%)
[Performance] InitializeOnLoad EditorMonitor                                                                                 :        2 samples, Peak.   674 us (1.2x), Avg.   542 us, Total. 1.084 ms (0.0%)
[Performance] InitializeOnLoad RetainedMode                                                                                  :        2 samples, Peak.  2.23 ms (1.0x), Avg.  2.15 ms, Total. 4.302 ms (0.0%)
[Performance] InitializeOnLoad EditorShaderLoader                                                                            :        2 samples, Peak.   623 us (1.1x), Avg.   582 us, Total. 1.165 ms (0.0%)
[Performance] InitializeOnLoad EditorDelegateRegistration                                                                    :        2 samples, Peak.   557 us (1.2x), Avg.   483 us, Total. 965.2 us (0.0%)
[Performance] InitializeOnLoad UIDocumentHierarchyWatcher                                                                    :        2 samples, Peak.  72.2 us (1.0x), Avg.  70.5 us, Total. 141.0 us (0.0%)
[Performance] InitializeOnLoad LiveReloadTrackerCreator                                                                      :        2 samples, Peak.   182 us (1.2x), Avg.   153 us, Total. 306.6 us (0.0%)
[Performance] InitializeOnLoad UxmlObjectEditorFactories                                                                     :        2 samples, Peak.   543 us (1.2x), Avg.   450 us, Total. 900.4 us (0.0%)
[Performance] InitializeOnLoad UXMLEditorFactories                                                                           :        2 samples, Peak.  62.0 ms (1.0x), Avg.  59.7 ms, Total. 119.3 ms (0.5%)
[Performance] InitializeOnLoad PurchasingService                                                                             :        2 samples, Peak.  6.32 ms (1.0x), Avg.  6.23 ms, Total. 12.47 ms (0.1%)
[Performance] InitializeOnLoad CloudBuildPoller                                                                              :        2 samples, Peak.   109 us (1.0x), Avg.   104 us, Total. 209.0 us (0.0%)
[Performance] InitializeOnLoad EditorGameServicesAnalytics                                                                   :        2 samples, Peak.  1.66 ms (1.6x), Avg.  1.01 ms, Total. 2.027 ms (0.0%)
[Performance] InitializeOnLoad AnalyticsService                                                                              :        2 samples, Peak.   178 us (1.0x), Avg.   175 us, Total. 350.2 us (0.0%)
[Performance] InitializeOnLoad BuildService                                                                                  :        2 samples, Peak.   149 us (1.0x), Avg.   145 us, Total. 290.7 us (0.0%)
[Performance] InitializeOnLoad AdsService                                                                                    :        2 samples, Peak.   384 us (1.0x), Avg.   377 us, Total. 753.4 us (0.0%)
[Performance] InitializeOnLoad UDPService                                                                                    :        2 samples, Peak.   152 us (1.0x), Avg.   150 us, Total. 300.6 us (0.0%)
[Performance] InitializeOnLoad CrashService                                                                                  :        2 samples, Peak.   146 us (1.0x), Avg.   143 us, Total. 285.1 us (0.0%)
[Performance] InitializeOnLoad ServicesRepository                                                                            :        2 samples, Peak.   466 ns (1.0x), Avg.   463 ns, Total. 926.0 ns (0.0%)
[Performance] InitializeOnLoad SearchWindow                                                                                  :        2 samples, Peak.   140 us (1.2x), Avg.   120 us, Total. 240.3 us (0.0%)
[Performance] InitializeOnLoad SearchMonitor                                                                                 :        2 samples, Peak.  2.50 ms (1.1x), Avg.  2.20 ms, Total. 4.391 ms (0.0%)
[Performance] InitializeOnLoad CustomIndexers                                                                                :        2 samples, Peak.  15.2 ms (1.1x), Avg.  14.1 ms, Total. 28.10 ms (0.1%)
[Performance] InitializeOnLoad ParameterControllerEditor                                                                     :        2 samples, Peak.  22.6 us (1.2x), Avg.  18.5 us, Total. 36.93 us (0.0%)
[Performance] InitializeOnLoad LayerSettingsWindow                                                                           :        2 samples, Peak.  31.7 us (1.8x), Avg.  17.7 us, Total. 35.44 us (0.0%)
[Performance] InitializeOnLoad PackageManagerHookGUIDConverter.RegisterPackagesEventHandler                                  :        2 samples, Peak.   719 us (1.7x), Avg.   419 us, Total. 838.8 us (0.0%)
[Performance] InitializeOnLoad EditorDragAndDrop.RegisterEditorClient                                                        :        2 samples, Peak.   313 us (1.3x), Avg.   242 us, Total. 484.5 us (0.0%)
[Performance] InitializeOnLoad EditorEventCallbacks.InitializeFontAssetResourceChangeCallBacks                               :        2 samples, Peak.  1.12 ms (1.0x), Avg.  1.10 ms, Total. 2.207 ms (0.0%)
[Performance] InitializeOnLoad SceneTemplateService.Init                                                                     :        2 samples, Peak.  1.26 ms (1.1x), Avg.  1.17 ms, Total. 2.334 ms (0.0%)
[Performance] InitializeOnLoad DiagnosticSwitchesConsoleMessage.Init                                                         :        2 samples, Peak.  4.12 ms (1.7x), Avg.  2.41 ms, Total. 4.810 ms (0.0%)
[Performance] InitializeOnLoad PackageManagerWindow.EditorInitializedInSafeMode                                              :        2 samples, Peak.  26.7 ms (2.0x), Avg.  13.4 ms, Total. 26.88 ms (0.1%)
[Performance] InitializeOnLoad MemoryProfilerCompilationGuard.InjectCompileGuard                                             :        2 samples, Peak.   141 us (1.3x), Avg.   105 us, Total. 210.0 us (0.0%)
[Performance] InitializeOnLoad AssetPostprocessingInternal.RefreshCustomDependencies                                         :        2 samples, Peak.  2.78 ms (1.1x), Avg.  2.44 ms, Total. 4.870 ms (0.0%)
[Performance] InitializeOnLoad SysrootManager.Initialize                                                                     :        2 samples, Peak.   373 us (1.9x), Avg.   191 us, Total. 382.2 us (0.0%)
[Performance] InitializeOnLoad ScopedRegistryAddedPopup.SubscribeToRegistriesAdded                                           :        2 samples, Peak.  7.92 ms (2.0x), Avg.  4.01 ms, Total. 8.019 ms (0.0%)
[Performance] InitializeOnLoad EditorWindow.Initialize                                                                       :        2 samples, Peak.   276 us (1.1x), Avg.   242 us, Total. 483.1 us (0.0%)
[Performance] InitializeOnLoad ToolShortcutContext.Init                                                                      :        2 samples, Peak.   133 us (1.0x), Avg.   129 us, Total. 258.1 us (0.0%)
[Performance] InitializeOnLoad SceneVisibilityManager.Initialize                                                             :        2 samples, Peak.  6.98 ms (1.8x), Avg.  3.91 ms, Total. 7.814 ms (0.0%)
[Performance] AssemblyReloadEvents.afterAssemblyReload: UnityEditor.SceneTemplate.SceneTemplateService.AfterAssemblyReload   :        2 samples, Peak.  3.32 ms (1.8x), Avg.  1.80 ms, Total. 3.594 ms (0.0%)
[Performance] ProcessService.EditorAfterLoadAllAssemblies                                                                    :        2 samples, Peak.   369 us (1.2x), Avg.   297 us, Total. 594.4 us (0.0%)
[Performance] Application.ReadLicenseInfo                                                                                    :        1 samples, Peak.  11.7 ms (1.0x), Avg.  11.7 ms, Total. 11.68 ms (0.1%)
[Performance] Application.InitialRefresh                                                                                     :        1 samples, Peak.  7.96 s (1.0x), Avg.  7.96 s, Total. 7.964 s (34.7%)
[Performance] ShaderImporter.SourceAssetModified                                                                             :        2 samples, Peak.  1.20 us (1.4x), Avg.   889 ns, Total. 1.777 us (0.0%)
[Performance] ShaderIncludeImporter.SourceAssetModified                                                                      :        2 samples, Peak.  1.58 us (1.0x), Avg.  1.56 us, Total. 3.127 us (0.0%)
[Performance] Compiling Scripts                                                                                              :        1 samples, Peak.  2.48 s (1.0x), Avg.  2.48 s, Total. 2.479 s (10.8%)
[Performance] AssemblyReloadEvents.beforeAssemblyReload: UnityEditor.SceneTemplate.SceneTemplateService.BeforeAssemblyReload :        1 samples, Peak.   502 us (1.0x), Avg.   502 us, Total. 502.0 us (0.0%)
[Performance] PresetManagerPostProcessor.OnPreprocessAsset                                                                   :        6 samples, Peak.  1.68 ms (5.4x), Avg.   310 us, Total. 1.858 ms (0.0%)
[Performance] CancelSplashScreenOnAssetChange.OnPreprocessAsset                                                              :        6 samples, Peak.   211 us (5.5x), Avg.  38.0 us, Total. 228.3 us (0.0%)
[Performance] ShaderGraphAssetPostProcessor.OnPreprocessAsset                                                                :        6 samples, Peak.   316 us (4.8x), Avg.  66.4 us, Total. 398.7 us (0.0%)
[Performance] InitializeOnLoad InputSystemUIInputModuleEditor                                                                :        1 samples, Peak.   204 us (1.0x), Avg.   204 us, Total. 203.7 us (0.0%)
[Performance] InitializeOnLoad TouchSimulation                                                                               :        1 samples, Peak.   142 us (1.0x), Avg.   142 us, Total. 142.4 us (0.0%)
[Performance] InitializeOnLoad InputSystem                                                                                   :        1 samples, Peak.  49.9 ms (1.0x), Avg.  49.9 ms, Total. 49.88 ms (0.2%)
[Performance] InitializeOnLoad EnableUITKEditor                                                                              :        1 samples, Peak.  26.0 us (1.0x), Avg.  26.0 us, Total. 25.95 us (0.0%)
[Performance] InitializeOnLoad BurstLoader                                                                                   :        1 samples, Peak.  2.16 s (1.0x), Avg.  2.16 s, Total. 2.160 s (9.4%)
[Performance] InitializeOnLoad ShadowCasterGroup2DManager                                                                    :        1 samples, Peak.   120 us (1.0x), Avg.   120 us, Total. 120.0 us (0.0%)
[Performance] InitializeOnLoad VSUsageUtility                                                                                :        1 samples, Peak.  10.8 ms (1.0x), Avg.  10.8 ms, Total. 10.82 ms (0.0%)
[Performance] InitializeOnLoad FilterWindow                                                                                  :        1 samples, Peak.   114 us (1.0x), Avg.   114 us, Total. 114.0 us (0.0%)
[Performance] InitializeOnLoad RealtimeProbeSubdivisionDebug                                                                 :        1 samples, Peak.   172 us (1.0x), Avg.   172 us, Total. 172.0 us (0.0%)
[Performance] InitializeOnLoad ProbeGIBaking                                                                                 :        1 samples, Peak.  4.58 ms (1.0x), Avg.  4.58 ms, Total. 4.576 ms (0.0%)
[Performance] InitializeOnLoad NodeClassCache                                                                                :        1 samples, Peak.  10.7 us (1.0x), Avg.  10.7 us, Total. 10.72 us (0.0%)
[Performance] InitializeOnLoad ShaderGraphMaterialsUpdater                                                                   :        2 samples, Peak.   369 us (1.6x), Avg.   232 us, Total. 464.1 us (0.0%)
[Performance] InitializeOnLoad BackgroundWatcher                                                                             :        1 samples, Peak.   129 us (1.0x), Avg.   129 us, Total. 128.9 us (0.0%)
[Performance] InitializeOnLoad UnityTestProtocolStarter                                                                      :        1 samples, Peak.   209 us (1.0x), Avg.   209 us, Total. 208.5 us (0.0%)
[Performance] InitializeOnLoad TestStarter                                                                                   :        1 samples, Peak.   593 us (1.0x), Avg.   593 us, Total. 593.0 us (0.0%)
[Performance] InitializeOnLoad RerunCallbackInitializer                                                                      :        1 samples, Peak.  12.3 ms (1.0x), Avg.  12.3 ms, Total. 12.34 ms (0.1%)
[Performance] InitializeOnLoad VisualStudioEditor                                                                            :        1 samples, Peak.  19.5 ms (1.0x), Avg.  19.5 ms, Total. 19.51 ms (0.1%)
[Performance] InitializeOnLoad VisualStudioIntegration                                                                       :        1 samples, Peak.  40.4 ms (1.0x), Avg.  40.4 ms, Total. 40.38 ms (0.2%)
[Performance] InitializeOnLoad TestRunnerApiListener                                                                         :        1 samples, Peak.   118 us (1.0x), Avg.   118 us, Total. 118.4 us (0.0%)
[Performance] InitializeOnLoad PrefabLayoutRebuilder                                                                         :        1 samples, Peak.   254 us (1.0x), Avg.   254 us, Total. 254.1 us (0.0%)
[Performance] InitializeOnLoad RiderScriptEditor                                                                             :        1 samples, Peak.  4.35 ms (1.0x), Avg.  4.35 ms, Total. 4.353 ms (0.0%)
[Performance] InitializeOnLoad CallbackInitializer                                                                           :        1 samples, Peak.  3.42 ms (1.0x), Avg.  3.42 ms, Total. 3.421 ms (0.0%)
[Performance] InitializeOnLoad PlasticPlugin                                                                                 :        1 samples, Peak.  67.5 ms (1.0x), Avg.  67.5 ms, Total. 67.54 ms (0.3%)
[Performance] InitializeOnLoad ToolbarBootstrap                                                                              :        1 samples, Peak.  7.24 ms (1.0x), Avg.  7.24 ms, Total. 7.238 ms (0.0%)
[Performance] InitializeOnLoad VSCodeScriptEditor                                                                            :        1 samples, Peak.  1.89 ms (1.0x), Avg.  1.89 ms, Total. 1.894 ms (0.0%)
[Performance] InitializeOnLoad Renderer2DAnalytics                                                                           :        1 samples, Peak.  78.4 us (1.0x), Avg.  78.4 us, Total. 78.38 us (0.0%)
[Performance] InitializeOnLoad EditorToolManager                                                                             :        1 samples, Peak.  3.77 ms (1.0x), Avg.  3.77 ms, Total. 3.774 ms (0.0%)
[Performance] InitializeOnLoad MaterialReimporter.RegisterUpgraderReimport                                                   :        2 samples, Peak.   232 us (1.8x), Avg.   131 us, Total. 261.6 us (0.0%)
[Performance] InitializeOnLoad FluidPressureMsg.Register                                                                     :        1 samples, Peak.   722 us (1.0x), Avg.   722 us, Total. 722.4 us (0.0%)
[Performance] InitializeOnLoad MeshMsg.Register                                                                              :        1 samples, Peak.  83.8 us (1.0x), Avg.  83.8 us, Total. 83.79 us (0.0%)
[Performance] InitializeOnLoad ImuMsg.Register                                                                               :        1 samples, Peak.  69.2 us (1.0x), Avg.  69.2 us, Total. 69.16 us (0.0%)
[Performance] InitializeOnLoad JointTrajectoryPointMsg.Register                                                              :        1 samples, Peak.  70.4 us (1.0x), Avg.  70.4 us, Total. 70.39 us (0.0%)
[Performance] InitializeOnLoad DiagnosticArrayMsg.Register                                                                   :        1 samples, Peak.  58.7 us (1.0x), Avg.  58.7 us, Total. 58.71 us (0.0%)
[Performance] InitializeOnLoad WrenchMsg.Register                                                                            :        1 samples, Peak.  63.5 us (1.0x), Avg.  63.5 us, Total. 63.50 us (0.0%)
[Performance] InitializeOnLoad Int32MultiArrayMsg.Register                                                                   :        1 samples, Peak.  84.4 us (1.0x), Avg.  84.4 us, Total. 84.41 us (0.0%)
[Performance] InitializeOnLoad PoseWithCovarianceMsg.Register                                                                :        1 samples, Peak.  67.1 us (1.0x), Avg.  67.1 us, Total. 67.08 us (0.0%)
[Performance] InitializeOnLoad UInt16MultiArrayMsg.Register                                                                  :        1 samples, Peak.   122 us (1.0x), Avg.   122 us, Total. 121.9 us (0.0%)
[Performance] InitializeOnLoad GetObjectInformationRequest.Register                                                          :        1 samples, Peak.  64.6 us (1.0x), Avg.  64.6 us, Total. 64.63 us (0.0%)
[Performance] InitializeOnLoad DurationMsg.Register                                                                          :        1 samples, Peak.  66.4 us (1.0x), Avg.  66.4 us, Total. 66.42 us (0.0%)
[Performance] InitializeOnLoad Vector3StampedMsg.Register                                                                    :        1 samples, Peak.  58.8 us (1.0x), Avg.  58.8 us, Total. 58.77 us (0.0%)
[Performance] InitializeOnLoad MagneticFieldMsg.Register                                                                     :        1 samples, Peak.  51.8 us (1.0x), Avg.  51.8 us, Total. 51.80 us (0.0%)
[Performance] InitializeOnLoad OdometryMsg.Register                                                                          :        1 samples, Peak.   185 us (1.0x), Avg.   185 us, Total. 185.4 us (0.0%)
[Performance] InitializeOnLoad Pose2DMsg.Register                                                                            :        1 samples, Peak.  61.9 us (1.0x), Avg.  61.9 us, Total. 61.95 us (0.0%)
[Performance] InitializeOnLoad PoseArrayMsg.Register                                                                         :        1 samples, Peak.  57.5 us (1.0x), Avg.  57.5 us, Total. 57.48 us (0.0%)
[Performance] InitializeOnLoad Point32Msg.Register                                                                           :        1 samples, Peak.  61.2 us (1.0x), Avg.  61.2 us, Total. 61.21 us (0.0%)
[Performance] InitializeOnLoad TransformMsg.Register                                                                         :        1 samples, Peak.  75.3 us (1.0x), Avg.  75.3 us, Total. 75.32 us (0.0%)
[Performance] InitializeOnLoad WrenchStampedMsg.Register                                                                     :        1 samples, Peak.  56.3 us (1.0x), Avg.  56.3 us, Total. 56.31 us (0.0%)
[Performance] InitializeOnLoad RecognizedObjectMsg.Register                                                                  :        1 samples, Peak.  64.8 us (1.0x), Avg.  64.8 us, Total. 64.82 us (0.0%)
[Performance] InitializeOnLoad InteractiveMarkerUpdateMsg.Register                                                           :        1 samples, Peak.  59.0 us (1.0x), Avg.  59.0 us, Total. 59.03 us (0.0%)
[Performance] InitializeOnLoad Int64MultiArrayMsg.Register                                                                   :        1 samples, Peak.  56.2 us (1.0x), Avg.  56.2 us, Total. 56.22 us (0.0%)
[Performance] InitializeOnLoad Float32MultiArrayMsg.Register                                                                 :        1 samples, Peak.  60.3 us (1.0x), Avg.  60.3 us, Total. 60.26 us (0.0%)
[Performance] InitializeOnLoad GetInteractiveMarkersResponse.Register                                                        :        1 samples, Peak.  72.0 us (1.0x), Avg.  72.0 us, Total. 72.00 us (0.0%)
[Performance] InitializeOnLoad Int16Msg.Register                                                                             :        1 samples, Peak.  66.1 us (1.0x), Avg.  66.1 us, Total. 66.10 us (0.0%)
[Performance] InitializeOnLoad HeaderMsg.Register                                                                            :        1 samples, Peak.  53.6 us (1.0x), Avg.  53.6 us, Total. 53.57 us (0.0%)
[Performance] InitializeOnLoad ImageMarkerMsg.Register                                                                       :        1 samples, Peak.  57.6 us (1.0x), Avg.  57.6 us, Total. 57.59 us (0.0%)
[Performance] InitializeOnLoad IlluminanceMsg.Register                                                                       :        1 samples, Peak.  54.4 us (1.0x), Avg.  54.4 us, Total. 54.44 us (0.0%)
[Performance] InitializeOnLoad LaserEchoMsg.Register                                                                         :        1 samples, Peak.  58.1 us (1.0x), Avg.  58.1 us, Total. 58.13 us (0.0%)
[Performance] InitializeOnLoad GetObjectInformationResponse.Register                                                         :        1 samples, Peak.  58.2 us (1.0x), Avg.  58.2 us, Total. 58.16 us (0.0%)
[Performance] InitializeOnLoad QuaternionStampedMsg.Register                                                                 :        1 samples, Peak.  56.9 us (1.0x), Avg.  56.9 us, Total. 56.87 us (0.0%)
[Performance] InitializeOnLoad SetMapRequest.Register                                                                        :        1 samples, Peak.  60.1 us (1.0x), Avg.  60.1 us, Total. 60.06 us (0.0%)
[Performance] InitializeOnLoad GoalIDMsg.Register                                                                            :        1 samples, Peak.   122 us (1.0x), Avg.   122 us, Total. 121.8 us (0.0%)
[Performance] InitializeOnLoad InteractiveMarkerFeedbackMsg.Register                                                         :        1 samples, Peak.  61.1 us (1.0x), Avg.  61.1 us, Total. 61.09 us (0.0%)
[Performance] InitializeOnLoad TwistWithCovarianceStampedMsg.Register                                                        :        1 samples, Peak.  62.1 us (1.0x), Avg.  62.1 us, Total. 62.05 us (0.0%)
[Performance] InitializeOnLoad UInt32Msg.Register                                                                            :        1 samples, Peak.  58.4 us (1.0x), Avg.  58.4 us, Total. 58.41 us (0.0%)
[Performance] InitializeOnLoad RelativeHumidityMsg.Register                                                                  :        1 samples, Peak.  60.9 us (1.0x), Avg.  60.9 us, Total. 60.92 us (0.0%)
[Performance] InitializeOnLoad AddDiagnosticsRequest.Register                                                                :        1 samples, Peak.  61.0 us (1.0x), Avg.  61.0 us, Total. 60.99 us (0.0%)
[Performance] InitializeOnLoad LookupTransformResult.Register                                                                :        1 samples, Peak.  64.8 us (1.0x), Avg.  64.8 us, Total. 64.77 us (0.0%)
[Performance] InitializeOnLoad AccelWithCovarianceStampedMsg.Register                                                        :        1 samples, Peak.  56.0 us (1.0x), Avg.  56.0 us, Total. 56.03 us (0.0%)
[Performance] InitializeOnLoad UInt64Msg.Register                                                                            :        1 samples, Peak.  67.2 us (1.0x), Avg.  67.2 us, Total. 67.23 us (0.0%)
[Performance] InitializeOnLoad DisparityImageMsg.Register                                                                    :        1 samples, Peak.  63.5 us (1.0x), Avg.  63.5 us, Total. 63.46 us (0.0%)
[Performance] InitializeOnLoad ObjectInformationMsg.Register                                                                 :        1 samples, Peak.  52.1 us (1.0x), Avg.  52.1 us, Total. 52.13 us (0.0%)
[Performance] InitializeOnLoad TwistMsg.Register                                                                             :        1 samples, Peak.  58.0 us (1.0x), Avg.  58.0 us, Total. 57.96 us (0.0%)
[Performance] InitializeOnLoad ObjectTypeMsg.Register                                                                        :        1 samples, Peak.  54.8 us (1.0x), Avg.  54.8 us, Total. 54.81 us (0.0%)
[Performance] InitializeOnLoad NavSatFixMsg.Register                                                                         :        1 samples, Peak.  54.9 us (1.0x), Avg.  54.9 us, Total. 54.90 us (0.0%)
[Performance] InitializeOnLoad CharMsg.Register                                                                              :        1 samples, Peak.  59.3 us (1.0x), Avg.  59.3 us, Total. 59.33 us (0.0%)
[Performance] InitializeOnLoad UInt64MultiArrayMsg.Register                                                                  :        1 samples, Peak.  69.5 us (1.0x), Avg.  69.5 us, Total. 69.47 us (0.0%)
[Performance] InitializeOnLoad MarkerArrayMsg.Register                                                                       :        1 samples, Peak.  64.2 us (1.0x), Avg.  64.2 us, Total. 64.19 us (0.0%)
[Performance] InitializeOnLoad GetMapFeedback.Register                                                                       :        1 samples, Peak.  61.3 us (1.0x), Avg.  61.3 us, Total. 61.27 us (0.0%)
[Performance] InitializeOnLoad JointStateMsg.Register                                                                        :        1 samples, Peak.  54.6 us (1.0x), Avg.  54.6 us, Total. 54.57 us (0.0%)
[Performance] InitializeOnLoad BoundingBoxQueryRequest.Register                                                              :        1 samples, Peak.  74.1 us (1.0x), Avg.  74.1 us, Total. 74.05 us (0.0%)
[Performance] InitializeOnLoad ObjectRecognitionResult.Register                                                              :        1 samples, Peak.  55.2 us (1.0x), Avg.  55.2 us, Total. 55.23 us (0.0%)
[Performance] InitializeOnLoad TemperatureMsg.Register                                                                       :        1 samples, Peak.  50.6 us (1.0x), Avg.  50.6 us, Total. 50.63 us (0.0%)
[Performance] InitializeOnLoad Vector3Msg.Register                                                                           :        1 samples, Peak.  56.3 us (1.0x), Avg.  56.3 us, Total. 56.32 us (0.0%)
[Performance] InitializeOnLoad SetBoolResponse.Register                                                                      :        1 samples, Peak.  63.3 us (1.0x), Avg.  63.3 us, Total. 63.35 us (0.0%)
[Performance] InitializeOnLoad FrameGraphRequest.Register                                                                    :        1 samples, Peak.  62.8 us (1.0x), Avg.  62.8 us, Total. 62.78 us (0.0%)
[Performance] InitializeOnLoad UInt16Msg.Register                                                                            :        1 samples, Peak.  56.1 us (1.0x), Avg.  56.1 us, Total. 56.09 us (0.0%)
[Performance] InitializeOnLoad UInt8MultiArrayMsg.Register                                                                   :        1 samples, Peak.  56.3 us (1.0x), Avg.  56.3 us, Total. 56.32 us (0.0%)
[Performance] InitializeOnLoad ChannelFloat32Msg.Register                                                                    :        1 samples, Peak.  55.6 us (1.0x), Avg.  55.6 us, Total. 55.55 us (0.0%)
[Performance] InitializeOnLoad GoalStatusMsg.Register                                                                        :        1 samples, Peak.  59.2 us (1.0x), Avg.  59.2 us, Total. 59.18 us (0.0%)
[Performance] InitializeOnLoad SetCameraInfoResponse.Register                                                                :        1 samples, Peak.  55.9 us (1.0x), Avg.  55.9 us, Total. 55.86 us (0.0%)
[Performance] InitializeOnLoad ImageMsg.Register                                                                             :        1 samples, Peak.  59.0 us (1.0x), Avg.  59.0 us, Total. 59.03 us (0.0%)
[Performance] InitializeOnLoad LogMsg.Register                                                                               :        1 samples, Peak.  59.0 us (1.0x), Avg.  59.0 us, Total. 58.98 us (0.0%)
[Performance] InitializeOnLoad PoseStampedMsg.Register                                                                       :        1 samples, Peak.  54.6 us (1.0x), Avg.  54.6 us, Total. 54.56 us (0.0%)
[Performance] InitializeOnLoad ObjectRecognitionFeedback.Register                                                            :        1 samples, Peak.  51.9 us (1.0x), Avg.  51.9 us, Total. 51.85 us (0.0%)
[Performance] InitializeOnLoad TF2ErrorMsg.Register                                                                          :        1 samples, Peak.  57.5 us (1.0x), Avg.  57.5 us, Total. 57.52 us (0.0%)
[Performance] InitializeOnLoad ByteMultiArrayMsg.Register                                                                    :        1 samples, Peak.  55.5 us (1.0x), Avg.  55.5 us, Total. 55.51 us (0.0%)
[Performance] InitializeOnLoad PlaneMsg.Register                                                                             :        1 samples, Peak.  60.1 us (1.0x), Avg.  60.1 us, Total. 60.11 us (0.0%)
[Performance] InitializeOnLoad MapMetaDataMsg.Register                                                                       :        1 samples, Peak.  55.2 us (1.0x), Avg.  55.2 us, Total. 55.17 us (0.0%)
[Performance] InitializeOnLoad TwistStampedMsg.Register                                                                      :        1 samples, Peak.  55.8 us (1.0x), Avg.  55.8 us, Total. 55.80 us (0.0%)
[Performance] InitializeOnLoad GetMapResponse.Register                                                                       :        1 samples, Peak.  52.0 us (1.0x), Avg.  52.0 us, Total. 52.00 us (0.0%)
[Performance] InitializeOnLoad Float32Msg.Register                                                                           :        1 samples, Peak.  50.8 us (1.0x), Avg.  50.8 us, Total. 50.77 us (0.0%)
[Performance] InitializeOnLoad PointFieldMsg.Register                                                                        :        1 samples, Peak.  55.1 us (1.0x), Avg.  55.1 us, Total. 55.15 us (0.0%)
[Performance] InitializeOnLoad PointMsg.Register                                                                             :        1 samples, Peak.  56.9 us (1.0x), Avg.  56.9 us, Total. 56.93 us (0.0%)
[Performance] InitializeOnLoad Int16MultiArrayMsg.Register                                                                   :        1 samples, Peak.  49.9 us (1.0x), Avg.  49.9 us, Total. 49.91 us (0.0%)
[Performance] InitializeOnLoad PointStampedMsg.Register                                                                      :        1 samples, Peak.  55.9 us (1.0x), Avg.  55.9 us, Total. 55.91 us (0.0%)
[Performance] InitializeOnLoad Float64MultiArrayMsg.Register                                                                 :        1 samples, Peak.  52.1 us (1.0x), Avg.  52.1 us, Total. 52.15 us (0.0%)
[Performance] InitializeOnLoad SetMapResponse.Register                                                                       :        1 samples, Peak.  57.6 us (1.0x), Avg.  57.6 us, Total. 57.62 us (0.0%)
[Performance] InitializeOnLoad TwistWithCovarianceMsg.Register                                                               :        1 samples, Peak.  54.6 us (1.0x), Avg.  54.6 us, Total. 54.57 us (0.0%)
[Performance] InitializeOnLoad Int8MultiArrayMsg.Register                                                                    :        1 samples, Peak.  54.4 us (1.0x), Avg.  54.4 us, Total. 54.37 us (0.0%)
[Performance] InitializeOnLoad Float64Msg.Register                                                                           :        1 samples, Peak.  62.0 us (1.0x), Avg.  62.0 us, Total. 61.99 us (0.0%)
[Performance] InitializeOnLoad TopicStatisticsMsg.Register                                                                   :        1 samples, Peak.   132 us (1.0x), Avg.   132 us, Total. 131.8 us (0.0%)
[Performance] InitializeOnLoad GetOctomapResponse.Register                                                                   :        1 samples, Peak.  58.8 us (1.0x), Avg.  58.8 us, Total. 58.77 us (0.0%)
[Performance] InitializeOnLoad GridCellsMsg.Register                                                                         :        1 samples, Peak.  53.7 us (1.0x), Avg.  53.7 us, Total. 53.70 us (0.0%)
[Performance] InitializeOnLoad EmptyRequest.Register                                                                         :        1 samples, Peak.  56.0 us (1.0x), Avg.  56.0 us, Total. 56.00 us (0.0%)
[Performance] InitializeOnLoad LookupTransformFeedback.Register                                                              :        1 samples, Peak.  59.2 us (1.0x), Avg.  59.2 us, Total. 59.16 us (0.0%)
[Performance] InitializeOnLoad SolidPrimitiveMsg.Register                                                                    :        1 samples, Peak.  56.3 us (1.0x), Avg.  56.3 us, Total. 56.35 us (0.0%)
[Performance] InitializeOnLoad Int64Msg.Register                                                                             :        1 samples, Peak.  63.8 us (1.0x), Avg.  63.8 us, Total. 63.83 us (0.0%)
[Performance] InitializeOnLoad PointCloudMsg.Register                                                                        :        1 samples, Peak.  60.1 us (1.0x), Avg.  60.1 us, Total. 60.12 us (0.0%)
[Performance] InitializeOnLoad GetInteractiveMarkersRequest.Register                                                         :        1 samples, Peak.  61.3 us (1.0x), Avg.  61.3 us, Total. 61.28 us (0.0%)
[Performance] InitializeOnLoad JoyFeedbackMsg.Register                                                                       :        1 samples, Peak.  53.2 us (1.0x), Avg.  53.2 us, Total. 53.23 us (0.0%)
[Performance] InitializeOnLoad GetMapResult.Register                                                                         :        1 samples, Peak.  54.1 us (1.0x), Avg.  54.1 us, Total. 54.14 us (0.0%)
[Performance] InitializeOnLoad Int8Msg.Register                                                                              :        1 samples, Peak.  52.1 us (1.0x), Avg.  52.1 us, Total. 52.09 us (0.0%)
[Performance] InitializeOnLoad MarkerMsg.Register                                                                            :        1 samples, Peak.  53.9 us (1.0x), Avg.  53.9 us, Total. 53.91 us (0.0%)
[Performance] InitializeOnLoad ByteMsg.Register                                                                              :        1 samples, Peak.  72.4 us (1.0x), Avg.  72.4 us, Total. 72.39 us (0.0%)
[Performance] InitializeOnLoad DiagnosticStatusMsg.Register                                                                  :        1 samples, Peak.  63.3 us (1.0x), Avg.  63.3 us, Total. 63.29 us (0.0%)
[Performance] InitializeOnLoad GetMapRequest.Register                                                                        :        1 samples, Peak.  52.5 us (1.0x), Avg.  52.5 us, Total. 52.49 us (0.0%)
[Performance] InitializeOnLoad GetPlanRequest.Register                                                                       :        1 samples, Peak.  54.5 us (1.0x), Avg.  54.5 us, Total. 54.49 us (0.0%)
[Performance] InitializeOnLoad PointCloud2Msg.Register                                                                       :        1 samples, Peak.  56.1 us (1.0x), Avg.  56.1 us, Total. 56.13 us (0.0%)
[Performance] InitializeOnLoad MultiArrayDimensionMsg.Register                                                               :        1 samples, Peak.  67.8 us (1.0x), Avg.  67.8 us, Total. 67.79 us (0.0%)
[Performance] InitializeOnLoad TimeMsg.Register                                                                              :        1 samples, Peak.  54.8 us (1.0x), Avg.  54.8 us, Total. 54.77 us (0.0%)
[Performance] InitializeOnLoad EmptyResponse.Register                                                                        :        1 samples, Peak.  57.9 us (1.0x), Avg.  57.9 us, Total. 57.94 us (0.0%)
[Performance] InitializeOnLoad PolygonMsg.Register                                                                           :        1 samples, Peak.  63.6 us (1.0x), Avg.  63.6 us, Total. 63.64 us (0.0%)
[Performance] InitializeOnLoad BoundingBoxQueryResponse.Register                                                             :        1 samples, Peak.  56.9 us (1.0x), Avg.  56.9 us, Total. 56.94 us (0.0%)
[Performance] InitializeOnLoad Int32Msg.Register                                                                             :        1 samples, Peak.  60.4 us (1.0x), Avg.  60.4 us, Total. 60.40 us (0.0%)
[Performance] InitializeOnLoad TriggerResponse.Register                                                                      :        1 samples, Peak.  57.3 us (1.0x), Avg.  57.3 us, Total. 57.34 us (0.0%)
[Performance] InitializeOnLoad InteractiveMarkerInitMsg.Register                                                             :        1 samples, Peak.  53.7 us (1.0x), Avg.  53.7 us, Total. 53.69 us (0.0%)
[Performance] InitializeOnLoad LookupTransformGoal.Register                                                                  :        1 samples, Peak.  58.1 us (1.0x), Avg.  58.1 us, Total. 58.12 us (0.0%)
[Performance] InitializeOnLoad SetCameraInfoRequest.Register                                                                 :        1 samples, Peak.  54.4 us (1.0x), Avg.  54.4 us, Total. 54.45 us (0.0%)
[Performance] InitializeOnLoad SelfTestResponse.Register                                                                     :        1 samples, Peak.  62.1 us (1.0x), Avg.  62.1 us, Total. 62.15 us (0.0%)
[Performance] InitializeOnLoad AccelWithCovarianceMsg.Register                                                               :        1 samples, Peak.  60.9 us (1.0x), Avg.  60.9 us, Total. 60.94 us (0.0%)
[Performance] InitializeOnLoad TableMsg.Register                                                                             :        1 samples, Peak.  63.9 us (1.0x), Avg.  63.9 us, Total. 63.92 us (0.0%)
[Performance] InitializeOnLoad MultiDOFJointTrajectoryPointMsg.Register                                                      :        1 samples, Peak.  59.8 us (1.0x), Avg.  59.8 us, Total. 59.81 us (0.0%)
[Performance] InitializeOnLoad MultiDOFJointStateMsg.Register                                                                :        1 samples, Peak.  55.8 us (1.0x), Avg.  55.8 us, Total. 55.75 us (0.0%)
[Performance] InitializeOnLoad JoyMsg.Register                                                                               :        1 samples, Peak.  52.5 us (1.0x), Avg.  52.5 us, Total. 52.51 us (0.0%)
[Performance] InitializeOnLoad PathMsg.Register                                                                              :        1 samples, Peak.  50.6 us (1.0x), Avg.  50.6 us, Total. 50.61 us (0.0%)
[Performance] InitializeOnLoad BoolMsg.Register                                                                              :        1 samples, Peak.  53.4 us (1.0x), Avg.  53.4 us, Total. 53.41 us (0.0%)
[Performance] InitializeOnLoad RangeMsg.Register                                                                             :        1 samples, Peak.  55.6 us (1.0x), Avg.  55.6 us, Total. 55.60 us (0.0%)
[Performance] InitializeOnLoad PoseWithCovarianceStampedMsg.Register                                                         :        1 samples, Peak.  54.6 us (1.0x), Avg.  54.6 us, Total. 54.57 us (0.0%)
[Performance] InitializeOnLoad MenuEntryMsg.Register                                                                         :        1 samples, Peak.  54.2 us (1.0x), Avg.  54.2 us, Total. 54.19 us (0.0%)
[Performance] InitializeOnLoad UInt8Msg.Register                                                                             :        1 samples, Peak.  55.8 us (1.0x), Avg.  55.8 us, Total. 55.81 us (0.0%)
[Performance] InitializeOnLoad CompressedImageMsg.Register                                                                   :        1 samples, Peak.  49.8 us (1.0x), Avg.  49.8 us, Total. 49.76 us (0.0%)
[Performance] InitializeOnLoad AccelStampedMsg.Register                                                                      :        1 samples, Peak.  49.2 us (1.0x), Avg.  49.2 us, Total. 49.16 us (0.0%)
[Performance] InitializeOnLoad GetOctomapRequest.Register                                                                    :        1 samples, Peak.  57.3 us (1.0x), Avg.  57.3 us, Total. 57.25 us (0.0%)
[Performance] InitializeOnLoad PolygonStampedMsg.Register                                                                    :        1 samples, Peak.  51.6 us (1.0x), Avg.  51.6 us, Total. 51.59 us (0.0%)
[Performance] InitializeOnLoad NavSatStatusMsg.Register                                                                      :        1 samples, Peak.  53.7 us (1.0x), Avg.  53.7 us, Total. 53.71 us (0.0%)
[Performance] InitializeOnLoad OccupancyGridMsg.Register                                                                     :        1 samples, Peak.  64.9 us (1.0x), Avg.  64.9 us, Total. 64.88 us (0.0%)
[Performance] InitializeOnLoad KeyValueMsg.Register                                                                          :        1 samples, Peak.  61.4 us (1.0x), Avg.  61.4 us, Total. 61.42 us (0.0%)
[Performance] InitializeOnLoad AddDiagnosticsResponse.Register                                                               :        1 samples, Peak.  53.1 us (1.0x), Avg.  53.1 us, Total. 53.07 us (0.0%)
[Performance] InitializeOnLoad SetBoolRequest.Register                                                                       :        1 samples, Peak.  72.5 us (1.0x), Avg.  72.5 us, Total. 72.45 us (0.0%)
[Performance] InitializeOnLoad OctomapMsg.Register                                                                           :        1 samples, Peak.  53.8 us (1.0x), Avg.  53.8 us, Total. 53.77 us (0.0%)
[Performance] InitializeOnLoad InteractiveMarkerMsg.Register                                                                 :        1 samples, Peak.  55.6 us (1.0x), Avg.  55.6 us, Total. 55.57 us (0.0%)
[Performance] InitializeOnLoad GetMapGoal.Register                                                                           :        1 samples, Peak.  52.1 us (1.0x), Avg.  52.1 us, Total. 52.10 us (0.0%)
[Performance] InitializeOnLoad EmptyMsg.Register                                                                             :        1 samples, Peak.  55.9 us (1.0x), Avg.  55.9 us, Total. 55.94 us (0.0%)
[Performance] InitializeOnLoad BatteryStateMsg.Register                                                                      :        1 samples, Peak.  53.7 us (1.0x), Avg.  53.7 us, Total. 53.66 us (0.0%)
[Performance] InitializeOnLoad MultiEchoLaserScanMsg.Register                                                                :        1 samples, Peak.  50.1 us (1.0x), Avg.  50.1 us, Total. 50.07 us (0.0%)
[Performance] InitializeOnLoad RegionOfInterestMsg.Register                                                                  :        1 samples, Peak.  53.8 us (1.0x), Avg.  53.8 us, Total. 53.81 us (0.0%)
[Performance] InitializeOnLoad InertiaMsg.Register                                                                           :        1 samples, Peak.  51.0 us (1.0x), Avg.  51.0 us, Total. 51.01 us (0.0%)
[Performance] InitializeOnLoad JoyFeedbackArrayMsg.Register                                                                  :        1 samples, Peak.   120 us (1.0x), Avg.   120 us, Total. 119.7 us (0.0%)
[Performance] InitializeOnLoad InertiaStampedMsg.Register                                                                    :        1 samples, Peak.  56.1 us (1.0x), Avg.  56.1 us, Total. 56.10 us (0.0%)
[Performance] InitializeOnLoad QuaternionMsg.Register                                                                        :        1 samples, Peak.  54.6 us (1.0x), Avg.  54.6 us, Total. 54.61 us (0.0%)
[Performance] InitializeOnLoad FrameGraphResponse.Register                                                                   :        1 samples, Peak.  57.1 us (1.0x), Avg.  57.1 us, Total. 57.10 us (0.0%)
[Performance] InitializeOnLoad JointTrajectoryMsg.Register                                                                   :        1 samples, Peak.  55.6 us (1.0x), Avg.  55.6 us, Total. 55.57 us (0.0%)
[Performance] InitializeOnLoad LoadMapResponse.Register                                                                      :        1 samples, Peak.  53.8 us (1.0x), Avg.  53.8 us, Total. 53.75 us (0.0%)
[Performance] InitializeOnLoad MultiArrayLayoutMsg.Register                                                                  :        1 samples, Peak.  59.8 us (1.0x), Avg.  59.8 us, Total. 59.81 us (0.0%)
[Performance] InitializeOnLoad AccelMsg.Register                                                                             :        1 samples, Peak.  52.9 us (1.0x), Avg.  52.9 us, Total. 52.89 us (0.0%)
[Performance] InitializeOnLoad LoadMapRequest.Register                                                                       :        1 samples, Peak.  54.3 us (1.0x), Avg.  54.3 us, Total. 54.30 us (0.0%)
[Performance] InitializeOnLoad GetPlanResponse.Register                                                                      :        1 samples, Peak.  60.5 us (1.0x), Avg.  60.5 us, Total. 60.54 us (0.0%)
[Performance] InitializeOnLoad StringMsg.Register                                                                            :        1 samples, Peak.  62.2 us (1.0x), Avg.  62.2 us, Total. 62.25 us (0.0%)
[Performance] InitializeOnLoad SelfTestRequest.Register                                                                      :        1 samples, Peak.  57.4 us (1.0x), Avg.  57.4 us, Total. 57.43 us (0.0%)
[Performance] InitializeOnLoad PoseMsg.Register                                                                              :        1 samples, Peak.  55.0 us (1.0x), Avg.  55.0 us, Total. 54.96 us (0.0%)
[Performance] InitializeOnLoad RecognizedObjectArrayMsg.Register                                                             :        1 samples, Peak.  53.8 us (1.0x), Avg.  53.8 us, Total. 53.85 us (0.0%)
[Performance] InitializeOnLoad InteractiveMarkerControlMsg.Register                                                          :        1 samples, Peak.  54.7 us (1.0x), Avg.  54.7 us, Total. 54.66 us (0.0%)
[Performance] InitializeOnLoad UInt32MultiArrayMsg.Register                                                                  :        1 samples, Peak.  51.8 us (1.0x), Avg.  51.8 us, Total. 51.77 us (0.0%)
[Performance] InitializeOnLoad TableArrayMsg.Register                                                                        :        1 samples, Peak.  57.9 us (1.0x), Avg.  57.9 us, Total. 57.90 us (0.0%)
[Performance] InitializeOnLoad ClockMsg.Register                                                                             :        1 samples, Peak.  59.8 us (1.0x), Avg.  59.8 us, Total. 59.81 us (0.0%)
[Performance] InitializeOnLoad MeshTriangleMsg.Register                                                                      :        1 samples, Peak.  54.5 us (1.0x), Avg.  54.5 us, Total. 54.49 us (0.0%)
[Performance] InitializeOnLoad ObjectRecognitionGoal.Register                                                                :        1 samples, Peak.  58.3 us (1.0x), Avg.  58.3 us, Total. 58.32 us (0.0%)
[Performance] InitializeOnLoad CameraInfoMsg.Register                                                                        :        1 samples, Peak.  59.0 us (1.0x), Avg.  59.0 us, Total. 58.95 us (0.0%)
[Performance] InitializeOnLoad ColorRGBAMsg.Register                                                                         :        1 samples, Peak.  54.1 us (1.0x), Avg.  54.1 us, Total. 54.09 us (0.0%)
[Performance] InitializeOnLoad LaserScanMsg.Register                                                                         :        1 samples, Peak.  55.5 us (1.0x), Avg.  55.5 us, Total. 55.48 us (0.0%)
[Performance] InitializeOnLoad InteractiveMarkerPoseMsg.Register                                                             :        1 samples, Peak.  57.8 us (1.0x), Avg.  57.8 us, Total. 57.79 us (0.0%)
[Performance] InitializeOnLoad OctomapWithPoseMsg.Register                                                                   :        1 samples, Peak.  58.4 us (1.0x), Avg.  58.4 us, Total. 58.35 us (0.0%)
[Performance] InitializeOnLoad TransformStampedMsg.Register                                                                  :        1 samples, Peak.  55.0 us (1.0x), Avg.  55.0 us, Total. 54.97 us (0.0%)
[Performance] InitializeOnLoad TimeReferenceMsg.Register                                                                     :        1 samples, Peak.  59.4 us (1.0x), Avg.  59.4 us, Total. 59.42 us (0.0%)
[Performance] InitializeOnLoad TFMessageMsg.Register                                                                         :        1 samples, Peak.  59.9 us (1.0x), Avg.  59.9 us, Total. 59.92 us (0.0%)
[Performance] InitializeOnLoad MultiDOFJointTrajectoryMsg.Register                                                           :        1 samples, Peak.  59.4 us (1.0x), Avg.  59.4 us, Total. 59.45 us (0.0%)
[Performance] InitializeOnLoad TriggerRequest.Register                                                                       :        1 samples, Peak.  60.5 us (1.0x), Avg.  60.5 us, Total. 60.48 us (0.0%)
[Performance] InitializeOnLoad GoalStatusArrayMsg.Register                                                                   :        1 samples, Peak.  55.2 us (1.0x), Avg.  55.2 us, Total. 55.16 us (0.0%)
[Performance] InitializeOnLoad SysrootPackage.IssueWarningIfLinuxIL2CPPNotPresent                                            :        1 samples, Peak.   125 us (1.0x), Avg.   125 us, Total. 124.8 us (0.0%)
[Performance] InitializeOnLoad RosEditorAnalytics.InitializerMethod                                                          :        1 samples, Peak.   544 us (1.0x), Avg.   544 us, Total. 544.0 us (0.0%)
[Performance] InitializeOnLoad InputSystemPluginControl.CheckForExtension                                                    :        1 samples, Peak.  1.61 ms (1.0x), Avg.  1.61 ms, Total. 1.606 ms (0.0%)
[Performance] InitializeOnLoad InputSystemPackageControl.SubscribePackageManagerEvent                                        :        1 samples, Peak.  79.2 us (1.0x), Avg.  79.2 us, Total. 79.19 us (0.0%)
[Performance] InitializeOnLoad TestJobDataHolder.ResumeRunningJobs                                                           :        1 samples, Peak.  3.30 ms (1.0x), Avg.  3.30 ms, Total. 3.297 ms (0.0%)
[Performance] InitializeOnLoad AnalyticsReporter.RegisterCallbacks                                                           :        1 samples, Peak.  1.94 ms (1.0x), Avg.  1.94 ms, Total. 1.939 ms (0.0%)
[Performance] InitializeOnLoad DebugManagerWindowLifetimeAnalytic.SubscribeToDebugManagerOpenCloseWindows                    :        1 samples, Peak.   645 us (1.0x), Avg.   645 us, Total. 645.2 us (0.0%)
[Performance] InitializeOnLoad CoreRenderPipelinePreferences.InitPreferenceProviders                                         :        1 samples, Peak.  36.6 ms (1.0x), Avg.  36.6 ms, Total. 36.62 ms (0.2%)
[Performance] InitializeOnLoad VolumeGizmoDrawer.InitVolumeGizmoCallbacks                                                    :        1 samples, Peak.   448 us (1.0x), Avg.   448 us, Total. 448.5 us (0.0%)
[Performance] InitializeOnLoad HudPanel.InitializeOnLoad                                                                     :        1 samples, Peak.   572 us (1.0x), Avg.   572 us, Total. 572.4 us (0.0%)
[Performance] InitializeOnLoad VisualStudioEditor.LegacyVisualStudioCodePackageDisabler                                      :        1 samples, Peak.  3.46 ms (1.0x), Avg.  3.46 ms, Total. 3.460 ms (0.0%)
[Performance] DidReloadScriptsAdvancedDropdownWindow.OnScriptReload                                                          :        2 samples, Peak.   260 us (1.0x), Avg.   249 us, Total. 497.4 us (0.0%)
[Performance] DidReloadScriptsTestRunnerWindow.CompilationCallback                                                           :        1 samples, Peak.   473 us (1.0x), Avg.   473 us, Total. 472.6 us (0.0%)
[Performance] DidReloadScriptsTestListCache.ScriptReloaded                                                                   :        1 samples, Peak.  4.62 ms (1.0x), Avg.  4.62 ms, Total. 4.623 ms (0.0%)
[Performance] DidReloadScriptsLookDev.OnEditorReload                                                                         :        1 samples, Peak.   291 us (1.0x), Avg.   291 us, Total. 290.8 us (0.0%)
[Performance] DidReloadScriptsDebugWindow.OnEditorReload                                                                     :        1 samples, Peak.  6.17 ms (1.0x), Avg.  6.17 ms, Total. 6.168 ms (0.0%)
[Performance] DidReloadScriptsVolumeComponentEditor.OnEditorReload                                                           :        1 samples, Peak.  86.1 ms (1.0x), Avg.  86.1 ms, Total. 86.09 ms (0.4%)
[Performance] AssetDatabase.ImportAssets                                                                                     :        6 samples, Peak.  37.6 ms (6.0x), Avg.  6.26 ms, Total. 37.59 ms (0.2%)
[Performance] VersionControl.Task.Wait                                                                                       :        1 samples, Peak.  4.75 us (1.0x), Avg.  4.75 us, Total. 4.745 us (0.0%)
[Performance] TMPro_TexturePostProcessor.OnPostprocessAllAssets                                                              :        4 samples, Peak.   567 us (2.2x), Avg.   263 us, Total. 1.051 ms (0.0%)
[Performance] AssetPostprocessor.OnPostprocessAllAssets                                                                      :        4 samples, Peak.   694 us (2.0x), Avg.   349 us, Total. 1.395 ms (0.0%)
[Performance] BuilderAssetPostprocessor.OnPostprocessAllAssets                                                               :        4 samples, Peak.  3.25 ms (2.0x), Avg.  1.66 ms, Total. 6.623 ms (0.0%)
[Performance] ArtifactBrowserPostProcessor.OnPostprocessAllAssets                                                            :        4 samples, Peak.   520 us (2.0x), Avg.   262 us, Total. 1.049 ms (0.0%)
[Performance] AssetEvents.OnPostprocessAllAssets                                                                             :        8 samples, Peak.   188 us (2.9x), Avg.  64.6 us, Total. 517.2 us (0.0%)
[Performance] AudioMixerPostprocessor.OnPostprocessAllAssets                                                                 :        4 samples, Peak.   324 us (2.0x), Avg.   164 us, Total. 655.9 us (0.0%)
[Performance] StyleCatalogPostProcessor.OnPostprocessAllAssets                                                               :        4 samples, Peak.  22.0 ms (2.0x), Avg.  11.0 ms, Total. 43.98 ms (0.2%)
[Performance] BuildCatalog                                                                                                   :        1 samples, Peak.  20.9 ms (1.0x), Avg.  20.9 ms, Total. 20.94 ms (0.1%)
[Performance] ModelImporterPostProcessor.OnPostprocessAllAssets                                                              :        4 samples, Peak.   940 us (2.0x), Avg.   479 us, Total. 1.914 ms (0.0%)
[Performance] MaterialPostprocessor.OnPostprocessAllAssets                                                                   :        8 samples, Peak.   736 us (2.2x), Avg.   333 us, Total. 2.662 ms (0.0%)
[Performance] UniversalRenderPipelineGlobalSettingsPostprocessor.OnPostprocessAllAssets                                      :        4 samples, Peak.  1.07 ms (2.0x), Avg.   546 us, Total. 2.184 ms (0.0%)
[Performance] RetainedModeAssetPostprocessor.OnPostprocessAllAssets                                                          :        4 samples, Peak.  1.90 ms (2.0x), Avg.   962 us, Total. 3.848 ms (0.0%)
[Performance] AssetChangedListener.OnPostprocessAllAssets                                                                    :        4 samples, Peak.  1.25 ms (1.6x), Avg.   763 us, Total. 3.053 ms (0.0%)
[Performance] PostProcessor.OnPostprocessAllAssets                                                                           :        4 samples, Peak.   239 us (1.8x), Avg.   134 us, Total. 537.9 us (0.0%)
[Performance] ShaderGraphAssetPostProcessor.OnPostprocessAllAssets                                                           :        4 samples, Peak.  1.44 ms (1.8x), Avg.   789 us, Total. 3.157 ms (0.0%)
[Performance] SpeedTreePostProcessor.OnPostprocessAllAssets                                                                  :        4 samples, Peak.   199 us (1.8x), Avg.   110 us, Total. 439.0 us (0.0%)
[Performance] TextAssetPostProcessor.OnPostprocessAllAssets                                                                  :        4 samples, Peak.   385 us (1.9x), Avg.   201 us, Total. 805.1 us (0.0%)
[Performance] InputActionAssetPostprocessor.OnPostprocessAllAssets                                                           :        4 samples, Peak.   354 us (1.9x), Avg.   185 us, Total. 739.7 us (0.0%)
[Performance] InputActionJsonNameModifierAssetProcessor.OnPostprocessAllAssets                                               :        4 samples, Peak.  77.3 us (1.7x), Avg.  45.2 us, Total. 180.8 us (0.0%)
[Performance] ProjectSettingsPostprocessor.OnPostprocessAllAssets                                                            :        4 samples, Peak.   206 us (1.9x), Avg.   107 us, Total. 426.5 us (0.0%)
[Performance] SyncVS.PostprocessSyncProject                                                                                  :        2 samples, Peak.  66.4 us (1.9x), Avg.  35.3 us, Total. 70.50 us (0.0%)
[Performance] EditorApplication.projectChanged: UnityEditor.Audio.MixerEffectDefinitionReloader.OnProjectChanged             :        1 samples, Peak.   499 us (1.0x), Avg.   499 us, Total. 499.0 us (0.0%)
[Performance] EditorApplication.projectChanged: UnityEngine.InputSystem.LowLevel.NativeInputRuntime.OnProjectChanged         :        1 samples, Peak.   171 us (1.0x), Avg.   171 us, Total. 171.3 us (0.0%)
[Performance] Application.ImportPackagesAndSetTemplateWhenCreatingProject                                                    :        1 samples, Peak.  13.9 ms (1.0x), Avg.  13.9 ms, Total. 13.90 ms (0.1%)
[Performance] Application.SyncCurrentColorSpace                                                                              :        1 samples, Peak.   105 ms (1.0x), Avg.   105 ms, Total. 104.7 ms (0.5%)
[Performance] Application.OnUsbDevicesChanged                                                                                :        1 samples, Peak.  1.12 ms (1.0x), Avg.  1.12 ms, Total. 1.119 ms (0.0%)
[Performance] Application.AssetInstanceCacheUpdate                                                                           :        1 samples, Peak.   436 ns (1.0x), Avg.   436 ns, Total. 436.0 ns (0.0%)
[Performance] Application.UnityExtensions.Initialize                                                                         :        1 samples, Peak.  7.94 ms (1.0x), Avg.  7.94 ms, Total. 7.944 ms (0.0%)
[Performance] CodeEditorProjectSync.SyncEditorProject                                                                        :        1 samples, Peak.  98.1 us (1.0x), Avg.  98.1 us, Total. 98.13 us (0.0%)
[Performance] Application.ExecuteStartups                                                                                    :        1 samples, Peak.  65.7 ms (1.0x), Avg.  65.7 ms, Total. 65.65 ms (0.3%)
[Performance] Menu.RegisterMenuInterface                                                                                     :       26 samples, Peak.  1.22 us (4.4x), Avg.   279 ns, Total. 7.261 us (0.0%)
[Performance] Gizmo.RebuildRenderers                                                                                         :        2 samples, Peak.  63.5 ms (1.4x), Avg.  45.0 ms, Total. 89.99 ms (0.4%)
[Performance] Gizmo.AddGizmoRenderers                                                                                        :      192 samples, Peak.  1.73 ms (65.7x), Avg.  26.3 us, Total. 5.054 ms (0.0%)
[Performance] Application.editorInitializingProject                                                                          :        1 samples, Peak.  13.8 ms (1.0x), Avg.  13.8 ms, Total. 13.81 ms (0.1%)
[Performance] Application.InitializeMenu                                                                                     :        1 samples, Peak.   217 ms (1.0x), Avg.   217 ms, Total. 217.0 ms (0.9%)
[Performance] Menu.RebuildAll                                                                                                :        1 samples, Peak.   217 ms (1.0x), Avg.   217 ms, Total. 217.0 ms (0.9%)
[Performance] Menu.BuildRegisteredMenuInterfaces                                                                             :        1 samples, Peak.   216 ms (1.0x), Avg.   216 ms, Total. 216.4 ms (0.9%)
[Performance] Menu.FilterMenuItem                                                                                            :      725 samples, Peak.   176 ms (721.0x), Avg.   244 us, Total. 176.6 ms (0.8%)
[Performance] UpdateAllMenus                                                                                                 :        1 samples, Peak.   540 us (1.0x), Avg.   540 us, Total. 540.1 us (0.0%)
[Performance] EditorSceneManager.sceneClosing: UnityEditor.SceneVisibilityManager.EditorSceneManagerOnSceneClosing           :        2 samples, Peak.   259 us (1.9x), Avg.   135 us, Total. 269.3 us (0.0%)
[Performance] GUIView.RepaintAll.PlayerLoopController                                                                        :        2 samples, Peak.  2.36 us (1.6x), Avg.  1.44 us, Total. 2.872 us (0.0%)
[Performance] EditorSceneManager.newSceneCreated: UnityEditor.SceneTemplate.SceneTemplateService.OnNewSceneCreated           :        1 samples, Peak.   279 us (1.0x), Avg.   279 us, Total. 278.5 us (0.0%)
[Performance] EditorSceneManager.newSceneCreated: UnityEditor.SceneVisibilityManager.EditorSceneManagerOnNewSceneCreated     :        1 samples, Peak.   181 us (1.0x), Avg.   181 us, Total. 180.7 us (0.0%)
[Performance] EditorSceneManager.newSceneCreated: UnityEditor.SceneManagement.StageNavigationManager.OnNewSceneCreated       :        1 samples, Peak.  62.3 us (1.0x), Avg.  62.3 us, Total. 62.28 us (0.0%)
[Performance] Application.InvokeFinishedLoadingProject                                                                       :        1 samples, Peak.  15.3 ms (1.0x), Avg.  15.3 ms, Total. 15.30 ms (0.1%)
[Performance] ProcessService.OnProjectLoaded                                                                                 :        1 samples, Peak.  76.7 us (1.0x), Avg.  76.7 us, Total. 76.72 us (0.0%)
[Performance] Inspector.InitOrRebuild                                                                                        :        2 samples, Peak.   363 us (1.1x), Avg.   342 us, Total. 683.6 us (0.0%)
[Performance] StateMacroSavedEvent.OnWillSaveAssets                                                                          :        2 samples, Peak.   230 us (1.9x), Avg.   120 us, Total. 240.3 us (0.0%)
[Performance] AssetModificationProcessor.OnWillSaveAssets                                                                    :        2 samples, Peak.   249 us (2.0x), Avg.   126 us, Total. 251.4 us (0.0%)
[Performance] UnityCloudProjectLinkMonitor.OnWillSaveAssets                                                                  :        2 samples, Peak.   306 us (2.0x), Avg.   154 us, Total. 308.1 us (0.0%)
[Performance] FlowMacroSavedEvent.OnWillSaveAssets                                                                           :        2 samples, Peak.   174 us (2.0x), Avg.  88.1 us, Total. 176.2 us (0.0%)
[Performance] BuilderAssetModificationProcessor.OnWillSaveAssets                                                             :        2 samples, Peak.   361 us (2.0x), Avg.   182 us, Total. 364.9 us (0.0%)
[Performance] TerrainModificationProcessor.OnWillSaveAssets                                                                  :        2 samples, Peak.   660 us (2.0x), Avg.   332 us, Total. 663.3 us (0.0%)
[Performance] GenerateAssemblyTypeInfos                                                                                      :        2 samples, Peak.  41.9 ms (1.2x), Avg.  33.9 ms, Total. 67.74 ms (0.3%)
[Performance] AssetDatabase.Refresh                                                                                          :        1 samples, Peak.   102 ms (1.0x), Avg.   102 ms, Total. 102.4 ms (0.4%)
[Performance] Application.Shutdown.SaveDefaultWindowPreferences                                                              :        1 samples, Peak.  67.3 us (1.0x), Avg.  67.3 us, Total. 67.33 us (0.0%)
[Performance] Application.Shutdown.SaveSceneManagerSetup                                                                     :        1 samples, Peak.   113 us (1.0x), Avg.   113 us, Total. 113.3 us (0.0%)
[Performance] Application.Shutdown.CleanupAllContainerWindows                                                                :        1 samples, Peak.   850 ns (1.0x), Avg.   850 ns, Total. 850.0 ns (0.0%)
[Performance] EditorApplication.quitting: Unity.Burst.Editor.BurstLoader.OnEditorApplicationQuitting                         :        1 samples, Peak.  35.3 us (1.0x), Avg.  35.3 us, Total. 35.31 us (0.0%)
[Performance] EditorApplication.quitting: callback in UnityEditor.TextCore.Text.EditorEventCallbacks                         :        1 samples, Peak.  49.2 ms (1.0x), Avg.  49.2 ms, Total. 49.23 ms (0.2%)
[Performance] Application.Shutdown.PauseProfilerSession                                                                      :        1 samples, Peak.  70.4 us (1.0x), Avg.  70.4 us, Total. 70.43 us (0.0%)
[Performance] Application.Shutdown.PauseAssetImportWorkers                                                                   :        1 samples, Peak.   564 us (1.0x), Avg.   564 us, Total. 563.6 us (0.0%)
[Performance] Application.Shutdown.SaveAssets                                                                                :        1 samples, Peak.  5.18 ms (1.0x), Avg.  5.18 ms, Total. 5.178 ms (0.0%)
[Performance] Application.Shutdown.CleanupRenderPipeline                                                                     :        1 samples, Peak.  7.30 us (1.0x), Avg.  7.30 us, Total. 7.299 us (0.0%)
[Performance] Application.Shutdown.StopPreloadManager                                                                        :        1 samples, Peak.  10.1 ms (1.0x), Avg.  10.1 ms, Total. 10.07 ms (0.0%)
[Performance] Application.Shutdown.DestroyWorld                                                                              :        1 samples, Peak.   778 us (1.0x), Avg.   778 us, Total. 777.7 us (0.0%)
[Performance] Application.Shutdown.CleanupAfterLoad                                                                          :        1 samples, Peak.   244 ms (1.0x), Avg.   244 ms, Total. 244.1 ms (1.1%)
[Performance] Application.Shutdown.Progress                                                                                  :        1 samples, Peak.  65.6 us (1.0x), Avg.  65.6 us, Total. 65.65 us (0.0%)
[Performance] Application.Shutdown.GICleanupManagers                                                                         :        1 samples, Peak.  6.12 ms (1.0x), Avg.  6.12 ms, Total. 6.116 ms (0.0%)
[Performance] Application.Shutdown.MenuCleanupClass                                                                          :        1 samples, Peak.   287 us (1.0x), Avg.   287 us, Total. 287.4 us (0.0%)
[Performance] Application.Shutdown.ADBSaveStateBeforeShutdown                                                                :        1 samples, Peak.  11.3 us (1.0x), Avg.  11.3 us, Total. 11.25 us (0.0%)
[Performance] Application.Shutdown.RemoteShutdown                                                                            :        1 samples, Peak.  1.24 us (1.0x), Avg.  1.24 us, Total. 1.237 us (0.0%)
[Performance] Application.Shutdown.CleanupVCProvider                                                                         :        1 samples, Peak.  12.9 us (1.0x), Avg.  12.9 us, Total. 12.91 us (0.0%)
[Performance] Application.Shutdown.InputShutdown                                                                             :        1 samples, Peak.  1.63 us (1.0x), Avg.  1.63 us, Total. 1.627 us (0.0%)
[Performance] Application.Shutdown.GizmoManagerDestroy                                                                       :        1 samples, Peak.   778 us (1.0x), Avg.   778 us, Total. 778.4 us (0.0%)
[Performance] Application.Shutdown.ProfilerSession                                                                           :        1 samples, Peak.   266 us (1.0x), Avg.   266 us, Total. 266.5 us (0.0%)
[Performance] Application.Shutdown.ReleaseGfxWindowOnAllGUIViews                                                             :        1 samples, Peak.  1.28 us (1.0x), Avg.  1.28 us, Total. 1.277 us (0.0%)
[Performance] Application.Shutdown.CleanupEngine                                                                             :        1 samples, Peak.  78.9 ms (1.0x), Avg.  78.9 ms, Total. 78.90 ms (0.3%)
[Performance] Application.Shutdown.CleanupAssetDatabase                                                                      :        1 samples, Peak.  8.75 ms (1.0x), Avg.  8.75 ms, Total. 8.753 ms (0.0%)
[Performance] Application.Shutdown.ScriptCompilationCleanUp                                                                  :        1 samples, Peak.  2.56 s (1.0x), Avg.  2.56 s, Total. 2.556 s (11.1%)
[Performance] Application.Shutdown.DestroyJobSystem                                                                          :        1 samples, Peak.  1.59 ms (1.0x), Avg.  1.59 ms, Total. 1.595 ms (0.0%)
[Performance] Application.Shutdown.CleanupPersistentManager                                                                  :        1 samples, Peak.  6.01 ms (1.0x), Avg.  6.01 ms, Total. 6.011 ms (0.0%)
[Performance] Application.Shutdown.CleanupAsyncReadManager                                                                   :        1 samples, Peak.  1.08 ms (1.0x), Avg.  1.08 ms, Total. 1.082 ms (0.0%)
[Performance] Application.Shutdown.CleanupMono                                                                               :        1 samples, Peak.   336 ms (1.0x), Avg.   336 ms, Total. 336.4 ms (1.5%)
[Performance] Application.Shutdown.CleanupStdConverters                                                                      :        1 samples, Peak.  23.3 us (1.0x), Avg.  23.3 us, Total. 23.28 us (0.0%)
[Performance] Application.Shutdown.UnloadAllPlatformSupportModuleNativeDlls                                                  :        1 samples, Peak.   762 ns (1.0x), Avg.   762 ns, Total. 762.0 ns (0.0%)
[Performance] Application.Shutdown.UnloadAllPlatformSupportNativeLibraries                                                   :        1 samples, Peak.   300 ns (1.0x), Avg.   300 ns, Total. 300.0 ns (0.0%)
[Performance] Application.Shutdown.CleanupAutoDocumentation                                                                  :        1 samples, Peak.   578 us (1.0x), Avg.   578 us, Total. 578.4 us (0.0%)
[Performance] Application.Shutdown.ShaderNameManagerDestroy                                                                  :        1 samples, Peak.  99.8 us (1.0x), Avg.  99.8 us, Total. 99.79 us (0.0%)
[Performance] Application.Shutdown.CleanupCacheServer                                                                        :        1 samples, Peak.   441 ns (1.0x), Avg.   441 ns, Total. 441.0 ns (0.0%)
[Performance] Application.Shutdown.Virtualization_Shutdown                                                                   :        1 samples, Peak.   678 ns (1.0x), Avg.   678 ns, Total. 678.0 ns (0.0%)
[Performance] Application.Shutdown.DevConnections                                                                            :        1 samples, Peak.  83.8 us (1.0x), Avg.  83.8 us, Total. 83.85 us (0.0%)
Vulkan PSO: data extracted [new size=518477, old size=518477, incomplete=0]
Vulkan PSO: Pipeline cache has not changed skipping save handle[8cbfdfc0]
[Package Manager] Server::Kill -- Server was shutdown
Checking for leaked weakptr:
  Found no leaked weakptrs.
Memory Statistics:
[ALLOC_TEMP_TLS] TLS Allocator
  StackAllocators : 
    [ALLOC_TEMP_CurlRequest]
      Initial Block Size 64.0 KB
      Current Block Size 64.0 KB
      Peak Allocated Bytes 0 B
      Overflow Count 0
    [ALLOC_TEMP_MAIN]
      Initial Block Size 16.0 MB
      Current Block Size 18.8 MB
      Peak Allocated Bytes 10.6 MB
      Overflow Count 0
    [ALLOC_TEMP_Job.Worker 44]
      Initial Block Size 256.0 KB
      Current Block Size 256.0 KB
      Peak Allocated Bytes 141.0 KB
      Overflow Count 0
    [ALLOC_TEMP_BakingJobs.Worker 83]
      Initial Block Size 256.0 KB
      Current Block Size 256.0 KB
      Peak Allocated Bytes 0 B
      Overflow Count 0
    [ALLOC_TEMP_Job.Worker 4]
      Initial Block Size 256.0 KB
      Current Block Size 256.0 KB
      Peak Allocated Bytes 141.0 KB
      Overflow Count 0
    [ALLOC_TEMP_BakingJobs.Worker 62]
      Initial Block Size 256.0 KB
      Current Block Size 256.0 KB
      Peak Allocated Bytes 0 B
      Overflow Count 0
    [ALLOC_TEMP_BakingJobs.Worker 105]
      Initial Block Size 256.0 KB
      Current Block Size 256.0 KB
      Peak Allocated Bytes 0 B
      Overflow Count 0
    [ALLOC_TEMP_BakingJobs.Worker 24]
      Initial Block Size 256.0 KB
      Current Block Size 256.0 KB
      Peak Allocated Bytes 0 B
      Overflow Count 0
    [ALLOC_TEMP_Job.Worker 103]
      Initial Block Size 256.0 KB
      Current Block Size 0.6 MB
      Peak Allocated Bytes 0.6 MB
      Overflow Count 0
    [ALLOC_TEMP_BakingJobs.Worker 5]
      Initial Block Size 256.0 KB
      Current Block Size 256.0 KB
      Peak Allocated Bytes 0 B
      Overflow Count 0
    [ALLOC_TEMP_Background Job.Worker 11]
      Initial Block Size 32.0 KB
      Current Block Size 32.0 KB
      Peak Allocated Bytes 0 B
      Overflow Count 0
    [ALLOC_TEMP_BakingJobs.Worker 82]
      Initial Block Size 256.0 KB
      Current Block Size 256.0 KB
      Peak Allocated Bytes 0 B
      Overflow Count 0
    [ALLOC_TEMP_Job.Worker 43]
      Initial Block Size 256.0 KB
      Current Block Size 0.6 MB
      Peak Allocated Bytes 0.6 MB
      Overflow Count 0
    [ALLOC_TEMP_Job.Worker 86]
      Initial Block Size 256.0 KB
      Current Block Size 256.0 KB
      Peak Allocated Bytes 141.0 KB
      Overflow Count 0
    [ALLOC_TEMP_Job.Worker 39]
      Initial Block Size 256.0 KB
      Current Block Size 0.6 MB
      Peak Allocated Bytes 0.6 MB
      Overflow Count 0
    [ALLOC_TEMP_BakingJobs.Worker 73]
      Initial Block Size 256.0 KB
      Current Block Size 256.0 KB
      Peak Allocated Bytes 0 B
      Overflow Count 0
    [ALLOC_TEMP_Job.Worker 22]
      Initial Block Size 256.0 KB
      Current Block Size 256.0 KB
      Peak Allocated Bytes 141.0 KB
      Overflow Count 0
    [ALLOC_TEMP_BakingJobs.Worker 75]
      Initial Block Size 256.0 KB
      Current Block Size 256.0 KB
      Peak Allocated Bytes 0 B
      Overflow Count 0
    [ALLOC_TEMP_Job.Worker 98]
      Initial Block Size 256.0 KB
      Current Block Size 0.6 MB
      Peak Allocated Bytes 0.6 MB
      Overflow Count 0
    [ALLOC_TEMP_Job.Worker 32]
      Initial Block Size 256.0 KB
      Current Block Size 256.0 KB
      Peak Allocated Bytes 141.0 KB
      Overflow Count 0
    [ALLOC_TEMP_Job.Worker 83]
      Initial Block Size 256.0 KB
      Current Block Size 0.6 MB
      Peak Allocated Bytes 0.6 MB
      Overflow Count 0
    [ALLOC_TEMP_Job.Worker 109]
      Initial Block Size 256.0 KB
      Current Block Size 0.6 MB
      Peak Allocated Bytes 0.6 MB
      Overflow Count 0
    [ALLOC_TEMP_BakingJobs.Worker 81]
      Initial Block Size 256.0 KB
      Current Block Size 256.0 KB
      Peak Allocated Bytes 0 B
      Overflow Count 0
    [ALLOC_TEMP_Background Job.Worker 13]
      Initial Block Size 32.0 KB
      Current Block Size 32.0 KB
      Peak Allocated Bytes 0 B
      Overflow Count 0
    [ALLOC_TEMP_Job.Worker 62]
      Initial Block Size 256.0 KB
      Current Block Size 256.0 KB
      Peak Allocated Bytes 141.0 KB
      Overflow Count 0
    [ALLOC_TEMP_Job.Worker 50]
      Initial Block Size 256.0 KB
      Current Block Size 256.0 KB
      Peak Allocated Bytes 141.0 KB
      Overflow Count 0
    [ALLOC_TEMP_Job.Worker 81]
      Initial Block Size 256.0 KB
      Current Block Size 256.0 KB
      Peak Allocated Bytes 141.0 KB
      Overflow Count 0
    [ALLOC_TEMP_Job.Worker 0]
      Initial Block Size 256.0 KB
      Current Block Size 0.6 MB
      Peak Allocated Bytes 0.6 MB
      Overflow Count 0
    [ALLOC_TEMP_Job.Worker 5]
      Initial Block Size 256.0 KB
      Current Block Size 256.0 KB
      Peak Allocated Bytes 141.0 KB
      Overflow Count 0
    [ALLOC_TEMP_Job.Worker 34]
      Initial Block Size 256.0 KB
      Current Block Size 0.6 MB
      Peak Allocated Bytes 0.6 MB
      Overflow Count 0
    [ALLOC_TEMP_BakingJobs.Worker 123]
      Initial Block Size 256.0 KB
      Current Block Size 256.0 KB
      Peak Allocated Bytes 0 B
      Overflow Count 0
    [ALLOC_TEMP_BakingJobs.Worker 40]
      Initial Block Size 256.0 KB
      Current Block Size 256.0 KB
      Peak Allocated Bytes 0 B
      Overflow Count 0
    [ALLOC_TEMP_Background Job.Worker 9]
      Initial Block Size 32.0 KB
      Current Block Size 32.0 KB
      Peak Allocated Bytes 0 B
      Overflow Count 0
    [ALLOC_TEMP_BakingJobs.Worker 8]
      Initial Block Size 256.0 KB
      Current Block Size 256.0 KB
      Peak Allocated Bytes 0 B
      Overflow Count 0
    [ALLOC_TEMP_Job.Worker 9]
      Initial Block Size 256.0 KB
      Current Block Size 256.0 KB
      Peak Allocated Bytes 141.0 KB
      Overflow Count 0
    [ALLOC_TEMP_BakingJobs.Worker 37]
      Initial Block Size 256.0 KB
      Current Block Size 256.0 KB
      Peak Allocated Bytes 0 B
      Overflow Count 0
    [ALLOC_TEMP_BakingJobs.Worker 111]
      Initial Block Size 256.0 KB
      Current Block Size 256.0 KB
      Peak Allocated Bytes 0 B
      Overflow Count 0
    [ALLOC_TEMP_Job.Worker 105]
      Initial Block Size 256.0 KB
      Current Block Size 0.6 MB
      Peak Allocated Bytes 0.6 MB
      Overflow Count 0
    [ALLOC_TEMP_BakingJobs.Worker 57]
      Initial Block Size 256.0 KB
      Current Block Size 256.0 KB
      Peak Allocated Bytes 0 B
      Overflow Count 0
    [ALLOC_TEMP_BakingJobs.Worker 90]
      Initial Block Size 256.0 KB
      Current Block Size 256.0 KB
      Peak Allocated Bytes 0 B
      Overflow Count 0
    [ALLOC_TEMP_BakingJobs.Worker 9]
      Initial Block Size 256.0 KB
      Current Block Size 256.0 KB
      Peak Allocated Bytes 0 B
      Overflow Count 0
    [ALLOC_TEMP_BakingJobs.Worker 27]
      Initial Block Size 256.0 KB
      Current Block Size 256.0 KB
      Peak Allocated Bytes 0 B
      Overflow Count 0
    [ALLOC_TEMP_BakingJobs.Worker 42]
      Initial Block Size 256.0 KB
      Current Block Size 256.0 KB
      Peak Allocated Bytes 0 B
      Overflow Count 0
    [ALLOC_TEMP_BakingJobs.Worker 127]
      Initial Block Size 256.0 KB
      Current Block Size 256.0 KB
      Peak Allocated Bytes 0 B
      Overflow Count 0
    [ALLOC_TEMP_Job.Worker 51]
      Initial Block Size 256.0 KB
      Current Block Size 256.0 KB
      Peak Allocated Bytes 141.0 KB
      Overflow Count 0
    [ALLOC_TEMP_Job.Worker 26]
      Initial Block Size 256.0 KB
      Current Block Size 256.0 KB
      Peak Allocated Bytes 141.0 KB
      Overflow Count 0
    [ALLOC_TEMP_Job.Worker 92]
      Initial Block Size 256.0 KB
      Current Block Size 0.6 MB
      Peak Allocated Bytes 0.6 MB
      Overflow Count 0
    [ALLOC_TEMP_Job.Worker 31]
      Initial Block Size 256.0 KB
      Current Block Size 256.0 KB
      Peak Allocated Bytes 141.0 KB
      Overflow Count 0
    [ALLOC_TEMP_Job.Worker 111]
      Initial Block Size 256.0 KB
      Current Block Size 0.6 MB
      Peak Allocated Bytes 0.6 MB
      Overflow Count 0
    [ALLOC_TEMP_BakingJobs.Worker 46]
      Initial Block Size 256.0 KB
      Current Block Size 256.0 KB
      Peak Allocated Bytes 0 B
      Overflow Count 0
    [ALLOC_TEMP_Background Job.Worker 7]
      Initial Block Size 32.0 KB
      Current Block Size 32.0 KB
      Peak Allocated Bytes 0 B
      Overflow Count 0
    [ALLOC_TEMP_Job.Worker 80]
      Initial Block Size 256.0 KB
      Current Block Size 0.6 MB
      Peak Allocated Bytes 0.6 MB
      Overflow Count 0
    [ALLOC_TEMP_Background Job.Worker 15]
      Initial Block Size 32.0 KB
      Current Block Size 32.0 KB
      Peak Allocated Bytes 0 B
      Overflow Count 0
    [ALLOC_TEMP_BakingJobs.Worker 26]
      Initial Block Size 256.0 KB
      Current Block Size 256.0 KB
      Peak Allocated Bytes 0 B
      Overflow Count 0
    [ALLOC_TEMP_BakingJobs.Worker 84]
      Initial Block Size 256.0 KB
      Current Block Size 256.0 KB
      Peak Allocated Bytes 0 B
      Overflow Count 0
    [ALLOC_TEMP_BakingJobs.Worker 0]
      Initial Block Size 256.0 KB
      Current Block Size 256.0 KB
      Peak Allocated Bytes 0 B
      Overflow Count 0
    [ALLOC_TEMP_BakingJobs.Worker 92]
      Initial Block Size 256.0 KB
      Current Block Size 256.0 KB
      Peak Allocated Bytes 0 B
      Overflow Count 0
    [ALLOC_TEMP_BakingJobs.Worker 97]
      Initial Block Size 256.0 KB
      Current Block Size 256.0 KB
      Peak Allocated Bytes 0 B
      Overflow Count 0
    [ALLOC_TEMP_BakingJobs.Worker 122]
      Initial Block Size 256.0 KB
      Current Block Size 256.0 KB
      Peak Allocated Bytes 0 B
      Overflow Count 0
    [ALLOC_TEMP_Job.Worker 87]
      Initial Block Size 256.0 KB
      Current Block Size 0.6 MB
      Peak Allocated Bytes 0.6 MB
      Overflow Count 0
    [ALLOC_TEMP_Job.Worker 1]
      Initial Block Size 256.0 KB
      Current Block Size 1.0 MB
      Peak Allocated Bytes 1.0 MB
      Overflow Count 0
    [ALLOC_TEMP_Job.Worker 107]
      Initial Block Size 256.0 KB
      Current Block Size 0.6 MB
      Peak Allocated Bytes 0.6 MB
      Overflow Count 0
    [ALLOC_TEMP_BakingJobs.Worker 117]
      Initial Block Size 256.0 KB
      Current Block Size 256.0 KB
      Peak Allocated Bytes 0 B
      Overflow Count 0
    [ALLOC_TEMP_BakingJobs.Worker 59]
      Initial Block Size 256.0 KB
      Current Block Size 256.0 KB
      Peak Allocated Bytes 0 B
      Overflow Count 0
    [ALLOC_TEMP_Job.Worker 23]
      Initial Block Size 256.0 KB
      Current Block Size 0.6 MB
      Peak Allocated Bytes 0.6 MB
      Overflow Count 0
    [ALLOC_TEMP_Job.Worker 88]
      Initial Block Size 256.0 KB
      Current Block Size 0.6 MB
      Peak Allocated Bytes 0.6 MB
      Overflow Count 0
    [ALLOC_TEMP_Job.Worker 41]
      Initial Block Size 256.0 KB
      Current Block Size 0.6 MB
      Peak Allocated Bytes 0.6 MB
      Overflow Count 0
    [ALLOC_TEMP_BakingJobs.Worker 86]
      Initial Block Size 256.0 KB
      Current Block Size 256.0 KB
      Peak Allocated Bytes 0 B
      Overflow Count 0
    [ALLOC_TEMP_Job.Worker 90]
      Initial Block Size 256.0 KB
      Current Block Size 0.6 MB
      Peak Allocated Bytes 0.6 MB
      Overflow Count 0
    [ALLOC_TEMP_Job.Worker 48]
      Initial Block Size 256.0 KB
      Current Block Size 256.0 KB
      Peak Allocated Bytes 141.0 KB
      Overflow Count 0
    [ALLOC_TEMP_BakingJobs.Worker 91]
      Initial Block Size 256.0 KB
      Current Block Size 256.0 KB
      Peak Allocated Bytes 0 B
      Overflow Count 0
    [ALLOC_TEMP_Job.Worker 72]
      Initial Block Size 256.0 KB
      Current Block Size 256.0 KB
      Peak Allocated Bytes 141.0 KB
      Overflow Count 0
    [ALLOC_TEMP_Job.Worker 68]
      Initial Block Size 256.0 KB
      Current Block Size 256.0 KB
      Peak Allocated Bytes 141.0 KB
      Overflow Count 0
    [ALLOC_TEMP_BakingJobs.Worker 61]
      Initial Block Size 256.0 KB
      Current Block Size 256.0 KB
      Peak Allocated Bytes 0 B
      Overflow Count 0
    [ALLOC_TEMP_Job.Worker 102]
      Initial Block Size 256.0 KB
      Current Block Size 0.6 MB
      Peak Allocated Bytes 0.6 MB
      Overflow Count 0
    [ALLOC_TEMP_Job.Worker 7]
      Initial Block Size 256.0 KB
      Current Block Size 256.0 KB
      Peak Allocated Bytes 141.0 KB
      Overflow Count 0
    [ALLOC_TEMP_BakingJobs.Worker 29]
      Initial Block Size 256.0 KB
      Current Block Size 256.0 KB
      Peak Allocated Bytes 0 B
      Overflow Count 0
    [ALLOC_TEMP_BakingJobs.Worker 124]
      Initial Block Size 256.0 KB
      Current Block Size 256.0 KB
      Peak Allocated Bytes 0 B
      Overflow Count 0
    [ALLOC_TEMP_Job.Worker 18]
      Initial Block Size 256.0 KB
      Current Block Size 256.0 KB
      Peak Allocated Bytes 141.0 KB
      Overflow Count 0
    [ALLOC_TEMP_Job.Worker 73]
      Initial Block Size 256.0 KB
      Current Block Size 256.0 KB
      Peak Allocated Bytes 141.0 KB
      Overflow Count 0
    [ALLOC_TEMP_Background Job.Worker 8]
      Initial Block Size 32.0 KB
      Current Block Size 32.0 KB
      Peak Allocated Bytes 0 B
      Overflow Count 0
    [ALLOC_TEMP_Job.Worker 85]
      Initial Block Size 256.0 KB
      Current Block Size 0.6 MB
      Peak Allocated Bytes 0.6 MB
      Overflow Count 0
    [ALLOC_TEMP_BakingJobs.Worker 120]
      Initial Block Size 256.0 KB
      Current Block Size 256.0 KB
      Peak Allocated Bytes 0 B
      Overflow Count 0
    [ALLOC_TEMP_Job.Worker 101]
      Initial Block Size 256.0 KB
      Current Block Size 0.6 MB
      Peak Allocated Bytes 0.6 MB
      Overflow Count 0
    [ALLOC_TEMP_Background Job.Worker 3]
      Initial Block Size 32.0 KB
      Current Block Size 32.0 KB
      Peak Allocated Bytes 0 B
      Overflow Count 0
    [ALLOC_TEMP_BakingJobs.Worker 70]
      Initial Block Size 256.0 KB
      Current Block Size 256.0 KB
      Peak Allocated Bytes 0 B
      Overflow Count 0
    [ALLOC_TEMP_BakingJobs.Worker 85]
      Initial Block Size 256.0 KB
      Current Block Size 256.0 KB
      Peak Allocated Bytes 0 B
      Overflow Count 0
    [ALLOC_TEMP_Job.Worker 63]
      Initial Block Size 256.0 KB
      Current Block Size 256.0 KB
      Peak Allocated Bytes 141.0 KB
      Overflow Count 0
    [ALLOC_TEMP_Job.Worker 25]
      Initial Block Size 256.0 KB
      Current Block Size 0.6 MB
      Peak Allocated Bytes 0.6 MB
      Overflow Count 0
    [ALLOC_TEMP_Job.Worker 71]
      Initial Block Size 256.0 KB
      Current Block Size 0.6 MB
      Peak Allocated Bytes 0.6 MB
      Overflow Count 0
    [ALLOC_TEMP_BakingJobs.Worker 118]
      Initial Block Size 256.0 KB
      Current Block Size 256.0 KB
      Peak Allocated Bytes 0 B
      Overflow Count 0
    [ALLOC_TEMP_Job.Worker 13]
      Initial Block Size 256.0 KB
      Current Block Size 256.0 KB
      Peak Allocated Bytes 141.0 KB
      Overflow Count 0
    [ALLOC_TEMP_Job.Worker 55]
      Initial Block Size 256.0 KB
      Current Block Size 0.6 MB
      Peak Allocated Bytes 0.6 MB
      Overflow Count 0
    [ALLOC_TEMP_Background Job.Worker 2]
      Initial Block Size 32.0 KB
      Current Block Size 180.0 KB
      Peak Allocated Bytes 177.9 KB
      Overflow Count 0
    [ALLOC_TEMP_Job.Worker 75]
      Initial Block Size 256.0 KB
      Current Block Size 256.0 KB
      Peak Allocated Bytes 141.0 KB
      Overflow Count 0
    [ALLOC_TEMP_BakingJobs.Worker 103]
      Initial Block Size 256.0 KB
      Current Block Size 256.0 KB
      Peak Allocated Bytes 0 B
      Overflow Count 0
    [ALLOC_TEMP_Job.Worker 10]
      Initial Block Size 256.0 KB
      Current Block Size 256.0 KB
      Peak Allocated Bytes 141.0 KB
      Overflow Count 0
    [ALLOC_TEMP_BakingJobs.Worker 21]
      Initial Block Size 256.0 KB
      Current Block Size 256.0 KB
      Peak Allocated Bytes 0 B
      Overflow Count 0
    [ALLOC_TEMP_Job.Worker 12]
      Initial Block Size 256.0 KB
      Current Block Size 256.0 KB
      Peak Allocated Bytes 141.0 KB
      Overflow Count 0
    [ALLOC_TEMP_BakingJobs.Worker 106]
      Initial Block Size 256.0 KB
      Current Block Size 256.0 KB
      Peak Allocated Bytes 0 B
      Overflow Count 0
    [ALLOC_TEMP_Profiler.Dispatcher]
      Initial Block Size 64.0 KB
      Current Block Size 64.0 KB
      Peak Allocated Bytes 0 B
      Overflow Count 0
    [ALLOC_TEMP_Job.Worker 17]
      Initial Block Size 256.0 KB
      Current Block Size 256.0 KB
      Peak Allocated Bytes 141.0 KB
      Overflow Count 0
    [ALLOC_TEMP_BakingJobs.Worker 7]
      Initial Block Size 256.0 KB
      Current Block Size 256.0 KB
      Peak Allocated Bytes 0 B
      Overflow Count 0
    [ALLOC_TEMP_Job.Worker 37]
      Initial Block Size 256.0 KB
      Current Block Size 0.6 MB
      Peak Allocated Bytes 0.6 MB
      Overflow Count 0
    [ALLOC_TEMP_Job.Worker 2]
      Initial Block Size 256.0 KB
      Current Block Size 1.0 MB
      Peak Allocated Bytes 1.0 MB
      Overflow Count 0
    [ALLOC_TEMP_Job.Worker 11]
      Initial Block Size 256.0 KB
      Current Block Size 256.0 KB
      Peak Allocated Bytes 141.0 KB
      Overflow Count 0
    [ALLOC_TEMP_BakingJobs.Worker 55]
      Initial Block Size 256.0 KB
      Current Block Size 256.0 KB
      Peak Allocated Bytes 0 B
      Overflow Count 0
    [ALLOC_TEMP_Job.Worker 6]
      Initial Block Size 256.0 KB
      Current Block Size 256.0 KB
      Peak Allocated Bytes 141.0 KB
      Overflow Count 0
    [ALLOC_TEMP_BakingJobs.Worker 95]
      Initial Block Size 256.0 KB
      Current Block Size 256.0 KB
      Peak Allocated Bytes 0 B
      Overflow Count 0
    [ALLOC_TEMP_Job.Worker 93]
      Initial Block Size 256.0 KB
      Current Block Size 0.6 MB
      Peak Allocated Bytes 0.6 MB
      Overflow Count 0
    [ALLOC_TEMP_Loading.AsyncRead]
      Initial Block Size 64.0 KB
      Current Block Size 64.0 KB
      Peak Allocated Bytes 128 B
      Overflow Count 0
    [ALLOC_TEMP_Job.Worker 36]
      Initial Block Size 256.0 KB
      Current Block Size 0.6 MB
      Peak Allocated Bytes 0.6 MB
      Overflow Count 0
    [ALLOC_TEMP_BakingJobs.Worker 16]
      Initial Block Size 256.0 KB
      Current Block Size 256.0 KB
      Peak Allocated Bytes 0 B
      Overflow Count 0
    [ALLOC_TEMP_BakingJobs.Worker 102]
      Initial Block Size 256.0 KB
      Current Block Size 256.0 KB
      Peak Allocated Bytes 0 B
      Overflow Count 0
    [ALLOC_TEMP_BakingJobs.Worker 63]
      Initial Block Size 256.0 KB
      Current Block Size 256.0 KB
      Peak Allocated Bytes 0 B
      Overflow Count 0
    [ALLOC_TEMP_BakingJobs.Worker 11]
      Initial Block Size 256.0 KB
      Current Block Size 256.0 KB
      Peak Allocated Bytes 0 B
      Overflow Count 0
    [ALLOC_TEMP_BakingJobs.Worker 126]
      Initial Block Size 256.0 KB
      Current Block Size 256.0 KB
      Peak Allocated Bytes 0 B
      Overflow Count 0
    [ALLOC_TEMP_Job.Worker 53]
      Initial Block Size 256.0 KB
      Current Block Size 0.6 MB
      Peak Allocated Bytes 0.6 MB
      Overflow Count 0
    [ALLOC_TEMP_Job.Worker 74]
      Initial Block Size 256.0 KB
      Current Block Size 256.0 KB
      Peak Allocated Bytes 141.0 KB
      Overflow Count 0
    [ALLOC_TEMP_BakingJobs.Worker 30]
      Initial Block Size 256.0 KB
      Current Block Size 256.0 KB
      Peak Allocated Bytes 0 B
      Overflow Count 0
    [ALLOC_TEMP_BakingJobs.Worker 116]
      Initial Block Size 256.0 KB
      Current Block Size 256.0 KB
      Peak Allocated Bytes 0 B
      Overflow Count 0
    [ALLOC_TEMP_BakingJobs.Worker 47]
      Initial Block Size 256.0 KB
      Current Block Size 256.0 KB
      Peak Allocated Bytes 0 B
      Overflow Count 0
    [ALLOC_TEMP_BakingJobs.Worker 19]
      Initial Block Size 256.0 KB
      Current Block Size 256.0 KB
      Peak Allocated Bytes 0 B
      Overflow Count 0
    [ALLOC_TEMP_Job.Worker 82]
      Initial Block Size 256.0 KB
      Current Block Size 0.6 MB
      Peak Allocated Bytes 0.6 MB
      Overflow Count 0
    [ALLOC_TEMP_BakingJobs.Worker 71]
      Initial Block Size 256.0 KB
      Current Block Size 256.0 KB
      Peak Allocated Bytes 0 B
      Overflow Count 0
    [ALLOC_TEMP_Job.Worker 67]
      Initial Block Size 256.0 KB
      Current Block Size 0.6 MB
      Peak Allocated Bytes 0.6 MB
      Overflow Count 0
    [ALLOC_TEMP_BakingJobs.Worker 15]
      Initial Block Size 256.0 KB
      Current Block Size 256.0 KB
      Peak Allocated Bytes 0 B
      Overflow Count 0
    [ALLOC_TEMP_Job.Worker 24]
      Initial Block Size 256.0 KB
      Current Block Size 256.0 KB
      Peak Allocated Bytes 141.0 KB
      Overflow Count 0
    [ALLOC_TEMP_BakingJobs.Worker 14]
      Initial Block Size 256.0 KB
      Current Block Size 256.0 KB
      Peak Allocated Bytes 0 B
      Overflow Count 0
    [ALLOC_TEMP_BakingJobs.Worker 74]
      Initial Block Size 256.0 KB
      Current Block Size 256.0 KB
      Peak Allocated Bytes 0 B
      Overflow Count 0
    [ALLOC_TEMP_Background Job.Worker 12]
      Initial Block Size 32.0 KB
      Current Block Size 32.0 KB
      Peak Allocated Bytes 0 B
      Overflow Count 0
    [ALLOC_TEMP_BakingJobs.Worker 13]
      Initial Block Size 256.0 KB
      Current Block Size 256.0 KB
      Peak Allocated Bytes 0 B
      Overflow Count 0
    [ALLOC_TEMP_Job.Worker 84]
      Initial Block Size 256.0 KB
      Current Block Size 0.6 MB
      Peak Allocated Bytes 0.6 MB
      Overflow Count 0
    [ALLOC_TEMP_BakingJobs.Worker 67]
      Initial Block Size 256.0 KB
      Current Block Size 256.0 KB
      Peak Allocated Bytes 0 B
      Overflow Count 0
    [ALLOC_TEMP_BakingJobs.Worker 69]
      Initial Block Size 256.0 KB
      Current Block Size 256.0 KB
      Peak Allocated Bytes 0 B
      Overflow Count 0
    [ALLOC_TEMP_BakingJobs.Worker 20]
      Initial Block Size 256.0 KB
      Current Block Size 256.0 KB
      Peak Allocated Bytes 0 B
      Overflow Count 0
    [ALLOC_TEMP_BakingJobs.Worker 51]
      Initial Block Size 256.0 KB
      Current Block Size 256.0 KB
      Peak Allocated Bytes 0 B
      Overflow Count 0
    [ALLOC_TEMP_BakingJobs.Worker 35]
      Initial Block Size 256.0 KB
      Current Block Size 256.0 KB
      Peak Allocated Bytes 0 B
      Overflow Count 0
    [ALLOC_TEMP_Job.Worker 95]
      Initial Block Size 256.0 KB
      Current Block Size 0.6 MB
      Peak Allocated Bytes 0.6 MB
      Overflow Count 0
    [ALLOC_TEMP_BakingJobs.Worker 125]
      Initial Block Size 256.0 KB
      Current Block Size 256.0 KB
      Peak Allocated Bytes 0 B
      Overflow Count 0
    [ALLOC_TEMP_Job.Worker 61]
      Initial Block Size 256.0 KB
      Current Block Size 0.6 MB
      Peak Allocated Bytes 0.6 MB
      Overflow Count 0
    [ALLOC_TEMP_BakingJobs.Worker 66]
      Initial Block Size 256.0 KB
      Current Block Size 256.0 KB
      Peak Allocated Bytes 0 B
      Overflow Count 0
    [ALLOC_TEMP_Job.Worker 58]
      Initial Block Size 256.0 KB
      Current Block Size 256.0 KB
      Peak Allocated Bytes 141.0 KB
      Overflow Count 0
    [ALLOC_TEMP_BakingJobs.Worker 17]
      Initial Block Size 256.0 KB
      Current Block Size 256.0 KB
      Peak Allocated Bytes 0 B
      Overflow Count 0
    [ALLOC_TEMP_BakingJobs.Worker 25]
      Initial Block Size 256.0 KB
      Current Block Size 256.0 KB
      Peak Allocated Bytes 0 B
      Overflow Count 0
    [ALLOC_TEMP_Job.Worker 27]
      Initial Block Size 256.0 KB
      Current Block Size 256.0 KB
      Peak Allocated Bytes 141.0 KB
      Overflow Count 0
    [ALLOC_TEMP_BakingJobs.Worker 36]
      Initial Block Size 256.0 KB
      Current Block Size 256.0 KB
      Peak Allocated Bytes 0 B
      Overflow Count 0
    [ALLOC_TEMP_BakingJobs.Worker 33]
      Initial Block Size 256.0 KB
      Current Block Size 256.0 KB
      Peak Allocated Bytes 0 B
      Overflow Count 0
    [ALLOC_TEMP_BakingJobs.Worker 39]
      Initial Block Size 256.0 KB
      Current Block Size 256.0 KB
      Peak Allocated Bytes 0 B
      Overflow Count 0
    [ALLOC_TEMP_BakingJobs.Worker 68]
      Initial Block Size 256.0 KB
      Current Block Size 256.0 KB
      Peak Allocated Bytes 0 B
      Overflow Count 0
    [ALLOC_TEMP_BakingJobs.Worker 99]
      Initial Block Size 256.0 KB
      Current Block Size 256.0 KB
      Peak Allocated Bytes 0 B
      Overflow Count 0
    [ALLOC_TEMP_Job.Worker 106]
      Initial Block Size 256.0 KB
      Current Block Size 0.6 MB
      Peak Allocated Bytes 0.6 MB
      Overflow Count 0
    [ALLOC_TEMP_Job.Worker 21]
      Initial Block Size 256.0 KB
      Current Block Size 256.0 KB
      Peak Allocated Bytes 141.0 KB
      Overflow Count 0
    [ALLOC_TEMP_REST Message Handler]
      Initial Block Size 64.0 KB
      Current Block Size 64.0 KB
      Peak Allocated Bytes 0 B
      Overflow Count 0
    [ALLOC_TEMP_BakingJobs.Worker 77]
      Initial Block Size 256.0 KB
      Current Block Size 256.0 KB
      Peak Allocated Bytes 0 B
      Overflow Count 0
    [ALLOC_TEMP_CoreBusinessMetricsCache]
      Initial Block Size 64.0 KB
      Current Block Size 64.0 KB
      Peak Allocated Bytes 8.0 KB
      Overflow Count 0
    [ALLOC_TEMP_BakingJobs.Worker 87]
      Initial Block Size 256.0 KB
      Current Block Size 256.0 KB
      Peak Allocated Bytes 0 B
      Overflow Count 0
    [ALLOC_TEMP_BakingJobs.Worker 45]
      Initial Block Size 256.0 KB
      Current Block Size 256.0 KB
      Peak Allocated Bytes 0 B
      Overflow Count 0
    [ALLOC_TEMP_BakingJobs.Worker 58]
      Initial Block Size 256.0 KB
      Current Block Size 256.0 KB
      Peak Allocated Bytes 0 B
      Overflow Count 0
    [ALLOC_TEMP_BakingJobs.Worker 44]
      Initial Block Size 256.0 KB
      Current Block Size 256.0 KB
      Peak Allocated Bytes 0 B
      Overflow Count 0
    [ALLOC_TEMP_Job.Worker 76]
      Initial Block Size 256.0 KB
      Current Block Size 0.6 MB
      Peak Allocated Bytes 0.6 MB
      Overflow Count 0
    [ALLOC_TEMP_Job.Worker 97]
      Initial Block Size 256.0 KB
      Current Block Size 0.6 MB
      Peak Allocated Bytes 0.6 MB
      Overflow Count 0
    [ALLOC_TEMP_BakingJobs.Worker 50]
      Initial Block Size 256.0 KB
      Current Block Size 256.0 KB
      Peak Allocated Bytes 0 B
      Overflow Count 0
    [ALLOC_TEMP_BakingJobs.Worker 101]
      Initial Block Size 256.0 KB
      Current Block Size 256.0 KB
      Peak Allocated Bytes 0 B
      Overflow Count 0
    [ALLOC_TEMP_BakingJobs.Worker 109]
      Initial Block Size 256.0 KB
      Current Block Size 256.0 KB
      Peak Allocated Bytes 0 B
      Overflow Count 0
    [ALLOC_TEMP_Background Job.Worker 5]
      Initial Block Size 32.0 KB
      Current Block Size 32.0 KB
      Peak Allocated Bytes 0 B
      Overflow Count 0
    [ALLOC_TEMP_BakingJobs.Worker 121]
      Initial Block Size 256.0 KB
      Current Block Size 256.0 KB
      Peak Allocated Bytes 0 B
      Overflow Count 0
    [ALLOC_TEMP_BakingJobs.Worker 64]
      Initial Block Size 256.0 KB
      Current Block Size 256.0 KB
      Peak Allocated Bytes 0 B
      Overflow Count 0
    [ALLOC_TEMP_Job.Worker 57]
      Initial Block Size 256.0 KB
      Current Block Size 0.6 MB
      Peak Allocated Bytes 0.6 MB
      Overflow Count 0
    [ALLOC_TEMP_EnlightenWorker] x 32
      Initial Block Size 64.0 KB
      Current Block Size 64.0 KB
      Peak Allocated Bytes 0 B
      Overflow Count 0
    [ALLOC_TEMP_BakingJobs.Worker 34]
      Initial Block Size 256.0 KB
      Current Block Size 256.0 KB
      Peak Allocated Bytes 0 B
      Overflow Count 0
    [ALLOC_TEMP_Job.Worker 69]
      Initial Block Size 256.0 KB
      Current Block Size 0.6 MB
      Peak Allocated Bytes 0.6 MB
      Overflow Count 0
    [ALLOC_TEMP_BakingJobs.Worker 107]
      Initial Block Size 256.0 KB
      Current Block Size 256.0 KB
      Peak Allocated Bytes 0 B
      Overflow Count 0
    [ALLOC_TEMP_Job.Worker 42]
      Initial Block Size 256.0 KB
      Current Block Size 256.0 KB
      Peak Allocated Bytes 141.0 KB
      Overflow Count 0
    [ALLOC_TEMP_Background Job.Worker 6]
      Initial Block Size 32.0 KB
      Current Block Size 32.0 KB
      Peak Allocated Bytes 0 B
      Overflow Count 0
    [ALLOC_TEMP_Job.Worker 110]
      Initial Block Size 256.0 KB
      Current Block Size 0.6 MB
      Peak Allocated Bytes 0.6 MB
      Overflow Count 0
    [ALLOC_TEMP_Job.Worker 70]
      Initial Block Size 256.0 KB
      Current Block Size 0.6 MB
      Peak Allocated Bytes 0.6 MB
      Overflow Count 0
    [ALLOC_TEMP_Job.Worker 66]
      Initial Block Size 256.0 KB
      Current Block Size 256.0 KB
      Peak Allocated Bytes 141.0 KB
      Overflow Count 0
    [ALLOC_TEMP_Job.Worker 96]
      Initial Block Size 256.0 KB
      Current Block Size 0.6 MB
      Peak Allocated Bytes 0.6 MB
      Overflow Count 0
    [ALLOC_TEMP_AUDIO_FMOD stream thread]
      Initial Block Size 64.0 KB
      Current Block Size 64.0 KB
      Peak Allocated Bytes 0 B
      Overflow Count 0
    [ALLOC_TEMP_Job.Worker 30]
      Initial Block Size 256.0 KB
      Current Block Size 256.0 KB
      Peak Allocated Bytes 141.0 KB
      Overflow Count 0
    [ALLOC_TEMP_Job.Worker 100]
      Initial Block Size 256.0 KB
      Current Block Size 0.6 MB
      Peak Allocated Bytes 0.6 MB
      Overflow Count 0
    [ALLOC_TEMP_BakingJobs.Worker 88]
      Initial Block Size 256.0 KB
      Current Block Size 256.0 KB
      Peak Allocated Bytes 0 B
      Overflow Count 0
    [ALLOC_TEMP_Job.Worker 29]
      Initial Block Size 256.0 KB
      Current Block Size 256.0 KB
      Peak Allocated Bytes 141.0 KB
      Overflow Count 0
    [ALLOC_TEMP_BakingJobs.Worker 79]
      Initial Block Size 256.0 KB
      Current Block Size 256.0 KB
      Peak Allocated Bytes 0 B
      Overflow Count 0
    [ALLOC_TEMP_BakingJobs.Worker 115]
      Initial Block Size 256.0 KB
      Current Block Size 256.0 KB
      Peak Allocated Bytes 0 B
      Overflow Count 0
    [ALLOC_TEMP_Job.Worker 8]
      Initial Block Size 256.0 KB
      Current Block Size 256.0 KB
      Peak Allocated Bytes 141.0 KB
      Overflow Count 0
    [ALLOC_TEMP_BakingJobs.Worker 114]
      Initial Block Size 256.0 KB
      Current Block Size 256.0 KB
      Peak Allocated Bytes 0 B
      Overflow Count 0
    [ALLOC_TEMP_Job.Worker 33]
      Initial Block Size 256.0 KB
      Current Block Size 0.6 MB
      Peak Allocated Bytes 0.6 MB
      Overflow Count 0
    [ALLOC_TEMP_EditorTaskManager]
      Initial Block Size 64.0 KB
      Current Block Size 68.0 KB
      Peak Allocated Bytes 64.0 KB
      Overflow Count 0
    [ALLOC_TEMP_BakingJobs.Worker 53]
      Initial Block Size 256.0 KB
      Current Block Size 256.0 KB
      Peak Allocated Bytes 0 B
      Overflow Count 0
    [ALLOC_TEMP_Job.Worker 108]
      Initial Block Size 256.0 KB
      Current Block Size 0.6 MB
      Peak Allocated Bytes 0.6 MB
      Overflow Count 0
    [ALLOC_TEMP_BakingJobs.Worker 78]
      Initial Block Size 256.0 KB
      Current Block Size 256.0 KB
      Peak Allocated Bytes 0 B
      Overflow Count 0
    [ALLOC_TEMP_BakingJobs.Worker 96]
      Initial Block Size 256.0 KB
      Current Block Size 256.0 KB
      Peak Allocated Bytes 0 B
      Overflow Count 0
    [ALLOC_TEMP_BakingJobs.Worker 18]
      Initial Block Size 256.0 KB
      Current Block Size 256.0 KB
      Peak Allocated Bytes 0 B
      Overflow Count 0
    [ALLOC_TEMP_BakingJobs.Worker 72]
      Initial Block Size 256.0 KB
      Current Block Size 256.0 KB
      Peak Allocated Bytes 0 B
      Overflow Count 0
    [ALLOC_TEMP_BakingJobs.Worker 49]
      Initial Block Size 256.0 KB
      Current Block Size 256.0 KB
      Peak Allocated Bytes 0 B
      Overflow Count 0
    [ALLOC_TEMP_Job.Worker 94]
      Initial Block Size 256.0 KB
      Current Block Size 0.6 MB
      Peak Allocated Bytes 0.6 MB
      Overflow Count 0
    [ALLOC_TEMP_Background Job.Worker 4]
      Initial Block Size 32.0 KB
      Current Block Size 32.0 KB
      Peak Allocated Bytes 0 B
      Overflow Count 0
    [ALLOC_TEMP_BakingJobs.Worker 112]
      Initial Block Size 256.0 KB
      Current Block Size 256.0 KB
      Peak Allocated Bytes 0 B
      Overflow Count 0
    [ALLOC_TEMP_Job.Worker 64]
      Initial Block Size 256.0 KB
      Current Block Size 256.0 KB
      Peak Allocated Bytes 141.0 KB
      Overflow Count 0
    [ALLOC_TEMP_BakingJobs.Worker 31]
      Initial Block Size 256.0 KB
      Current Block Size 256.0 KB
      Peak Allocated Bytes 0 B
      Overflow Count 0
    [ALLOC_TEMP_BakingJobs.Worker 113]
      Initial Block Size 256.0 KB
      Current Block Size 256.0 KB
      Peak Allocated Bytes 0 B
      Overflow Count 0
    [ALLOC_TEMP_Job.Worker 28]
      Initial Block Size 256.0 KB
      Current Block Size 256.0 KB
      Peak Allocated Bytes 141.0 KB
      Overflow Count 0
    [ALLOC_TEMP_BakingJobs.Worker 32]
      Initial Block Size 256.0 KB
      Current Block Size 256.0 KB
      Peak Allocated Bytes 0 B
      Overflow Count 0
    [ALLOC_TEMP_Job.Worker 45]
      Initial Block Size 256.0 KB
      Current Block Size 256.0 KB
      Peak Allocated Bytes 141.0 KB
      Overflow Count 0
    [ALLOC_TEMP_BakingJobs.Worker 98]
      Initial Block Size 256.0 KB
      Current Block Size 256.0 KB
      Peak Allocated Bytes 0 B
      Overflow Count 0
    [ALLOC_TEMP_BakingJobs.Worker 56]
      Initial Block Size 256.0 KB
      Current Block Size 256.0 KB
      Peak Allocated Bytes 0 B
      Overflow Count 0
    [ALLOC_TEMP_AUDIO_FMOD mixer thread]
      Initial Block Size 64.0 KB
      Current Block Size 64.0 KB
      Peak Allocated Bytes 0 B
      Overflow Count 0
    [ALLOC_TEMP_Job.Worker 78]
      Initial Block Size 256.0 KB
      Current Block Size 256.0 KB
      Peak Allocated Bytes 141.0 KB
      Overflow Count 0
    [ALLOC_TEMP_BakingJobs.Worker 10]
      Initial Block Size 256.0 KB
      Current Block Size 256.0 KB
      Peak Allocated Bytes 0 B
      Overflow Count 0
    [ALLOC_TEMP_Job.Worker 46]
      Initial Block Size 256.0 KB
      Current Block Size 256.0 KB
      Peak Allocated Bytes 141.0 KB
      Overflow Count 0
    [ALLOC_TEMP_BatchDeleteObjects]
      Initial Block Size 64.0 KB
      Current Block Size 64.0 KB
      Peak Allocated Bytes 0 B
      Overflow Count 0
    [ALLOC_TEMP_BakingJobs.Worker 65]
      Initial Block Size 256.0 KB
      Current Block Size 256.0 KB
      Peak Allocated Bytes 0 B
      Overflow Count 0
    [ALLOC_TEMP_Job.Worker 60]
      Initial Block Size 256.0 KB
      Current Block Size 256.0 KB
      Peak Allocated Bytes 141.0 KB
      Overflow Count 0
    [ALLOC_TEMP_AssetDatabase.IOService]
      Initial Block Size 64.0 KB
      Current Block Size 64.0 KB
      Peak Allocated Bytes 0 B
      Overflow Count 0
    [ALLOC_TEMP_BakingJobs.Worker 48]
      Initial Block Size 256.0 KB
      Current Block Size 256.0 KB
      Peak Allocated Bytes 0 B
      Overflow Count 0
    [ALLOC_TEMP_BakingJobs.Worker 94]
      Initial Block Size 256.0 KB
      Current Block Size 256.0 KB
      Peak Allocated Bytes 0 B
      Overflow Count 0
    [ALLOC_TEMP_Job.Worker 35]
      Initial Block Size 256.0 KB
      Current Block Size 0.6 MB
      Peak Allocated Bytes 0.6 MB
      Overflow Count 0
    [ALLOC_TEMP_Job.Worker 59]
      Initial Block Size 256.0 KB
      Current Block Size 0.6 MB
      Peak Allocated Bytes 0.6 MB
      Overflow Count 0
    [ALLOC_TEMP_Job.Worker 15]
      Initial Block Size 256.0 KB
      Current Block Size 256.0 KB
      Peak Allocated Bytes 141.0 KB
      Overflow Count 0
    [ALLOC_TEMP_Loading.PreloadManager]
      Initial Block Size 32.0 MB
      Current Block Size 32.0 MB
      Peak Allocated Bytes 2.0 MB
      Overflow Count 0
    [ALLOC_TEMP_BakingJobs.Worker 60]
      Initial Block Size 256.0 KB
      Current Block Size 256.0 KB
      Peak Allocated Bytes 0 B
      Overflow Count 0
    [ALLOC_TEMP_Job.Worker 99]
      Initial Block Size 256.0 KB
      Current Block Size 0.6 MB
      Peak Allocated Bytes 0.6 MB
      Overflow Count 0
    [ALLOC_TEMP_BakingJobs.Worker 23]
      Initial Block Size 256.0 KB
      Current Block Size 256.0 KB
      Peak Allocated Bytes 0 B
      Overflow Count 0
    [ALLOC_TEMP_BakingJobs.Worker 43]
      Initial Block Size 256.0 KB
      Current Block Size 256.0 KB
      Peak Allocated Bytes 0 B
      Overflow Count 0
    [ALLOC_TEMP_BakingJobs.Worker 93]
      Initial Block Size 256.0 KB
      Current Block Size 256.0 KB
      Peak Allocated Bytes 0 B
      Overflow Count 0
    [ALLOC_TEMP_BakingJobs.Worker 38]
      Initial Block Size 256.0 KB
      Current Block Size 256.0 KB
      Peak Allocated Bytes 0 B
      Overflow Count 0
    [ALLOC_TEMP_BakingJobs.Worker 108]
      Initial Block Size 256.0 KB
      Current Block Size 256.0 KB
      Peak Allocated Bytes 0 B
      Overflow Count 0
    [ALLOC_TEMP_Job.Worker 3]
      Initial Block Size 256.0 KB
      Current Block Size 1.0 MB
      Peak Allocated Bytes 1.0 MB
      Overflow Count 0
    [ALLOC_TEMP_Job.Worker 14]
      Initial Block Size 256.0 KB
      Current Block Size 256.0 KB
      Peak Allocated Bytes 141.0 KB
      Overflow Count 0
    [ALLOC_TEMP_BakingJobs.Worker 6]
      Initial Block Size 256.0 KB
      Current Block Size 256.0 KB
      Peak Allocated Bytes 0 B
      Overflow Count 0
    [ALLOC_TEMP_BakingJobs.Worker 119]
      Initial Block Size 256.0 KB
      Current Block Size 256.0 KB
      Peak Allocated Bytes 0 B
      Overflow Count 0
    [ALLOC_TEMP_Job.Worker 91]
      Initial Block Size 256.0 KB
      Current Block Size 0.6 MB
      Peak Allocated Bytes 0.6 MB
      Overflow Count 0
    [ALLOC_TEMP_Job.Worker 89]
      Initial Block Size 256.0 KB
      Current Block Size 0.6 MB
      Peak Allocated Bytes 0.6 MB
      Overflow Count 0
    [ALLOC_TEMP_BakingJobs.Worker 1]
      Initial Block Size 256.0 KB
      Current Block Size 256.0 KB
      Peak Allocated Bytes 0 B
      Overflow Count 0
    [ALLOC_TEMP_BakingJobs.Worker 80]
      Initial Block Size 256.0 KB
      Current Block Size 256.0 KB
      Peak Allocated Bytes 0 B
      Overflow Count 0
    [ALLOC_TEMP_BakingJobs.Worker 22]
      Initial Block Size 256.0 KB
      Current Block Size 256.0 KB
      Peak Allocated Bytes 0 B
      Overflow Count 0
    [ALLOC_TEMP_Job.Worker 16]
      Initial Block Size 256.0 KB
      Current Block Size 256.0 KB
      Peak Allocated Bytes 141.0 KB
      Overflow Count 0
    [ALLOC_TEMP_Job.Worker 52]
      Initial Block Size 256.0 KB
      Current Block Size 256.0 KB
      Peak Allocated Bytes 141.0 KB
      Overflow Count 0
    [ALLOC_TEMP_Job.Worker 40]
      Initial Block Size 256.0 KB
      Current Block Size 256.0 KB
      Peak Allocated Bytes 141.0 KB
      Overflow Count 0
    [ALLOC_TEMP_BakingJobs.Worker 100]
      Initial Block Size 256.0 KB
      Current Block Size 256.0 KB
      Peak Allocated Bytes 0 B
      Overflow Count 0
    [ALLOC_TEMP_Job.Worker 79]
      Initial Block Size 256.0 KB
      Current Block Size 0.6 MB
      Peak Allocated Bytes 0.6 MB
      Overflow Count 0
    [ALLOC_TEMP_Background Job.Worker 1]
      Initial Block Size 32.0 KB
      Current Block Size 256.0 KB
      Peak Allocated Bytes 121.9 KB
      Overflow Count 4622
    [ALLOC_TEMP_Job.Worker 77]
      Initial Block Size 256.0 KB
      Current Block Size 0.6 MB
      Peak Allocated Bytes 0.6 MB
      Overflow Count 0
    [ALLOC_TEMP_Job.Worker 38]
      Initial Block Size 256.0 KB
      Current Block Size 256.0 KB
      Peak Allocated Bytes 141.0 KB
      Overflow Count 0
    [ALLOC_TEMP_Background Job.Worker 10]
      Initial Block Size 32.0 KB
      Current Block Size 32.0 KB
      Peak Allocated Bytes 0 B
      Overflow Count 0
    [ALLOC_TEMP_BakingJobs.Worker 52]
      Initial Block Size 256.0 KB
      Current Block Size 256.0 KB
      Peak Allocated Bytes 0 B
      Overflow Count 0
    [ALLOC_TEMP_Job.Worker 20]
      Initial Block Size 256.0 KB
      Current Block Size 256.0 KB
      Peak Allocated Bytes 141.0 KB
      Overflow Count 0
    [ALLOC_TEMP_BakingJobs.Worker 89]
      Initial Block Size 256.0 KB
      Current Block Size 256.0 KB
      Peak Allocated Bytes 0 B
      Overflow Count 0
    [ALLOC_TEMP_Job.Worker 47]
      Initial Block Size 256.0 KB
      Current Block Size 256.0 KB
      Peak Allocated Bytes 141.0 KB
      Overflow Count 0
    [ALLOC_TEMP_BakingJobs.Worker 2]
      Initial Block Size 256.0 KB
      Current Block Size 256.0 KB
      Peak Allocated Bytes 0 B
      Overflow Count 0
    [ALLOC_TEMP_BakingJobs.Worker 110]
      Initial Block Size 256.0 KB
      Current Block Size 256.0 KB
      Peak Allocated Bytes 0 B
      Overflow Count 0
    [ALLOC_TEMP_BakingJobs.Worker 3]
      Initial Block Size 256.0 KB
      Current Block Size 256.0 KB
      Peak Allocated Bytes 0 B
      Overflow Count 0
    [ALLOC_TEMP_BakingJobs.Worker 28]
      Initial Block Size 256.0 KB
      Current Block Size 256.0 KB
      Peak Allocated Bytes 0 B
      Overflow Count 0
    [ALLOC_TEMP_Job.Worker 49]
      Initial Block Size 256.0 KB
      Current Block Size 256.0 KB
      Peak Allocated Bytes 141.0 KB
      Overflow Count 0
    [ALLOC_TEMP_BakingJobs.Worker 76]
      Initial Block Size 256.0 KB
      Current Block Size 256.0 KB
      Peak Allocated Bytes 0 B
      Overflow Count 0
    [ALLOC_TEMP_BakingJobs.Worker 4]
      Initial Block Size 256.0 KB
      Current Block Size 256.0 KB
      Peak Allocated Bytes 0 B
      Overflow Count 0
    [ALLOC_TEMP_Job.Worker 65]
      Initial Block Size 256.0 KB
      Current Block Size 0.6 MB
      Peak Allocated Bytes 0.6 MB
      Overflow Count 0
    [ALLOC_TEMP_HTTP REST Server]
      Initial Block Size 64.0 KB
      Current Block Size 64.0 KB
      Peak Allocated Bytes 377 B
      Overflow Count 0
    [ALLOC_TEMP_BakingJobs.Worker 12]
      Initial Block Size 256.0 KB
      Current Block Size 256.0 KB
      Peak Allocated Bytes 0 B
      Overflow Count 0
    [ALLOC_TEMP_Job.Worker 56]
      Initial Block Size 256.0 KB
      Current Block Size 256.0 KB
      Peak Allocated Bytes 141.0 KB
      Overflow Count 0
    [ALLOC_TEMP_AssetGarbageCollectorHelper] x 127
      Initial Block Size 64.0 KB
      Current Block Size 64.0 KB
      Peak Allocated Bytes 0 B
      Overflow Count 0
    [ALLOC_TEMP_Job.Worker 54]
      Initial Block Size 256.0 KB
      Current Block Size 0.6 MB
      Peak Allocated Bytes 0.6 MB
      Overflow Count 0
    [ALLOC_TEMP_BakingJobs.Worker 104]
      Initial Block Size 256.0 KB
      Current Block Size 256.0 KB
      Peak Allocated Bytes 0 B
      Overflow Count 0
    [ALLOC_TEMP_Background Job.Worker 0]
      Initial Block Size 32.0 KB
      Current Block Size 32.0 KB
      Peak Allocated Bytes 0 B
      Overflow Count 0
    [ALLOC_TEMP_Background Job.Worker 14]
      Initial Block Size 32.0 KB
      Current Block Size 32.0 KB
      Peak Allocated Bytes 0 B
      Overflow Count 0
    [ALLOC_TEMP_BakingJobs.Worker 41]
      Initial Block Size 256.0 KB
      Current Block Size 256.0 KB
      Peak Allocated Bytes 0 B
      Overflow Count 0
    [ALLOC_TEMP_Job.Worker 104]
      Initial Block Size 256.0 KB
      Current Block Size 0.6 MB
      Peak Allocated Bytes 0.6 MB
      Overflow Count 0
    [ALLOC_TEMP_BakingJobs.Worker 54]
      Initial Block Size 256.0 KB
      Current Block Size 256.0 KB
      Peak Allocated Bytes 0 B
      Overflow Count 0
    [ALLOC_TEMP_CloudJob.Worker 0]
      Initial Block Size 32.0 KB
      Current Block Size 32.0 KB
      Peak Allocated Bytes 4.3 KB
      Overflow Count 0
    [ALLOC_TEMP_Job.Worker 19]
      Initial Block Size 256.0 KB
      Current Block Size 256.0 KB
      Peak Allocated Bytes 141.0 KB
      Overflow Count 0
[ALLOC_MEMORYPROFILER]
  Requested Block Size 1.0 MB
  Peak Block count 2
  Peak Allocated memory 1.0 MB
  Peak Large allocation bytes 0 B
[ALLOC_DEFAULT] Dual Thread Allocator
  Peak main deferred allocation count 175
    [ALLOC_BUCKET]
      Large Block size 32.0 MB
      Used Block count 1
      Peak Allocated bytes 10.6 MB
    [ALLOC_DEFAULT_MAIN]
      Requested Block Size 16.0 MB
      Peak Block count 9
      Peak Allocated memory 159.8 MB
      Peak Large allocation bytes 32.0 MB
    [ALLOC_DEFAULT_THREAD]
      Requested Block Size 16.0 MB
      Peak Block count 1
      Peak Allocated memory 8.3 MB
      Peak Large allocation bytes 0 B
[ALLOC_TEMP_JOB_1_FRAME]
  Initial Block Size 2.0 MB
  Used Block Count 0
  Overflow Count (too large) 0
  Overflow Count (full) 0
[ALLOC_TEMP_JOB_2_FRAMES]
  Initial Block Size 2.0 MB
  Used Block Count 0
  Overflow Count (too large) 0
  Overflow Count (full) 0
[ALLOC_TEMP_JOB_4_FRAMES (JobTemp)]
  Initial Block Size 2.0 MB
  Used Block Count 1
  Overflow Count (too large) 0
  Overflow Count (full) 0
[ALLOC_TEMP_JOB_ASYNC (Background)]
  Initial Block Size 1.0 MB
  Used Block Count 1
  Overflow Count (too large) 0
  Overflow Count (full) 0
[ALLOC_GFX] Dual Thread Allocator
  Peak main deferred allocation count 2
    [ALLOC_BUCKET]
      Large Block size 32.0 MB
      Used Block count 1
      Peak Allocated bytes 10.6 MB
    [ALLOC_GFX_MAIN]
      Requested Block Size 16.0 MB
      Peak Block count 1
      Peak Allocated memory 12.2 MB
      Peak Large allocation bytes 0 B
    [ALLOC_GFX_THREAD]
      Requested Block Size 16.0 MB
      Peak Block count 1
      Peak Allocated memory 0.7 KB
      Peak Large allocation bytes 0 B
[ALLOC_CACHEOBJECTS] Dual Thread Allocator
  Peak main deferred allocation count 606
    [ALLOC_BUCKET]
      Large Block size 32.0 MB
      Used Block count 1
      Peak Allocated bytes 10.6 MB
    [ALLOC_CACHEOBJECTS_MAIN]
      Requested Block Size 4.0 MB
      Peak Block count 21
      Peak Allocated memory 67.3 MB
      Peak Large allocation bytes 14.4 MB
    [ALLOC_CACHEOBJECTS_THREAD]
      Requested Block Size 4.0 MB
      Peak Block count 1
      Peak Allocated memory 33.2 KB
      Peak Large allocation bytes 0 B
[ALLOC_TYPETREE] Dual Thread Allocator
  Peak main deferred allocation count 893
    [ALLOC_BUCKET]
      Large Block size 32.0 MB
      Used Block count 1
      Peak Allocated bytes 10.6 MB
    [ALLOC_TYPETREE_MAIN]
      Requested Block Size 2.0 MB
      Peak Block count 15
      Peak Allocated memory 27.0 MB
      Peak Large allocation bytes 0 B
    [ALLOC_TYPETREE_THREAD]
      Requested Block Size 2.0 MB
      Peak Block count 1
      Peak Allocated memory 21.8 KB
      Peak Large allocation bytes 0 B
[ALLOC_PROFILER]
  Requested Block Size 16.0 MB
  Peak Block count 1
  Peak Allocated memory 0.7 MB
  Peak Large allocation bytes 0 B
    [ALLOC_PROFILER_BUCKET]
      Large Block size 32.0 MB
      Used Block count 1
      Peak Allocated bytes 8.4 KB
[ALLOC_PROFILER_EDITOR]
  Requested Block Size 1.0 MB
  Peak Block count 0
  Peak Allocated memory 0 B
  Peak Large allocation bytes 0 B
    [ALLOC_PROFILER_BUCKET]
      Large Block size 32.0 MB
      Used Block count 1
      Peak Allocated bytes 8.4 KB
##utp:{"type":"MemoryLeaks","version":2,"phase":"Immediate","time":1789834119565,"processId":2888764,"allocatedMemory":51494580,"memoryLabels":[{"Default":20071},{"Permanent":16322},{"Thread":1087860},{"Manager":126274},{"VertexData":12},{"Geometry":280},{"Texture":328},{"Shader":69259},{"Material":24},{"GfxDevice":42176},{"Animation":360},{"Audio":3976},{"FontEngine":336},{"Physics":513},{"Serialization":732},{"Input":26816},{"JobScheduler":181048},{"Mono":40},{"ScriptingNativeRuntime":191920},{"BaseObject":1629820},{"Resource":1064},{"Renderer":2352},{"Transform":48},{"File":804},{"WebCam":40},{"Culling":40},{"Terrain":1025},{"Wind":24},{"String":32821},{"DynamicArray":91992},{"HashMap":114372},{"Utility":2710118},{"Curl":1112},{"PoolAlloc":1496},{"AI":72},{"TypeTree":5061},{"ScriptManager":640},{"RuntimeInitializeOnLoadManager":80},{"SpriteAtlas":128},{"GI":3632},{"Director":7928},{"CloudService":5408},{"WebRequest":720},{"VR":45769},{"SceneManager":600},{"Video":72},{"LazyScriptCache":40},{"NativeArray":33554628},{"Camera":25},{"Secure":5337},{"SerializationCache":1576},{"APIUpdating":11856},{"Subsystems":392},{"VirtualTexturing":57560},{"StaticSafetyDebugInfo":327680},{"EditorGui":56},{"EditorUtility":6908},{"VersionControl":4},{"Undo":736},{"AssetDatabase":11053751},{"RestService":1518},{"EditorGi":376},{"License":3584},{"UnityConnect":25496},{"Collab":641},{"Upm":1856},{"DrivenProperties":96},{"LocalIPC":210},{"ProfilerEditor":10951},{"CoreBusinessMetrics":3638},{"AssetReference":40},{"IPCStream":40}]}
