Mono path[0] = '/data1/chh/project/robosupport/software/sim/Rubble_Pile_Simulator/Builds/Linux/RubbleSim_Data/Managed'
Mono config path = '/data1/chh/project/robosupport/software/sim/Rubble_Pile_Simulator/Builds/Linux/RubbleSim_Data/MonoBleedingEdge/etc'
Preloaded 'lib_burst_generated.so'
Preloaded 'liblibvhacd.so'
Unable to preload the following plugins:
	libassimp.so
Input System module state changed to: Initialized.
Display 0 'screen': 1920x1080 (primary device).
[PhysX] Initialized MultithreadedTaskDispatcher with 113 workers.
Desktop is 1920 x 1080 @ 0 Hz
[Vulkan init] extensions: count=20
[Vulkan init] extensions: name=VK_EXT_acquire_drm_display [enabled=0, external=0]
[Vulkan init] extensions: name=VK_EXT_acquire_xlib_display [enabled=0, external=0]
[Vulkan init] extensions: name=VK_EXT_debug_report [enabled=0, external=0]
[Vulkan init] extensions: name=VK_EXT_debug_utils [enabled=0, external=0]
[Vulkan init] extensions: name=VK_EXT_direct_mode_display [enabled=0, external=0]
[Vulkan init] extensions: name=VK_EXT_display_surface_counter [enabled=0, external=0]
[Vulkan init] extensions: name=VK_EXT_swapchain_colorspace [enabled=1, external=0]
[Vulkan init] extensions: name=VK_KHR_device_group_creation [enabled=0, external=0]
[Vulkan init] extensions: name=VK_KHR_display [enabled=1, external=0]
[Vulkan init] extensions: name=VK_KHR_external_fence_capabilities [enabled=1, external=0]
[Vulkan init] extensions: name=VK_KHR_external_memory_capabilities [enabled=1, external=0]
[Vulkan init] extensions: name=VK_KHR_external_semaphore_capabilities [enabled=1, external=0]
[Vulkan init] extensions: name=VK_KHR_get_display_properties2 [enabled=0, external=0]
[Vulkan init] extensions: name=VK_KHR_get_physical_device_properties2 [enabled=1, external=0]
[Vulkan init] extensions: name=VK_KHR_get_surface_capabilities2 [enabled=0, external=0]
[Vulkan init] extensions: name=VK_KHR_surface [enabled=1, external=0]
[Vulkan init] extensions: name=VK_KHR_surface_protected_capabilities [enabled=0, external=0]
[Vulkan init] extensions: name=VK_KHR_wayland_surface [enabled=1, external=0]
[Vulkan init] extensions: name=VK_KHR_xcb_surface [enabled=0, external=0]
[Vulkan init] extensions: name=VK_KHR_xlib_surface [enabled=1, external=0]
Vulkan detection: 2
Initialize engine version: 2022.3.62f2 (7670c08855a9)
[Subsystems] Discovering subsystems at path /data1/chh/project/robosupport/software/sim/Rubble_Pile_Simulator/Builds/Linux/RubbleSim_Data/UnitySubsystems
Forcing GfxDevice: Vulkan
GfxDevice: creating device client; threaded=0; jobified=0
[Vulkan init] extensions: count=20
[Vulkan init] extensions: name=VK_EXT_acquire_drm_display [enabled=0, external=0]
[Vulkan init] extensions: name=VK_EXT_acquire_xlib_display [enabled=0, external=0]
[Vulkan init] extensions: name=VK_EXT_debug_report [enabled=0, external=0]
[Vulkan init] extensions: name=VK_EXT_debug_utils [enabled=0, external=0]
[Vulkan init] extensions: name=VK_EXT_direct_mode_display [enabled=0, external=0]
[Vulkan init] extensions: name=VK_EXT_display_surface_counter [enabled=0, external=0]
[Vulkan init] extensions: name=VK_EXT_swapchain_colorspace [enabled=1, external=0]
[Vulkan init] extensions: name=VK_KHR_device_group_creation [enabled=0, external=0]
[Vulkan init] extensions: name=VK_KHR_display [enabled=1, external=0]
[Vulkan init] extensions: name=VK_KHR_external_fence_capabilities [enabled=1, external=0]
[Vulkan init] extensions: name=VK_KHR_external_memory_capabilities [enabled=1, external=0]
[Vulkan init] extensions: name=VK_KHR_external_semaphore_capabilities [enabled=1, external=0]
[Vulkan init] extensions: name=VK_KHR_get_display_properties2 [enabled=0, external=0]
[Vulkan init] extensions: name=VK_KHR_get_physical_device_properties2 [enabled=1, external=0]
[Vulkan init] extensions: name=VK_KHR_get_surface_capabilities2 [enabled=0, external=0]
[Vulkan init] extensions: name=VK_KHR_surface [enabled=1, external=0]
[Vulkan init] extensions: name=VK_KHR_surface_protected_capabilities [enabled=0, external=0]
[Vulkan init] extensions: name=VK_KHR_wayland_surface [enabled=1, external=0]
[Vulkan init] extensions: name=VK_KHR_xcb_surface [enabled=0, external=0]
[Vulkan init] extensions: name=VK_KHR_xlib_surface [enabled=1, external=0]
[Vulkan init] SelectPhysicalDevice requestedDeviceIndex=-1 xrDevice=(nil)
[Vulkan init] Physical Device 0x1441da0 [0]: "NVIDIA A800-SXM4-80GB" deviceType=2 vendorID=10de deviceID=20f3
[Vulkan init] Physical Device 0x1459ca0 [1]: "llvmpipe (LLVM 15.0.7, 256 bits)" deviceType=4 vendorID=10005 deviceID=0
[Vulkan init] Physical Device 0x1459cd0 [2]: "NVIDIA A800-SXM4-80GB" deviceType=2 vendorID=10de deviceID=20f3
[Vulkan init] Physical Device 0x1459d00 [3]: "NVIDIA A800-SXM4-80GB" deviceType=2 vendorID=10de deviceID=20f3
[Vulkan init] Physical Device 0x143a720 [4]: "NVIDIA A800-SXM4-80GB" deviceType=2 vendorID=10de deviceID=20f3
[Vulkan init] Physical Device 0x143a750 [5]: "NVIDIA A800-SXM4-80GB" deviceType=2 vendorID=10de deviceID=20f3
[Vulkan init] Physical Device 0x143a780 [6]: "NVIDIA A800-SXM4-80GB" deviceType=2 vendorID=10de deviceID=20f3
[Vulkan init] Physical Device 0x143a7b0 [7]: "NVIDIA A800-SXM4-80GB" deviceType=2 vendorID=10de deviceID=20f3
[Vulkan init] Physical Device 0x143a7e0 [8]: "NVIDIA A800-SXM4-80GB" deviceType=2 vendorID=10de deviceID=20f3
[Vulkan init] Selected physical device 0x1441da0
[Vulkan init] Graphics queue count=1
[Vulkan init] extensions: count=264
[Vulkan init] extensions: name=VK_AMD_buffer_marker [enabled=0, external=0]
[Vulkan init] extensions: name=VK_EXT_4444_formats [enabled=1, external=0]
[Vulkan init] extensions: name=VK_EXT_attachment_feedback_loop_dynamic_state [enabled=0, external=0]
[Vulkan init] extensions: name=VK_EXT_attachment_feedback_loop_layout [enabled=0, external=0]
[Vulkan init] extensions: name=VK_EXT_blend_operation_advanced [enabled=0, external=0]
[Vulkan init] extensions: name=VK_EXT_border_color_swizzle [enabled=0, external=0]
[Vulkan init] extensions: name=VK_EXT_buffer_device_address [enabled=0, external=0]
[Vulkan init] extensions: name=VK_EXT_calibrated_timestamps [enabled=0, external=0]
[Vulkan init] extensions: name=VK_EXT_color_write_enable [enabled=0, external=0]
[Vulkan init] extensions: name=VK_EXT_conditional_rendering [enabled=0, external=0]
[Vulkan init] extensions: name=VK_EXT_conservative_rasterization [enabled=1, external=0]
[Vulkan init] extensions: name=VK_EXT_custom_border_color [enabled=0, external=0]
[Vulkan init] extensions: name=VK_EXT_custom_resolve [enabled=0, external=0]
[Vulkan init] extensions: name=VK_EXT_depth_bias_control [enabled=0, external=0]
[Vulkan init] extensions: name=VK_EXT_depth_clamp_control [enabled=0, external=0]
[Vulkan init] extensions: name=VK_EXT_depth_clamp_zero_one [enabled=0, external=0]
[Vulkan init] extensions: name=VK_EXT_depth_clip_control [enabled=0, external=0]
[Vulkan init] extensions: name=VK_EXT_depth_clip_enable [enabled=0, external=0]
[Vulkan init] extensions: name=VK_EXT_depth_range_unrestricted [enabled=0, external=0]
[Vulkan init] extensions: name=VK_EXT_descriptor_buffer [enabled=0, external=0]
[Vulkan init] extensions: name=VK_EXT_descriptor_heap [enabled=0, external=0]
[Vulkan init] extensions: name=VK_EXT_descriptor_indexing [enabled=0, external=0]
[Vulkan init] extensions: name=VK_EXT_device_address_binding_report [enabled=0, external=0]
[Vulkan init] extensions: name=VK_EXT_device_fault [enabled=0, external=0]
[Vulkan init] extensions: name=VK_EXT_device_generated_commands [enabled=0, external=0]
[Vulkan init] extensions: name=VK_EXT_discard_rectangles [enabled=0, external=0]
[Vulkan init] extensions: name=VK_EXT_display_control [enabled=0, external=0]
[Vulkan init] extensions: name=VK_EXT_dynamic_rendering_unused_attachments [enabled=0, external=0]
[Vulkan init] extensions: name=VK_EXT_extended_dynamic_state [enabled=0, external=0]
[Vulkan init] extensions: name=VK_EXT_extended_dynamic_state2 [enabled=0, external=0]
[Vulkan init] extensions: name=VK_EXT_extended_dynamic_state3 [enabled=0, external=0]
[Vulkan init] extensions: name=VK_EXT_external_memory_host [enabled=1, external=0]
[Vulkan init] extensions: name=VK_EXT_fragment_shader_interlock [enabled=0, external=0]
[Vulkan init] extensions: name=VK_EXT_global_priority [enabled=0, external=0]
[Vulkan init] extensions: name=VK_EXT_global_priority_query [enabled=0, external=0]
[Vulkan init] extensions: name=VK_EXT_graphics_pipeline_library [enabled=0, external=0]
[Vulkan init] extensions: name=VK_EXT_hdr_metadata [enabled=1, external=0]
[Vulkan init] extensions: name=VK_EXT_host_image_copy [enabled=0, external=0]
[Vulkan init] extensions: name=VK_EXT_host_query_reset [enabled=0, external=0]
[Vulkan init] extensions: name=VK_EXT_image_2d_view_of_3d [enabled=0, external=0]
[Vulkan init] extensions: name=VK_EXT_image_drm_format_modifier [enabled=0, external=0]
[Vulkan init] extensions: name=VK_EXT_image_robustness [enabled=0, external=0]
[Vulkan init] extensions: name=VK_EXT_image_sliced_view_of_3d [enabled=0, external=0]
[Vulkan init] extensions: name=VK_EXT_image_view_min_lod [enabled=0, external=0]
[Vulkan init] extensions: name=VK_EXT_index_type_uint8 [enabled=0, external=0]
[Vulkan init] extensions: name=VK_EXT_inline_uniform_block [enabled=0, external=0]
[Vulkan init] extensions: name=VK_EXT_legacy_vertex_attributes [enabled=0, external=0]
[Vulkan init] extensions: name=VK_EXT_line_rasterization [enabled=0, external=0]
[Vulkan init] extensions: name=VK_EXT_load_store_op_none [enabled=1, external=0]
[Vulkan init] extensions: name=VK_EXT_map_memory_placed [enabled=0, external=0]
[Vulkan init] extensions: name=VK_EXT_memory_budget [enabled=1, external=0]
[Vulkan init] extensions: name=VK_EXT_memory_decompression [enabled=0, external=0]
[Vulkan init] extensions: name=VK_EXT_memory_priority [enabled=1, external=0]
[Vulkan init] extensions: name=VK_EXT_mesh_shader [enabled=0, external=0]
[Vulkan init] extensions: name=VK_EXT_multi_draw [enabled=0, external=0]
[Vulkan init] extensions: name=VK_EXT_mutable_descriptor_type [enabled=0, external=0]
[Vulkan init] extensions: name=VK_EXT_nested_command_buffer [enabled=0, external=0]
[Vulkan init] extensions: name=VK_EXT_non_seamless_cube_map [enabled=0, external=0]
[Vulkan init] extensions: name=VK_EXT_pageable_device_local_memory [enabled=0, external=0]
[Vulkan init] extensions: name=VK_EXT_pci_bus_info [enabled=0, external=0]
[Vulkan init] extensions: name=VK_EXT_physical_device_drm [enabled=0, external=0]
[Vulkan init] extensions: name=VK_EXT_pipeline_creation_cache_control [enabled=0, external=0]
[Vulkan init] extensions: name=VK_EXT_pipeline_creation_feedback [enabled=0, external=0]
[Vulkan init] extensions: name=VK_EXT_pipeline_library_group_handles [enabled=0, external=0]
[Vulkan init] extensions: name=VK_EXT_pipeline_robustness [enabled=0, external=0]
[Vulkan init] extensions: name=VK_EXT_post_depth_coverage [enabled=0, external=0]
[Vulkan init] extensions: name=VK_EXT_present_mode_fifo_latest_ready [enabled=0, external=0]
[Vulkan init] extensions: name=VK_EXT_present_timing [enabled=0, external=0]
[Vulkan init] extensions: name=VK_EXT_primitive_topology_list_restart [enabled=0, external=0]
[Vulkan init] extensions: name=VK_EXT_primitives_generated_query [enabled=0, external=0]
[Vulkan init] extensions: name=VK_EXT_private_data [enabled=0, external=0]
[Vulkan init] extensions: name=VK_EXT_provoking_vertex [enabled=0, external=0]
[Vulkan init] extensions: name=VK_EXT_queue_family_foreign [enabled=1, external=0]
[Vulkan init] extensions: name=VK_EXT_ray_tracing_invocation_reorder [enabled=0, external=0]
[Vulkan init] extensions: name=VK_EXT_robustness2 [enabled=0, external=0]
[Vulkan init] extensions: name=VK_EXT_sample_locations [enabled=0, external=0]
[Vulkan init] extensions: name=VK_EXT_sampler_filter_minmax [enabled=0, external=0]
[Vulkan init] extensions: name=VK_EXT_scalar_block_layout [enabled=1, external=0]
[Vulkan init] extensions: name=VK_EXT_separate_stencil_usage [enabled=0, external=0]
[Vulkan init] extensions: name=VK_EXT_shader_64bit_indexing [enabled=0, external=0]
[Vulkan init] extensions: name=VK_EXT_shader_atomic_float [enabled=0, external=0]
[Vulkan init] extensions: name=VK_EXT_shader_demote_to_helper_invocation [enabled=0, external=0]
[Vulkan init] extensions: name=VK_EXT_shader_image_atomic_int64 [enabled=0, external=0]
[Vulkan init] extensions: name=VK_EXT_shader_long_vector [enabled=0, external=0]
[Vulkan init] extensions: name=VK_EXT_shader_module_identifier [enabled=0, external=0]
[Vulkan init] extensions: name=VK_EXT_shader_object [enabled=0, external=0]
[Vulkan init] extensions: name=VK_EXT_shader_replicated_composites [enabled=0, external=0]
[Vulkan init] extensions: name=VK_EXT_shader_subgroup_ballot [enabled=0, external=0]
[Vulkan init] extensions: name=VK_EXT_shader_subgroup_partitioned [enabled=0, external=0]
[Vulkan init] extensions: name=VK_EXT_shader_subgroup_vote [enabled=0, external=0]
[Vulkan init] extensions: name=VK_EXT_shader_uniform_buffer_unsized_array [enabled=0, external=0]
[Vulkan init] extensions: name=VK_EXT_shader_viewport_index_layer [enabled=1, external=0]
[Vulkan init] extensions: name=VK_EXT_subgroup_size_control [enabled=0, external=0]
[Vulkan init] extensions: name=VK_EXT_swapchain_maintenance1 [enabled=0, external=0]
[Vulkan init] extensions: name=VK_EXT_texel_buffer_alignment [enabled=0, external=0]
[Vulkan init] extensions: name=VK_EXT_tooling_info [enabled=0, external=0]
[Vulkan init] extensions: name=VK_EXT_transform_feedback [enabled=0, external=0]
[Vulkan init] extensions: name=VK_EXT_vertex_attribute_divisor [enabled=0, external=0]
[Vulkan init] extensions: name=VK_EXT_vertex_attribute_robustness [enabled=0, external=0]
[Vulkan init] extensions: name=VK_EXT_vertex_input_dynamic_state [enabled=0, external=0]
[Vulkan init] extensions: name=VK_EXT_ycbcr_2plane_444_formats [enabled=0, external=0]
[Vulkan init] extensions: name=VK_EXT_ycbcr_image_arrays [enabled=0, external=0]
[Vulkan init] extensions: name=VK_EXT_zero_initialize_device_memory [enabled=0, external=0]
[Vulkan init] extensions: name=VK_GOOGLE_hlsl_functionality1 [enabled=0, external=0]
[Vulkan init] extensions: name=VK_GOOGLE_user_type [enabled=0, external=0]
[Vulkan init] extensions: name=VK_KHR_16bit_storage [enabled=1, external=0]
[Vulkan init] extensions: name=VK_KHR_8bit_storage [enabled=0, external=0]
[Vulkan init] extensions: name=VK_KHR_acceleration_structure [enabled=0, external=0]
[Vulkan init] extensions: name=VK_KHR_bind_memory2 [enabled=1, external=0]
[Vulkan init] extensions: name=VK_KHR_buffer_device_address [enabled=0, external=0]
[Vulkan init] extensions: name=VK_KHR_calibrated_timestamps [enabled=0, external=0]
[Vulkan init] extensions: name=VK_KHR_compute_shader_derivatives [enabled=0, external=0]
[Vulkan init] extensions: name=VK_KHR_cooperative_matrix [enabled=0, external=0]
[Vulkan init] extensions: name=VK_KHR_copy_commands2 [enabled=0, external=0]
[Vulkan init] extensions: name=VK_KHR_copy_memory_indirect [enabled=0, external=0]
[Vulkan init] extensions: name=VK_KHR_create_renderpass2 [enabled=1, external=0]
[Vulkan init] extensions: name=VK_KHR_dedicated_allocation [enabled=1, external=0]
[Vulkan init] extensions: name=VK_KHR_deferred_host_operations [enabled=0, external=0]
[Vulkan init] extensions: name=VK_KHR_depth_clamp_zero_one [enabled=0, external=0]
[Vulkan init] extensions: name=VK_KHR_depth_stencil_resolve [enabled=1, external=0]
[Vulkan init] extensions: name=VK_KHR_descriptor_update_template [enabled=1, external=0]
[Vulkan init] extensions: name=VK_KHR_device_group [enabled=0, external=0]
[Vulkan init] extensions: name=VK_KHR_draw_indirect_count [enabled=0, external=0]
[Vulkan init] extensions: name=VK_KHR_driver_properties [enabled=1, external=0]
[Vulkan init] extensions: name=VK_KHR_dynamic_rendering [enabled=0, external=0]
[Vulkan init] extensions: name=VK_KHR_dynamic_rendering_local_read [enabled=0, external=0]
[Vulkan init] extensions: name=VK_KHR_external_fence [enabled=1, external=0]
[Vulkan init] extensions: name=VK_KHR_external_fence_fd [enabled=1, external=0]
[Vulkan init] extensions: name=VK_KHR_external_memory [enabled=1, external=0]
[Vulkan init] extensions: name=VK_KHR_external_memory_fd [enabled=1, external=0]
[Vulkan init] extensions: name=VK_KHR_external_semaphore [enabled=1, external=0]
[Vulkan init] extensions: name=VK_KHR_external_semaphore_fd [enabled=1, external=0]
[Vulkan init] extensions: name=VK_KHR_format_feature_flags2 [enabled=0, external=0]
[Vulkan init] extensions: name=VK_KHR_fragment_shader_barycentric [enabled=0, external=0]
[Vulkan init] extensions: name=VK_KHR_fragment_shading_rate [enabled=1, external=0]
[Vulkan init] extensions: name=VK_KHR_get_memory_requirements2 [enabled=1, external=0]
[Vulkan init] extensions: name=VK_KHR_global_priority [enabled=0, external=0]
[Vulkan init] extensions: name=VK_KHR_image_format_list [enabled=1, external=0]
[Vulkan init] extensions: name=VK_KHR_imageless_framebuffer [enabled=0, external=0]
[Vulkan init] extensions: name=VK_KHR_incremental_present [enabled=0, external=0]
[Vulkan init] extensions: name=VK_KHR_index_type_uint8 [enabled=0, external=0]
[Vulkan init] extensions: name=VK_KHR_internally_synchronized_queues [enabled=0, external=0]
[Vulkan init] extensions: name=VK_KHR_line_rasterization [enabled=0, external=0]
[Vulkan init] extensions: name=VK_KHR_load_store_op_none [enabled=0, external=0]
[Vulkan init] extensions: name=VK_KHR_maintenance1 [enabled=1, external=0]
[Vulkan init] extensions: name=VK_KHR_maintenance10 [enabled=0, external=0]
[Vulkan init] extensions: name=VK_KHR_maintenance2 [enabled=1, external=0]
[Vulkan init] extensions: name=VK_KHR_maintenance3 [enabled=0, external=0]
[Vulkan init] extensions: name=VK_KHR_maintenance4 [enabled=0, external=0]
[Vulkan init] extensions: name=VK_KHR_maintenance5 [enabled=0, external=0]
[Vulkan init] extensions: name=VK_KHR_maintenance6 [enabled=0, external=0]
[Vulkan init] extensions: name=VK_KHR_maintenance7 [enabled=0, external=0]
[Vulkan init] extensions: name=VK_KHR_maintenance8 [enabled=0, external=0]
[Vulkan init] extensions: name=VK_KHR_maintenance9 [enabled=0, external=0]
[Vulkan init] extensions: name=VK_KHR_map_memory2 [enabled=0, external=0]
[Vulkan init] extensions: name=VK_KHR_multiview [enabled=1, external=0]
[Vulkan init] extensions: name=VK_KHR_pipeline_binary [enabled=0, external=0]
[Vulkan init] extensions: name=VK_KHR_pipeline_executable_properties [enabled=0, external=0]
[Vulkan init] extensions: name=VK_KHR_pipeline_library [enabled=0, external=0]
[Vulkan init] extensions: name=VK_KHR_present_id [enabled=1, external=0]
[Vulkan init] extensions: name=VK_KHR_present_id2 [enabled=0, external=0]
[Vulkan init] extensions: name=VK_KHR_present_mode_fifo_latest_ready [enabled=0, external=0]
[Vulkan init] extensions: name=VK_KHR_present_wait [enabled=1, external=0]
[Vulkan init] extensions: name=VK_KHR_present_wait2 [enabled=0, external=0]
[Vulkan init] extensions: name=VK_KHR_push_descriptor [enabled=0, external=0]
[Vulkan init] extensions: name=VK_KHR_ray_tracing_maintenance1 [enabled=0, external=0]
[Vulkan init] extensions: name=VK_KHR_ray_tracing_pipeline [enabled=0, external=0]
[Vulkan init] extensions: name=VK_KHR_relaxed_block_layout [enabled=0, external=0]
[Vulkan init] extensions: name=VK_KHR_robustness2 [enabled=0, external=0]
[Vulkan init] extensions: name=VK_KHR_sampler_mirror_clamp_to_edge [enabled=1, external=0]
[Vulkan init] extensions: name=VK_KHR_sampler_ycbcr_conversion [enabled=1, external=0]
[Vulkan init] extensions: name=VK_KHR_separate_depth_stencil_layouts [enabled=0, external=0]
[Vulkan init] extensions: name=VK_KHR_shader_atomic_int64 [enabled=1, external=0]
[Vulkan init] extensions: name=VK_KHR_shader_bfloat16 [enabled=0, external=0]
[Vulkan init] extensions: name=VK_KHR_shader_clock [enabled=0, external=0]
[Vulkan init] extensions: name=VK_KHR_shader_draw_parameters [enabled=0, external=0]
[Vulkan init] extensions: name=VK_KHR_shader_expect_assume [enabled=0, external=0]
[Vulkan init] extensions: name=VK_KHR_shader_float16_int8 [enabled=1, external=0]
[Vulkan init] extensions: name=VK_KHR_shader_float_controls [enabled=0, external=0]
[Vulkan init] extensions: name=VK_KHR_shader_float_controls2 [enabled=0, external=0]
[Vulkan init] extensions: name=VK_KHR_shader_fma [enabled=0, external=0]
[Vulkan init] extensions: name=VK_KHR_shader_integer_dot_product [enabled=0, external=0]
[Vulkan init] extensions: name=VK_KHR_shader_maximal_reconvergence [enabled=0, external=0]
[Vulkan init] extensions: name=VK_KHR_shader_non_semantic_info [enabled=1, external=0]
[Vulkan init] extensions: name=VK_KHR_shader_quad_control [enabled=0, external=0]
[Vulkan init] extensions: name=VK_KHR_shader_relaxed_extended_instruction [enabled=0, external=0]
[Vulkan init] extensions: name=VK_KHR_shader_subgroup_extended_types [enabled=0, external=0]
[Vulkan init] extensions: name=VK_KHR_shader_subgroup_rotate [enabled=0, external=0]
[Vulkan init] extensions: name=VK_KHR_shader_subgroup_uniform_control_flow [enabled=0, external=0]
[Vulkan init] extensions: name=VK_KHR_shader_terminate_invocation [enabled=0, external=0]
[Vulkan init] extensions: name=VK_KHR_shader_untyped_pointers [enabled=0, external=0]
[Vulkan init] extensions: name=VK_KHR_shared_presentable_image [enabled=0, external=0]
[Vulkan init] extensions: name=VK_KHR_spirv_1_4 [enabled=0, external=0]
[Vulkan init] extensions: name=VK_KHR_storage_buffer_storage_class [enabled=1, external=0]
[Vulkan init] extensions: name=VK_KHR_swapchain [enabled=1, external=0]
[Vulkan init] extensions: name=VK_KHR_swapchain_maintenance1 [enabled=0, external=0]
[Vulkan init] extensions: name=VK_KHR_swapchain_mutable_format [enabled=1, external=0]
[Vulkan init] extensions: name=VK_KHR_synchronization2 [enabled=0, external=0]
[Vulkan init] extensions: name=VK_KHR_timeline_semaphore [enabled=0, external=0]
[Vulkan init] extensions: name=VK_KHR_unified_image_layouts [enabled=0, external=0]
[Vulkan init] extensions: name=VK_KHR_uniform_buffer_standard_layout [enabled=0, external=0]
[Vulkan init] extensions: name=VK_KHR_variable_pointers [enabled=0, external=0]
[Vulkan init] extensions: name=VK_KHR_vertex_attribute_divisor [enabled=0, external=0]
[Vulkan init] extensions: name=VK_KHR_video_decode_h264 [enabled=0, external=0]
[Vulkan init] extensions: name=VK_KHR_video_decode_h265 [enabled=0, external=0]
[Vulkan init] extensions: name=VK_KHR_video_decode_queue [enabled=0, external=0]
[Vulkan init] extensions: name=VK_KHR_video_decode_vp9 [enabled=0, external=0]
[Vulkan init] extensions: name=VK_KHR_video_maintenance1 [enabled=0, external=0]
[Vulkan init] extensions: name=VK_KHR_video_maintenance2 [enabled=0, external=0]
[Vulkan init] extensions: name=VK_KHR_video_queue [enabled=0, external=0]
[Vulkan init] extensions: name=VK_KHR_vulkan_memory_model [enabled=0, external=0]
[Vulkan init] extensions: name=VK_KHR_workgroup_memory_explicit_layout [enabled=0, external=0]
[Vulkan init] extensions: name=VK_KHR_zero_initialize_workgroup_memory [enabled=0, external=0]
[Vulkan init] extensions: name=VK_NVX_binary_import [enabled=0, external=0]
[Vulkan init] extensions: name=VK_NVX_image_view_handle [enabled=0, external=0]
[Vulkan init] extensions: name=VK_NVX_multiview_per_view_attributes [enabled=0, external=0]
[Vulkan init] extensions: name=VK_NV_clip_space_w_scaling [enabled=0, external=0]
[Vulkan init] extensions: name=VK_NV_compute_shader_derivatives [enabled=0, external=0]
[Vulkan init] extensions: name=VK_NV_cooperative_matrix [enabled=0, external=0]
[Vulkan init] extensions: name=VK_NV_cooperative_matrix2 [enabled=0, external=0]
[Vulkan init] extensions: name=VK_NV_cooperative_vector [enabled=0, external=0]
[Vulkan init] extensions: name=VK_NV_copy_memory_indirect [enabled=0, external=0]
[Vulkan init] extensions: name=VK_NV_corner_sampled_image [enabled=0, external=0]
[Vulkan init] extensions: name=VK_NV_coverage_reduction_mode [enabled=0, external=0]
[Vulkan init] extensions: name=VK_NV_cuda_kernel_launch [enabled=0, external=0]
[Vulkan init] extensions: name=VK_NV_dedicated_allocation [enabled=0, external=0]
[Vulkan init] extensions: name=VK_NV_dedicated_allocation_image_aliasing [enabled=0, external=0]
[Vulkan init] extensions: name=VK_NV_descriptor_pool_overallocation [enabled=0, external=0]
[Vulkan init] extensions: name=VK_NV_device_diagnostic_checkpoints [enabled=0, external=0]
[Vulkan init] extensions: name=VK_NV_device_diagnostics_config [enabled=0, external=0]
[Vulkan init] extensions: name=VK_NV_device_generated_commands [enabled=0, external=0]
[Vulkan init] extensions: name=VK_NV_device_generated_commands_compute [enabled=0, external=0]
[Vulkan init] extensions: name=VK_NV_disk_cache_utils [enabled=0, external=0]
[Vulkan init] extensions: name=VK_NV_extended_sparse_address_space [enabled=0, external=0]
[Vulkan init] extensions: name=VK_NV_fill_rectangle [enabled=0, external=0]
[Vulkan init] extensions: name=VK_NV_fragment_coverage_to_color [enabled=0, external=0]
[Vulkan init] extensions: name=VK_NV_fragment_shader_barycentric [enabled=0, external=0]
[Vulkan init] extensions: name=VK_NV_fragment_shading_rate_enums [enabled=0, external=0]
[Vulkan init] extensions: name=VK_NV_framebuffer_mixed_samples [enabled=0, external=0]
[Vulkan init] extensions: name=VK_NV_geometry_shader_passthrough [enabled=0, external=0]
[Vulkan init] extensions: name=VK_NV_inherited_viewport_scissor [enabled=0, external=0]
[Vulkan init] extensions: name=VK_NV_internal_nvpresent [enabled=0, external=0]
[Vulkan init] extensions: name=VK_NV_linear_color_attachment [enabled=0, external=0]
[Vulkan init] extensions: name=VK_NV_low_latency [enabled=0, external=0]
[Vulkan init] extensions: name=VK_NV_low_latency2 [enabled=0, external=0]
[Vulkan init] extensions: name=VK_NV_memory_decompression [enabled=0, external=0]
[Vulkan init] extensions: name=VK_NV_mesh_shader [enabled=0, external=0]
[Vulkan init] extensions: name=VK_NV_optical_flow [enabled=0, external=0]
[Vulkan init] extensions: name=VK_NV_present_barrier [enabled=0, external=0]
[Vulkan init] extensions: name=VK_NV_present_metering [enabled=0, external=0]
[Vulkan init] extensions: name=VK_NV_push_constant_bank [enabled=0, external=0]
[Vulkan init] extensions: name=VK_NV_raw_access_chains [enabled=0, external=0]
[Vulkan init] extensions: name=VK_NV_ray_tracing [enabled=0, external=0]
[Vulkan init] extensions: name=VK_NV_ray_tracing_invocation_reorder [enabled=0, external=0]
[Vulkan init] extensions: name=VK_NV_representative_fragment_test [enabled=0, external=0]
[Vulkan init] extensions: name=VK_NV_sample_mask_override_coverage [enabled=0, external=0]
[Vulkan init] extensions: name=VK_NV_scissor_exclusive [enabled=0, external=0]
[Vulkan init] extensions: name=VK_NV_shader_atomic_float16_vector [enabled=0, external=0]
[Vulkan init] extensions: name=VK_NV_shader_image_footprint [enabled=0, external=0]
[Vulkan init] extensions: name=VK_NV_shader_sm_builtins [enabled=0, external=0]
[Vulkan init] extensions: name=VK_NV_shader_subgroup_partitioned [enabled=0, external=0]
[Vulkan init] extensions: name=VK_NV_shading_rate_image [enabled=0, external=0]
[Vulkan init] extensions: name=VK_NV_viewport_array2 [enabled=0, external=0]
[Vulkan init] extensions: name=VK_NV_viewport_swizzle [enabled=0, external=0]
Vulkan API version 1.1.0 (1.4.341 supported by driver, 1.1.0 requested)
Vulkan vendor=[NVIDIA] id=[10de]
Vulkan renderer=[NVIDIA A800-SXM4-80GB] id=[20f3]
Vulkan device type 2
Vulkan driverversion=[0x988e4100] uint=[-1735507712]
Vulkan PSO: Cache data successfully loaded [size=518477,path=/tmp/MIT Lincoln Laboratory/RubbleSim/vulkan_pso_cache.bin]
ALSA lib confmisc.c:855:(parse_card) cannot find card '0'
ALSA lib conf.c:5182:(_snd_config_evaluate) function snd_func_card_inum returned error: No such file or directory
ALSA lib confmisc.c:422:(snd_func_concat) error evaluating strings
ALSA lib conf.c:5182:(_snd_config_evaluate) function snd_func_concat returned error: No such file or directory
ALSA lib confmisc.c:1334:(snd_func_refer) error evaluating name
ALSA lib conf.c:5182:(_snd_config_evaluate) function snd_func_refer returned error: No such file or directory
ALSA lib conf.c:5705:(snd_config_expand) Evaluate error: No such file or directory
ALSA lib pcm.c:2664:(snd_pcm_open_noupdate) Unknown PCM default
FMOD failed to initialize the output device.: "Error initializing output device. " (60)
Forced to initialize FMOD to to the device driver's system output rate 48000, this may impact performance and/or give inconsistent experiences compared to selected sample rate 48000
ALSA lib confmisc.c:855:(parse_card) cannot find card '0'
ALSA lib conf.c:5182:(_snd_config_evaluate) function snd_func_card_inum returned error: No such file or directory
ALSA lib confmisc.c:422:(snd_func_concat) error evaluating strings
ALSA lib conf.c:5182:(_snd_config_evaluate) function snd_func_concat returned error: No such file or directory
ALSA lib confmisc.c:1334:(snd_func_refer) error evaluating name
ALSA lib conf.c:5182:(_snd_config_evaluate) function snd_func_refer returned error: No such file or directory
ALSA lib conf.c:5705:(snd_config_expand) Evaluate error: No such file or directory
ALSA lib pcm.c:2664:(snd_pcm_open_noupdate) Unknown PCM default
FMOD failed to initialize the output device.: "Error initializing output device. " (60)
FMOD initialized on nosound output
Begin MonoManager ReloadAssembly
- Loaded All Assemblies, in  0.069 seconds
- Finished resetting the current domain, in  0.001 seconds
The referenced script (ItemBuilder) on this Behaviour is missing!
The referenced script on this Behaviour (Game Object 'ItemBuilder') is missing!
A scripted object (probably ItemBuilder?) has a different serialization layout when loading. (Read 32 bytes but expected 232 bytes)
Did you #ifdef UNITY_EDITOR a section of your serialized properties in any of your scripts?
[PhysX] Initialized MultithreadedTaskDispatcher with 113 workers.
UnloadTime: 0.577164 ms
Fallback handler could not load library /data1/chh/project/robosupport/software/sim/Rubble_Pile_Simulator/Builds/Linux/RubbleSim_Data/MonoBleedingEdge/x86_64/libdl.so
Fallback handler could not load library /data1/chh/project/robosupport/software/sim/Rubble_Pile_Simulator/Builds/Linux/RubbleSim_Data/MonoBleedingEdge/x86_64/libdl.so
Fallback handler could not load library /data1/chh/project/robosupport/software/sim/Rubble_Pile_Simulator/Builds/Linux/RubbleSim_Data/MonoBleedingEdge/x86_64/libdl.so
Fallback handler could not load library /data1/chh/project/robosupport/software/sim/Rubble_Pile_Simulator/Builds/Linux/RubbleSim_Data/MonoBleedingEdge/x86_64/libdl.so
Fallback handler could not load library /data1/chh/project/robosupport/software/sim/Rubble_Pile_Simulator/Builds/Linux/RubbleSim_Data/MonoBleedingEdge/x86_64/libdl.so
Fallback handler could not load library /data1/chh/project/robosupport/software/sim/Rubble_Pile_Simulator/Builds/Linux/RubbleSim_Data/MonoBleedingEdge/x86_64/libdl.so
Fallback handler could not load library /data1/chh/project/robosupport/software/sim/Rubble_Pile_Simulator/Builds/Linux/RubbleSim_Data/MonoBleedingEdge/x86_64/libdl.so
Fallback handler could not load library /data1/chh/project/robosupport/software/sim/Rubble_Pile_Simulator/Builds/Linux/RubbleSim_Data/MonoBleedingEdge/x86_64/libdl.so
DllNotFoundException: libdl.so assembly:<unknown assembly> type:<unknown type> member:(null)
  at (wrapper managed-to-native) Assimp.Unmanaged.UnmanagedLibrary+UnmanagedLinuxLibraryImplementation.dlopen(string,int)
  at Assimp.Unmanaged.UnmanagedLibrary+UnmanagedLinuxLibraryImplementation.NativeLoadLibrary (System.String path) [0x00000] in <d40f2b0ad6814d4c8094142d8473733f>:0 
  at Assimp.Unmanaged.UnmanagedLibrary+UnmanagedLibraryImplementation.LoadLibrary (System.String path) [0x00008] in <d40f2b0ad6814d4c8094142d8473733f>:0 
  at Assimp.Unmanaged.UnmanagedLibrary.LoadLibrary (System.String libPath) [0x0002d] in <d40f2b0ad6814d4c8094142d8473733f>:0 
  at Assimp.Unmanaged.UnmanagedLibrary.LoadLibrary () [0x00012] in <d40f2b0ad6814d4c8094142d8473733f>:0 
  at Assimp.AssimpUnity.InitializePlugin () [0x00206] in <d120e757e920449ab679cad04ed3a62b>:0 

Error getting system window info: Invalid window
Unsupported windowing backend 0
Invalid ROS IP address: 0.35,0.8,0
Invalid ROS IP address: 0.35,0.8,0
[DemoDirector] silenced 2 ROS component(s)
[DemoDirector] capture camera ready (1280x720)
[DemoDirector] shot=seed505_orbit preset=orbit fps=30 1280x720 start=0s duration=30s frames=900 ride=main
Invalid ROS IP address: 0.35,0.8,0
[DemoDirector] framing center=(0.35, 0.80, 0.00) radius=2.80 pileSize=(0.00, 0.00, 0.00)
Connection to 0.35,0.8,0:10000 failed - System.Net.Sockets.SocketException (0x80004005): Could not resolve host '0.35,0.8,0'
  at System.Net.Dns.Error_11001 (System.String hostName) [0x00015] in <b6d85684387445d1bc2505c6de8fed9f>:0 
  at System.Net.Dns.GetHostByName (System.String hostName) [0x00021] in <b6d85684387445d1bc2505c6de8fed9f>:0 
  at System.Net.Dns.GetHostEntry (System.String hostNameOrAddress) [0x00052] in <b6d85684387445d1bc2505c6de8fed9f>:0 
  at System.Net.Dns.GetHostAddresses (System.String hostNameOrAddress) [0x00056] in <b6d85684387445d1bc2505c6de8fed9f>:0 
  at System.Net.Sockets.TcpClient.Connect (System.String hostname, System.Int32 port) [0x00053] in <b6d85684387445d1bc2505c6de8fed9f>:0 
  at Unity.Robotics.ROSTCPConnector.ROSConnection.ConnectionThread (System.String rosIPAddress, System.Int32 rosPort, System.Single networkTimeoutSeconds, System.Single keepaliveTime, System.Int32 sleepMilliseconds, System.Action`1[T] OnConnectionStartedCallback, System.Action DeregisterAll, Unity.Robotics.ROSTCPConnector.ROSConnection+OutgoingMessageQueue outgoingQueue, System.Collections.Concurrent.ConcurrentQueue`1[T] incomingQueue, System.Threading.CancellationToken token) [0x000b2] in <34d69507a0c34618b01cadecb365fdd8>:0 
Connection to 0.35,0.8,0:10000 failed - System.Net.Sockets.SocketException (0x80004005): Could not resolve host '0.35,0.8,0'
  at System.Net.Dns.Error_11001 (System.String hostName) [0x00015] in <b6d85684387445d1bc2505c6de8fed9f>:0 
  at System.Net.Dns.GetHostByName (System.String hostName) [0x00021] in <b6d85684387445d1bc2505c6de8fed9f>:0 
  at System.Net.Dns.GetHostEntry (System.String hostNameOrAddress) [0x00052] in <b6d85684387445d1bc2505c6de8fed9f>:0 
  at System.Net.Dns.GetHostAddresses (System.String hostNameOrAddress) [0x00056] in <b6d85684387445d1bc2505c6de8fed9f>:0 
  at System.Net.Sockets.TcpClient.Connect (System.String hostname, System.Int32 port) [0x00053] in <b6d85684387445d1bc2505c6de8fed9f>:0 
  at Unity.Robotics.ROSTCPConnector.ROSConnection.ConnectionThread (System.String rosIPAddress, System.Int32 rosPort, System.Single networkTimeoutSeconds, System.Single keepaliveTime, System.Int32 sleepMilliseconds, System.Action`1[T] OnConnectionStartedCallback, System.Action DeregisterAll, Unity.Robotics.ROSTCPConnector.ROSConnection+OutgoingMessageQueue outgoingQueue, System.Collections.Concurrent.ConcurrentQueue`1[T] incomingQueue, System.Threading.CancellationToken token) [0x000b2] in <34d69507a0c34618b01cadecb365fdd8>:0 
Connection to 0.35,0.8,0:10000 failed - System.Net.Sockets.SocketException (0x80004005): Could not resolve host '0.35,0.8,0'
  at System.Net.Dns.Error_11001 (System.String hostName) [0x00015] in <b6d85684387445d1bc2505c6de8fed9f>:0 
  at System.Net.Dns.GetHostByName (System.String hostName) [0x00021] in <b6d85684387445d1bc2505c6de8fed9f>:0 
  at System.Net.Dns.GetHostEntry (System.String hostNameOrAddress) [0x00052] in <b6d85684387445d1bc2505c6de8fed9f>:0 
  at System.Net.Dns.GetHostAddresses (System.String hostNameOrAddress) [0x00056] in <b6d85684387445d1bc2505c6de8fed9f>:0 
  at System.Net.Sockets.TcpClient.Connect (System.String hostname, System.Int32 port) [0x00053] in <b6d85684387445d1bc2505c6de8fed9f>:0 
  at Unity.Robotics.ROSTCPConnector.ROSConnection.ConnectionThread (System.String rosIPAddress, System.Int32 rosPort, System.Single networkTimeoutSeconds, System.Single keepaliveTime, System.Int32 sleepMilliseconds, System.Action`1[T] OnConnectionStartedCallback, System.Action DeregisterAll, Unity.Robotics.ROSTCPConnector.ROSConnection+OutgoingMessageQueue outgoingQueue, System.Collections.Concurrent.ConcurrentQueue`1[T] incomingQueue, System.Threading.CancellationToken token) [0x000b2] in <34d69507a0c34618b01cadecb365fdd8>:0 
NullReferenceException: Object reference not set to an instance of an object
  at TMPro.TMP_Settings.get_defaultFontAsset () [0x00005] in <d1b3b682a6454bbf9783aac66b3707cb>:0 
  at TMPro.TextMeshProUGUI.LoadFontAsset () [0x00016] in <d1b3b682a6454bbf9783aac66b3707cb>:0 
  at TMPro.TextMeshProUGUI.Awake () [0x000a6] in <d1b3b682a6454bbf9783aac66b3707cb>:0 
UnityEngine.GameObject:SetActive(GameObject, Boolean)
UIController:Reset()
GameManager:Reset()
<LateStart>d__5:MoveNext()
UnityEngine.SetupCoroutine:InvokeMoveNext(IEnumerator, IntPtr)

[DebrisSpawner] victim placed on edge 0 at (1.48, 0.11, 0.00) (yaw 273.1 deg, height 1.70 m)
Connection to 0.35,0.8,0:10000 failed - System.Net.Sockets.SocketException (0x80004005): Could not resolve host '0.35,0.8,0'
  at System.Net.Dns.Error_11001 (System.String hostName) [0x00015] in <b6d85684387445d1bc2505c6de8fed9f>:0 
  at System.Net.Dns.GetHostByName (System.String hostName) [0x00021] in <b6d85684387445d1bc2505c6de8fed9f>:0 
  at System.Net.Dns.GetHostEntry (System.String hostNameOrAddress) [0x00052] in <b6d85684387445d1bc2505c6de8fed9f>:0 
  at System.Net.Dns.GetHostAddresses (System.String hostNameOrAddress) [0x00056] in <b6d85684387445d1bc2505c6de8fed9f>:0 
  at System.Net.Sockets.TcpClient.Connect (System.String hostname, System.Int32 port) [0x00053] in <b6d85684387445d1bc2505c6de8fed9f>:0 
  at Unity.Robotics.ROSTCPConnector.ROSConnection.ConnectionThread (System.String rosIPAddress, System.Int32 rosPort, System.Single networkTimeoutSeconds, System.Single keepaliveTime, System.Int32 sleepMilliseconds, System.Action`1[T] OnConnectionStartedCallback, System.Action DeregisterAll, Unity.Robotics.ROSTCPConnector.ROSConnection+OutgoingMessageQueue outgoingQueue, System.Collections.Concurrent.ConcurrentQueue`1[T] incomingQueue, System.Threading.CancellationToken token) [0x000b2] in <34d69507a0c34618b01cadecb365fdd8>:0 
Connection to 0.35,0.8,0:10000 failed - System.Net.Sockets.SocketException (0x80004005): Could not resolve host '0.35,0.8,0'
  at System.Net.Dns.Error_11001 (System.String hostName) [0x00015] in <b6d85684387445d1bc2505c6de8fed9f>:0 
  at System.Net.Dns.GetHostByName (System.String hostName) [0x00021] in <b6d85684387445d1bc2505c6de8fed9f>:0 
  at System.Net.Dns.GetHostEntry (System.String hostNameOrAddress) [0x00052] in <b6d85684387445d1bc2505c6de8fed9f>:0 
  at System.Net.Dns.GetHostAddresses (System.String hostNameOrAddress) [0x00056] in <b6d85684387445d1bc2505c6de8fed9f>:0 
  at System.Net.Sockets.TcpClient.Connect (System.String hostname, System.Int32 port) [0x00053] in <b6d85684387445d1bc2505c6de8fed9f>:0 
  at Unity.Robotics.ROSTCPConnector.ROSConnection.ConnectionThread (System.String rosIPAddress, System.Int32 rosPort, System.Single networkTimeoutSeconds, System.Single keepaliveTime, System.Int32 sleepMilliseconds, System.Action`1[T] OnConnectionStartedCallback, System.Action DeregisterAll, Unity.Robotics.ROSTCPConnector.ROSConnection+OutgoingMessageQueue outgoingQueue, System.Collections.Concurrent.ConcurrentQueue`1[T] incomingQueue, System.Threading.CancellationToken token) [0x000b2] in <34d69507a0c34618b01cadecb365fdd8>:0 
Connection to 0.35,0.8,0:10000 failed - System.Net.Sockets.SocketException (0x80004005): Could not resolve host '0.35,0.8,0'
  at System.Net.Dns.Error_11001 (System.String hostName) [0x00015] in <b6d85684387445d1bc2505c6de8fed9f>:0 
  at System.Net.Dns.GetHostByName (System.String hostName) [0x00021] in <b6d85684387445d1bc2505c6de8fed9f>:0 
  at System.Net.Dns.GetHostEntry (System.String hostNameOrAddress) [0x00052] in <b6d85684387445d1bc2505c6de8fed9f>:0 
  at System.Net.Dns.GetHostAddresses (System.String hostNameOrAddress) [0x00056] in <b6d85684387445d1bc2505c6de8fed9f>:0 
  at System.Net.Sockets.TcpClient.Connect (System.String hostname, System.Int32 port) [0x00053] in <b6d85684387445d1bc2505c6de8fed9f>:0 
  at Unity.Robotics.ROSTCPConnector.ROSConnection.ConnectionThread (System.String rosIPAddress, System.Int32 rosPort, System.Single networkTimeoutSeconds, System.Single keepaliveTime, System.Int32 sleepMilliseconds, System.Action`1[T] OnConnectionStartedCallback, System.Action DeregisterAll, Unity.Robotics.ROSTCPConnector.ROSConnection+OutgoingMessageQueue outgoingQueue, System.Collections.Concurrent.ConcurrentQueue`1[T] incomingQueue, System.Threading.CancellationToken token) [0x000b2] in <34d69507a0c34618b01cadecb365fdd8>:0 
Connection to 0.35,0.8,0:10000 failed - System.Net.Sockets.SocketException (0x80004005): Could not resolve host '0.35,0.8,0'
  at System.Net.Dns.Error_11001 (System.String hostName) [0x00015] in <b6d85684387445d1bc2505c6de8fed9f>:0 
  at System.Net.Dns.GetHostByName (System.String hostName) [0x00021] in <b6d85684387445d1bc2505c6de8fed9f>:0 
  at System.Net.Dns.GetHostEntry (System.String hostNameOrAddress) [0x00052] in <b6d85684387445d1bc2505c6de8fed9f>:0 
  at System.Net.Dns.GetHostAddresses (System.String hostNameOrAddress) [0x00056] in <b6d85684387445d1bc2505c6de8fed9f>:0 
  at System.Net.Sockets.TcpClient.Connect (System.String hostname, System.Int32 port) [0x00053] in <b6d85684387445d1bc2505c6de8fed9f>:0 
  at Unity.Robotics.ROSTCPConnector.ROSConnection.ConnectionThread (System.String rosIPAddress, System.Int32 rosPort, System.Single networkTimeoutSeconds, System.Single keepaliveTime, System.Int32 sleepMilliseconds, System.Action`1[T] OnConnectionStartedCallback, System.Action DeregisterAll, Unity.Robotics.ROSTCPConnector.ROSConnection+OutgoingMessageQueue outgoingQueue, System.Collections.Concurrent.ConcurrentQueue`1[T] incomingQueue, System.Threading.CancellationToken token) [0x000b2] in <34d69507a0c34618b01cadecb365fdd8>:0 
[DemoDirector] progress frame=30 captured=30 virtualTime=0.97s wall=2.4s lastCapture=59.5ms avgCapture=65.8ms worst=253.1ms
Connection to 0.35,0.8,0:10000 failed - System.Net.Sockets.SocketException (0x80004005): Could not resolve host '0.35,0.8,0'
  at System.Net.Dns.Error_11001 (System.String hostName) [0x00015] in <b6d85684387445d1bc2505c6de8fed9f>:0 
  at System.Net.Dns.GetHostByName (System.String hostName) [0x00021] in <b6d85684387445d1bc2505c6de8fed9f>:0 
  at System.Net.Dns.GetHostEntry (System.String hostNameOrAddress) [0x00052] in <b6d85684387445d1bc2505c6de8fed9f>:0 
  at System.Net.Dns.GetHostAddresses (System.String hostNameOrAddress) [0x00056] in <b6d85684387445d1bc2505c6de8fed9f>:0 
  at System.Net.Sockets.TcpClient.Connect (System.String hostname, System.Int32 port) [0x00053] in <b6d85684387445d1bc2505c6de8fed9f>:0 
  at Unity.Robotics.ROSTCPConnector.ROSConnection.ConnectionThread (System.String rosIPAddress, System.Int32 rosPort, System.Single networkTimeoutSeconds, System.Single keepaliveTime, System.Int32 sleepMilliseconds, System.Action`1[T] OnConnectionStartedCallback, System.Action DeregisterAll, Unity.Robotics.ROSTCPConnector.ROSConnection+OutgoingMessageQueue outgoingQueue, System.Collections.Concurrent.ConcurrentQueue`1[T] incomingQueue, System.Threading.CancellationToken token) [0x000b2] in <34d69507a0c34618b01cadecb365fdd8>:0 
Connection to 0.35,0.8,0:10000 failed - System.Net.Sockets.SocketException (0x80004005): Could not resolve host '0.35,0.8,0'
  at System.Net.Dns.Error_11001 (System.String hostName) [0x00015] in <b6d85684387445d1bc2505c6de8fed9f>:0 
  at System.Net.Dns.GetHostByName (System.String hostName) [0x00021] in <b6d85684387445d1bc2505c6de8fed9f>:0 
  at System.Net.Dns.GetHostEntry (System.String hostNameOrAddress) [0x00052] in <b6d85684387445d1bc2505c6de8fed9f>:0 
  at System.Net.Dns.GetHostAddresses (System.String hostNameOrAddress) [0x00056] in <b6d85684387445d1bc2505c6de8fed9f>:0 
  at System.Net.Sockets.TcpClient.Connect (System.String hostname, System.Int32 port) [0x00053] in <b6d85684387445d1bc2505c6de8fed9f>:0 
  at Unity.Robotics.ROSTCPConnector.ROSConnection.ConnectionThread (System.String rosIPAddress, System.Int32 rosPort, System.Single networkTimeoutSeconds, System.Single keepaliveTime, System.Int32 sleepMilliseconds, System.Action`1[T] OnConnectionStartedCallback, System.Action DeregisterAll, Unity.Robotics.ROSTCPConnector.ROSConnection+OutgoingMessageQueue outgoingQueue, System.Collections.Concurrent.ConcurrentQueue`1[T] incomingQueue, System.Threading.CancellationToken token) [0x000b2] in <34d69507a0c34618b01cadecb365fdd8>:0 
Connection to 0.35,0.8,0:10000 failed - System.Net.Sockets.SocketException (0x80004005): Could not resolve host '0.35,0.8,0'
  at System.Net.Dns.Error_11001 (System.String hostName) [0x00015] in <b6d85684387445d1bc2505c6de8fed9f>:0 
  at System.Net.Dns.GetHostByName (System.String hostName) [0x00021] in <b6d85684387445d1bc2505c6de8fed9f>:0 
  at System.Net.Dns.GetHostEntry (System.String hostNameOrAddress) [0x00052] in <b6d85684387445d1bc2505c6de8fed9f>:0 
  at System.Net.Dns.GetHostAddresses (System.String hostNameOrAddress) [0x00056] in <b6d85684387445d1bc2505c6de8fed9f>:0 
  at System.Net.Sockets.TcpClient.Connect (System.String hostname, System.Int32 port) [0x00053] in <b6d85684387445d1bc2505c6de8fed9f>:0 
  at Unity.Robotics.ROSTCPConnector.ROSConnection.ConnectionThread (System.String rosIPAddress, System.Int32 rosPort, System.Single networkTimeoutSeconds, System.Single keepaliveTime, System.Int32 sleepMilliseconds, System.Action`1[T] OnConnectionStartedCallback, System.Action DeregisterAll, Unity.Robotics.ROSTCPConnector.ROSConnection+OutgoingMessageQueue outgoingQueue, System.Collections.Concurrent.ConcurrentQueue`1[T] incomingQueue, System.Threading.CancellationToken token) [0x000b2] in <34d69507a0c34618b01cadecb365fdd8>:0 
Connection to 0.35,0.8,0:10000 failed - System.Net.Sockets.SocketException (0x80004005): Could not resolve host '0.35,0.8,0'
  at System.Net.Dns.Error_11001 (System.String hostName) [0x00015] in <b6d85684387445d1bc2505c6de8fed9f>:0 
  at System.Net.Dns.GetHostByName (System.String hostName) [0x00021] in <b6d85684387445d1bc2505c6de8fed9f>:0 
  at System.Net.Dns.GetHostEntry (System.String hostNameOrAddress) [0x00052] in <b6d85684387445d1bc2505c6de8fed9f>:0 
  at System.Net.Dns.GetHostAddresses (System.String hostNameOrAddress) [0x00056] in <b6d85684387445d1bc2505c6de8fed9f>:0 
  at System.Net.Sockets.TcpClient.Connect (System.String hostname, System.Int32 port) [0x00053] in <b6d85684387445d1bc2505c6de8fed9f>:0 
  at Unity.Robotics.ROSTCPConnector.ROSConnection.ConnectionThread (System.String rosIPAddress, System.Int32 rosPort, System.Single networkTimeoutSeconds, System.Single keepaliveTime, System.Int32 sleepMilliseconds, System.Action`1[T] OnConnectionStartedCallback, System.Action DeregisterAll, Unity.Robotics.ROSTCPConnector.ROSConnection+OutgoingMessageQueue outgoingQueue, System.Collections.Concurrent.ConcurrentQueue`1[T] incomingQueue, System.Threading.CancellationToken token) [0x000b2] in <34d69507a0c34618b01cadecb365fdd8>:0 
Connection to 0.35,0.8,0:10000 failed - System.Net.Sockets.SocketException (0x80004005): Could not resolve host '0.35,0.8,0'
  at System.Net.Dns.Error_11001 (System.String hostName) [0x00015] in <b6d85684387445d1bc2505c6de8fed9f>:0 
  at System.Net.Dns.GetHostByName (System.String hostName) [0x00021] in <b6d85684387445d1bc2505c6de8fed9f>:0 
  at System.Net.Dns.GetHostEntry (System.String hostNameOrAddress) [0x00052] in <b6d85684387445d1bc2505c6de8fed9f>:0 
  at System.Net.Dns.GetHostAddresses (System.String hostNameOrAddress) [0x00056] in <b6d85684387445d1bc2505c6de8fed9f>:0 
  at System.Net.Sockets.TcpClient.Connect (System.String hostname, System.Int32 port) [0x00053] in <b6d85684387445d1bc2505c6de8fed9f>:0 
  at Unity.Robotics.ROSTCPConnector.ROSConnection.ConnectionThread (System.String rosIPAddress, System.Int32 rosPort, System.Single networkTimeoutSeconds, System.Single keepaliveTime, System.Int32 sleepMilliseconds, System.Action`1[T] OnConnectionStartedCallback, System.Action DeregisterAll, Unity.Robotics.ROSTCPConnector.ROSConnection+OutgoingMessageQueue outgoingQueue, System.Collections.Concurrent.ConcurrentQueue`1[T] incomingQueue, System.Threading.CancellationToken token) [0x000b2] in <34d69507a0c34618b01cadecb365fdd8>:0 
[DemoDirector] progress frame=60 captured=60 virtualTime=1.97s wall=4.3s lastCapture=57.3ms avgCapture=62.6ms worst=253.1ms
Connection to 0.35,0.8,0:10000 failed - System.Net.Sockets.SocketException (0x80004005): Could not resolve host '0.35,0.8,0'
  at System.Net.Dns.Error_11001 (System.String hostName) [0x00015] in <b6d85684387445d1bc2505c6de8fed9f>:0 
  at System.Net.Dns.GetHostByName (System.String hostName) [0x00021] in <b6d85684387445d1bc2505c6de8fed9f>:0 
  at System.Net.Dns.GetHostEntry (System.String hostNameOrAddress) [0x00052] in <b6d85684387445d1bc2505c6de8fed9f>:0 
  at System.Net.Dns.GetHostAddresses (System.String hostNameOrAddress) [0x00056] in <b6d85684387445d1bc2505c6de8fed9f>:0 
  at System.Net.Sockets.TcpClient.Connect (System.String hostname, System.Int32 port) [0x00053] in <b6d85684387445d1bc2505c6de8fed9f>:0 
  at Unity.Robotics.ROSTCPConnector.ROSConnection.ConnectionThread (System.String rosIPAddress, System.Int32 rosPort, System.Single networkTimeoutSeconds, System.Single keepaliveTime, System.Int32 sleepMilliseconds, System.Action`1[T] OnConnectionStartedCallback, System.Action DeregisterAll, Unity.Robotics.ROSTCPConnector.ROSConnection+OutgoingMessageQueue outgoingQueue, System.Collections.Concurrent.ConcurrentQueue`1[T] incomingQueue, System.Threading.CancellationToken token) [0x000b2] in <34d69507a0c34618b01cadecb365fdd8>:0 
Connection to 0.35,0.8,0:10000 failed - System.Net.Sockets.SocketException (0x80004005): Could not resolve host '0.35,0.8,0'
  at System.Net.Dns.Error_11001 (System.String hostName) [0x00015] in <b6d85684387445d1bc2505c6de8fed9f>:0 
  at System.Net.Dns.GetHostByName (System.String hostName) [0x00021] in <b6d85684387445d1bc2505c6de8fed9f>:0 
  at System.Net.Dns.GetHostEntry (System.String hostNameOrAddress) [0x00052] in <b6d85684387445d1bc2505c6de8fed9f>:0 
  at System.Net.Dns.GetHostAddresses (System.String hostNameOrAddress) [0x00056] in <b6d85684387445d1bc2505c6de8fed9f>:0 
  at System.Net.Sockets.TcpClient.Connect (System.String hostname, System.Int32 port) [0x00053] in <b6d85684387445d1bc2505c6de8fed9f>:0 
  at Unity.Robotics.ROSTCPConnector.ROSConnection.ConnectionThread (System.String rosIPAddress, System.Int32 rosPort, System.Single networkTimeoutSeconds, System.Single keepaliveTime, System.Int32 sleepMilliseconds, System.Action`1[T] OnConnectionStartedCallback, System.Action DeregisterAll, Unity.Robotics.ROSTCPConnector.ROSConnection+OutgoingMessageQueue outgoingQueue, System.Collections.Concurrent.ConcurrentQueue`1[T] incomingQueue, System.Threading.CancellationToken token) [0x000b2] in <34d69507a0c34618b01cadecb365fdd8>:0 
Connection to 0.35,0.8,0:10000 failed - System.Net.Sockets.SocketException (0x80004005): Could not resolve host '0.35,0.8,0'
  at System.Net.Dns.Error_11001 (System.String hostName) [0x00015] in <b6d85684387445d1bc2505c6de8fed9f>:0 
  at System.Net.Dns.GetHostByName (System.String hostName) [0x00021] in <b6d85684387445d1bc2505c6de8fed9f>:0 
  at System.Net.Dns.GetHostEntry (System.String hostNameOrAddress) [0x00052] in <b6d85684387445d1bc2505c6de8fed9f>:0 
  at System.Net.Dns.GetHostAddresses (System.String hostNameOrAddress) [0x00056] in <b6d85684387445d1bc2505c6de8fed9f>:0 
  at System.Net.Sockets.TcpClient.Connect (System.String hostname, System.Int32 port) [0x00053] in <b6d85684387445d1bc2505c6de8fed9f>:0 
  at Unity.Robotics.ROSTCPConnector.ROSConnection.ConnectionThread (System.String rosIPAddress, System.Int32 rosPort, System.Single networkTimeoutSeconds, System.Single keepaliveTime, System.Int32 sleepMilliseconds, System.Action`1[T] OnConnectionStartedCallback, System.Action DeregisterAll, Unity.Robotics.ROSTCPConnector.ROSConnection+OutgoingMessageQueue outgoingQueue, System.Collections.Concurrent.ConcurrentQueue`1[T] incomingQueue, System.Threading.CancellationToken token) [0x000b2] in <34d69507a0c34618b01cadecb365fdd8>:0 
Connection to 0.35,0.8,0:10000 failed - System.Net.Sockets.SocketException (0x80004005): Could not resolve host '0.35,0.8,0'
  at System.Net.Dns.Error_11001 (System.String hostName) [0x00015] in <b6d85684387445d1bc2505c6de8fed9f>:0 
  at System.Net.Dns.GetHostByName (System.String hostName) [0x00021] in <b6d85684387445d1bc2505c6de8fed9f>:0 
  at System.Net.Dns.GetHostEntry (System.String hostNameOrAddress) [0x00052] in <b6d85684387445d1bc2505c6de8fed9f>:0 
  at System.Net.Dns.GetHostAddresses (System.String hostNameOrAddress) [0x00056] in <b6d85684387445d1bc2505c6de8fed9f>:0 
  at System.Net.Sockets.TcpClient.Connect (System.String hostname, System.Int32 port) [0x00053] in <b6d85684387445d1bc2505c6de8fed9f>:0 
  at Unity.Robotics.ROSTCPConnector.ROSConnection.ConnectionThread (System.String rosIPAddress, System.Int32 rosPort, System.Single networkTimeoutSeconds, System.Single keepaliveTime, System.Int32 sleepMilliseconds, System.Action`1[T] OnConnectionStartedCallback, System.Action DeregisterAll, Unity.Robotics.ROSTCPConnector.ROSConnection+OutgoingMessageQueue outgoingQueue, System.Collections.Concurrent.ConcurrentQueue`1[T] incomingQueue, System.Threading.CancellationToken token) [0x000b2] in <34d69507a0c34618b01cadecb365fdd8>:0 
Connection to 0.35,0.8,0:10000 failed - System.Net.Sockets.SocketException (0x80004005): Could not resolve host '0.35,0.8,0'
  at System.Net.Dns.Error_11001 (System.String hostName) [0x00015] in <b6d85684387445d1bc2505c6de8fed9f>:0 
  at System.Net.Dns.GetHostByName (System.String hostName) [0x00021] in <b6d85684387445d1bc2505c6de8fed9f>:0 
  at System.Net.Dns.GetHostEntry (System.String hostNameOrAddress) [0x00052] in <b6d85684387445d1bc2505c6de8fed9f>:0 
  at System.Net.Dns.GetHostAddresses (System.String hostNameOrAddress) [0x00056] in <b6d85684387445d1bc2505c6de8fed9f>:0 
  at System.Net.Sockets.TcpClient.Connect (System.String hostname, System.Int32 port) [0x00053] in <b6d85684387445d1bc2505c6de8fed9f>:0 
  at Unity.Robotics.ROSTCPConnector.ROSConnection.ConnectionThread (System.String rosIPAddress, System.Int32 rosPort, System.Single networkTimeoutSeconds, System.Single keepaliveTime, System.Int32 sleepMilliseconds, System.Action`1[T] OnConnectionStartedCallback, System.Action DeregisterAll, Unity.Robotics.ROSTCPConnector.ROSConnection+OutgoingMessageQueue outgoingQueue, System.Collections.Concurrent.ConcurrentQueue`1[T] incomingQueue, System.Threading.CancellationToken token) [0x000b2] in <34d69507a0c34618b01cadecb365fdd8>:0 
Connection to 0.35,0.8,0:10000 failed - System.Net.Sockets.SocketException (0x80004005): Could not resolve host '0.35,0.8,0'
  at System.Net.Dns.Error_11001 (System.String hostName) [0x00015] in <b6d85684387445d1bc2505c6de8fed9f>:0 
  at System.Net.Dns.GetHostByName (System.String hostName) [0x00021] in <b6d85684387445d1bc2505c6de8fed9f>:0 
  at System.Net.Dns.GetHostEntry (System.String hostNameOrAddress) [0x00052] in <b6d85684387445d1bc2505c6de8fed9f>:0 
  at System.Net.Dns.GetHostAddresses (System.String hostNameOrAddress) [0x00056] in <b6d85684387445d1bc2505c6de8fed9f>:0 
  at System.Net.Sockets.TcpClient.Connect (System.String hostname, System.Int32 port) [0x00053] in <b6d85684387445d1bc2505c6de8fed9f>:0 
  at Unity.Robotics.ROSTCPConnector.ROSConnection.ConnectionThread (System.String rosIPAddress, System.Int32 rosPort, System.Single networkTimeoutSeconds, System.Single keepaliveTime, System.Int32 sleepMilliseconds, System.Action`1[T] OnConnectionStartedCallback, System.Action DeregisterAll, Unity.Robotics.ROSTCPConnector.ROSConnection+OutgoingMessageQueue outgoingQueue, System.Collections.Concurrent.ConcurrentQueue`1[T] incomingQueue, System.Threading.CancellationToken token) [0x000b2] in <34d69507a0c34618b01cadecb365fdd8>:0 
[DemoDirector] progress frame=90 captured=90 virtualTime=2.97s wall=6.1s lastCapture=58.8ms avgCapture=61.5ms worst=253.1ms
Connection to 0.35,0.8,0:10000 failed - System.Net.Sockets.SocketException (0x80004005): Could not resolve host '0.35,0.8,0'
  at System.Net.Dns.Error_11001 (System.String hostName) [0x00015] in <b6d85684387445d1bc2505c6de8fed9f>:0 
  at System.Net.Dns.GetHostByName (System.String hostName) [0x00021] in <b6d85684387445d1bc2505c6de8fed9f>:0 
  at System.Net.Dns.GetHostEntry (System.String hostNameOrAddress) [0x00052] in <b6d85684387445d1bc2505c6de8fed9f>:0 
  at System.Net.Dns.GetHostAddresses (System.String hostNameOrAddress) [0x00056] in <b6d85684387445d1bc2505c6de8fed9f>:0 
  at System.Net.Sockets.TcpClient.Connect (System.String hostname, System.Int32 port) [0x00053] in <b6d85684387445d1bc2505c6de8fed9f>:0 
  at Unity.Robotics.ROSTCPConnector.ROSConnection.ConnectionThread (System.String rosIPAddress, System.Int32 rosPort, System.Single networkTimeoutSeconds, System.Single keepaliveTime, System.Int32 sleepMilliseconds, System.Action`1[T] OnConnectionStartedCallback, System.Action DeregisterAll, Unity.Robotics.ROSTCPConnector.ROSConnection+OutgoingMessageQueue outgoingQueue, System.Collections.Concurrent.ConcurrentQueue`1[T] incomingQueue, System.Threading.CancellationToken token) [0x000b2] in <34d69507a0c34618b01cadecb365fdd8>:0 
Connection to 0.35,0.8,0:10000 failed - System.Net.Sockets.SocketException (0x80004005): Could not resolve host '0.35,0.8,0'
  at System.Net.Dns.Error_11001 (System.String hostName) [0x00015] in <b6d85684387445d1bc2505c6de8fed9f>:0 
  at System.Net.Dns.GetHostByName (System.String hostName) [0x00021] in <b6d85684387445d1bc2505c6de8fed9f>:0 
  at System.Net.Dns.GetHostEntry (System.String hostNameOrAddress) [0x00052] in <b6d85684387445d1bc2505c6de8fed9f>:0 
  at System.Net.Dns.GetHostAddresses (System.String hostNameOrAddress) [0x00056] in <b6d85684387445d1bc2505c6de8fed9f>:0 
  at System.Net.Sockets.TcpClient.Connect (System.String hostname, System.Int32 port) [0x00053] in <b6d85684387445d1bc2505c6de8fed9f>:0 
  at Unity.Robotics.ROSTCPConnector.ROSConnection.ConnectionThread (System.String rosIPAddress, System.Int32 rosPort, System.Single networkTimeoutSeconds, System.Single keepaliveTime, System.Int32 sleepMilliseconds, System.Action`1[T] OnConnectionStartedCallback, System.Action DeregisterAll, Unity.Robotics.ROSTCPConnector.ROSConnection+OutgoingMessageQueue outgoingQueue, System.Collections.Concurrent.ConcurrentQueue`1[T] incomingQueue, System.Threading.CancellationToken token) [0x000b2] in <34d69507a0c34618b01cadecb365fdd8>:0 
Connection to 0.35,0.8,0:10000 failed - System.Net.Sockets.SocketException (0x80004005): Could not resolve host '0.35,0.8,0'
  at System.Net.Dns.Error_11001 (System.String hostName) [0x00015] in <b6d85684387445d1bc2505c6de8fed9f>:0 
  at System.Net.Dns.GetHostByName (System.String hostName) [0x00021] in <b6d85684387445d1bc2505c6de8fed9f>:0 
  at System.Net.Dns.GetHostEntry (System.String hostNameOrAddress) [0x00052] in <b6d85684387445d1bc2505c6de8fed9f>:0 
  at System.Net.Dns.GetHostAddresses (System.String hostNameOrAddress) [0x00056] in <b6d85684387445d1bc2505c6de8fed9f>:0 
  at System.Net.Sockets.TcpClient.Connect (System.String hostname, System.Int32 port) [0x00053] in <b6d85684387445d1bc2505c6de8fed9f>:0 
  at Unity.Robotics.ROSTCPConnector.ROSConnection.ConnectionThread (System.String rosIPAddress, System.Int32 rosPort, System.Single networkTimeoutSeconds, System.Single keepaliveTime, System.Int32 sleepMilliseconds, System.Action`1[T] OnConnectionStartedCallback, System.Action DeregisterAll, Unity.Robotics.ROSTCPConnector.ROSConnection+OutgoingMessageQueue outgoingQueue, System.Collections.Concurrent.ConcurrentQueue`1[T] incomingQueue, System.Threading.CancellationToken token) [0x000b2] in <34d69507a0c34618b01cadecb365fdd8>:0 
Connection to 0.35,0.8,0:10000 failed - System.Net.Sockets.SocketException (0x80004005): Could not resolve host '0.35,0.8,0'
  at System.Net.Dns.Error_11001 (System.String hostName) [0x00015] in <b6d85684387445d1bc2505c6de8fed9f>:0 
  at System.Net.Dns.GetHostByName (System.String hostName) [0x00021] in <b6d85684387445d1bc2505c6de8fed9f>:0 
  at System.Net.Dns.GetHostEntry (System.String hostNameOrAddress) [0x00052] in <b6d85684387445d1bc2505c6de8fed9f>:0 
  at System.Net.Dns.GetHostAddresses (System.String hostNameOrAddress) [0x00056] in <b6d85684387445d1bc2505c6de8fed9f>:0 
  at System.Net.Sockets.TcpClient.Connect (System.String hostname, System.Int32 port) [0x00053] in <b6d85684387445d1bc2505c6de8fed9f>:0 
  at Unity.Robotics.ROSTCPConnector.ROSConnection.ConnectionThread (System.String rosIPAddress, System.Int32 rosPort, System.Single networkTimeoutSeconds, System.Single keepaliveTime, System.Int32 sleepMilliseconds, System.Action`1[T] OnConnectionStartedCallback, System.Action DeregisterAll, Unity.Robotics.ROSTCPConnector.ROSConnection+OutgoingMessageQueue outgoingQueue, System.Collections.Concurrent.ConcurrentQueue`1[T] incomingQueue, System.Threading.CancellationToken token) [0x000b2] in <34d69507a0c34618b01cadecb365fdd8>:0 
Connection to 0.35,0.8,0:10000 failed - System.Net.Sockets.SocketException (0x80004005): Could not resolve host '0.35,0.8,0'
  at System.Net.Dns.Error_11001 (System.String hostName) [0x00015] in <b6d85684387445d1bc2505c6de8fed9f>:0 
  at System.Net.Dns.GetHostByName (System.String hostName) [0x00021] in <b6d85684387445d1bc2505c6de8fed9f>:0 
  at System.Net.Dns.GetHostEntry (System.String hostNameOrAddress) [0x00052] in <b6d85684387445d1bc2505c6de8fed9f>:0 
  at System.Net.Dns.GetHostAddresses (System.String hostNameOrAddress) [0x00056] in <b6d85684387445d1bc2505c6de8fed9f>:0 
  at System.Net.Sockets.TcpClient.Connect (System.String hostname, System.Int32 port) [0x00053] in <b6d85684387445d1bc2505c6de8fed9f>:0 
  at Unity.Robotics.ROSTCPConnector.ROSConnection.ConnectionThread (System.String rosIPAddress, System.Int32 rosPort, System.Single networkTimeoutSeconds, System.Single keepaliveTime, System.Int32 sleepMilliseconds, System.Action`1[T] OnConnectionStartedCallback, System.Action DeregisterAll, Unity.Robotics.ROSTCPConnector.ROSConnection+OutgoingMessageQueue outgoingQueue, System.Collections.Concurrent.ConcurrentQueue`1[T] incomingQueue, System.Threading.CancellationToken token) [0x000b2] in <34d69507a0c34618b01cadecb365fdd8>:0 
Connection to 0.35,0.8,0:10000 failed - System.Net.Sockets.SocketException (0x80004005): Could not resolve host '0.35,0.8,0'
  at System.Net.Dns.Error_11001 (System.String hostName) [0x00015] in <b6d85684387445d1bc2505c6de8fed9f>:0 
  at System.Net.Dns.GetHostByName (System.String hostName) [0x00021] in <b6d85684387445d1bc2505c6de8fed9f>:0 
  at System.Net.Dns.GetHostEntry (System.String hostNameOrAddress) [0x00052] in <b6d85684387445d1bc2505c6de8fed9f>:0 
  at System.Net.Dns.GetHostAddresses (System.String hostNameOrAddress) [0x00056] in <b6d85684387445d1bc2505c6de8fed9f>:0 
  at System.Net.Sockets.TcpClient.Connect (System.String hostname, System.Int32 port) [0x00053] in <b6d85684387445d1bc2505c6de8fed9f>:0 
  at Unity.Robotics.ROSTCPConnector.ROSConnection.ConnectionThread (System.String rosIPAddress, System.Int32 rosPort, System.Single networkTimeoutSeconds, System.Single keepaliveTime, System.Int32 sleepMilliseconds, System.Action`1[T] OnConnectionStartedCallback, System.Action DeregisterAll, Unity.Robotics.ROSTCPConnector.ROSConnection+OutgoingMessageQueue outgoingQueue, System.Collections.Concurrent.ConcurrentQueue`1[T] incomingQueue, System.Threading.CancellationToken token) [0x000b2] in <34d69507a0c34618b01cadecb365fdd8>:0 
[DemoDirector] progress frame=120 captured=120 virtualTime=3.97s wall=7.9s lastCapture=55.9ms avgCapture=60.6ms worst=253.1ms
Connection to 0.35,0.8,0:10000 failed - System.Net.Sockets.SocketException (0x80004005): Could not resolve host '0.35,0.8,0'
  at System.Net.Dns.Error_11001 (System.String hostName) [0x00015] in <b6d85684387445d1bc2505c6de8fed9f>:0 
  at System.Net.Dns.GetHostByName (System.String hostName) [0x00021] in <b6d85684387445d1bc2505c6de8fed9f>:0 
  at System.Net.Dns.GetHostEntry (System.String hostNameOrAddress) [0x00052] in <b6d85684387445d1bc2505c6de8fed9f>:0 
  at System.Net.Dns.GetHostAddresses (System.String hostNameOrAddress) [0x00056] in <b6d85684387445d1bc2505c6de8fed9f>:0 
  at System.Net.Sockets.TcpClient.Connect (System.String hostname, System.Int32 port) [0x00053] in <b6d85684387445d1bc2505c6de8fed9f>:0 
  at Unity.Robotics.ROSTCPConnector.ROSConnection.ConnectionThread (System.String rosIPAddress, System.Int32 rosPort, System.Single networkTimeoutSeconds, System.Single keepaliveTime, System.Int32 sleepMilliseconds, System.Action`1[T] OnConnectionStartedCallback, System.Action DeregisterAll, Unity.Robotics.ROSTCPConnector.ROSConnection+OutgoingMessageQueue outgoingQueue, System.Collections.Concurrent.ConcurrentQueue`1[T] incomingQueue, System.Threading.CancellationToken token) [0x000b2] in <34d69507a0c34618b01cadecb365fdd8>:0 
Connection to 0.35,0.8,0:10000 failed - System.Net.Sockets.SocketException (0x80004005): Could not resolve host '0.35,0.8,0'
  at System.Net.Dns.Error_11001 (System.String hostName) [0x00015] in <b6d85684387445d1bc2505c6de8fed9f>:0 
  at System.Net.Dns.GetHostByName (System.String hostName) [0x00021] in <b6d85684387445d1bc2505c6de8fed9f>:0 
  at System.Net.Dns.GetHostEntry (System.String hostNameOrAddress) [0x00052] in <b6d85684387445d1bc2505c6de8fed9f>:0 
  at System.Net.Dns.GetHostAddresses (System.String hostNameOrAddress) [0x00056] in <b6d85684387445d1bc2505c6de8fed9f>:0 
  at System.Net.Sockets.TcpClient.Connect (System.String hostname, System.Int32 port) [0x00053] in <b6d85684387445d1bc2505c6de8fed9f>:0 
  at Unity.Robotics.ROSTCPConnector.ROSConnection.ConnectionThread (System.String rosIPAddress, System.Int32 rosPort, System.Single networkTimeoutSeconds, System.Single keepaliveTime, System.Int32 sleepMilliseconds, System.Action`1[T] OnConnectionStartedCallback, System.Action DeregisterAll, Unity.Robotics.ROSTCPConnector.ROSConnection+OutgoingMessageQueue outgoingQueue, System.Collections.Concurrent.ConcurrentQueue`1[T] incomingQueue, System.Threading.CancellationToken token) [0x000b2] in <34d69507a0c34618b01cadecb365fdd8>:0 
Connection to 0.35,0.8,0:10000 failed - System.Net.Sockets.SocketException (0x80004005): Could not resolve host '0.35,0.8,0'
  at System.Net.Dns.Error_11001 (System.String hostName) [0x00015] in <b6d85684387445d1bc2505c6de8fed9f>:0 
  at System.Net.Dns.GetHostByName (System.String hostName) [0x00021] in <b6d85684387445d1bc2505c6de8fed9f>:0 
  at System.Net.Dns.GetHostEntry (System.String hostNameOrAddress) [0x00052] in <b6d85684387445d1bc2505c6de8fed9f>:0 
  at System.Net.Dns.GetHostAddresses (System.String hostNameOrAddress) [0x00056] in <b6d85684387445d1bc2505c6de8fed9f>:0 
  at System.Net.Sockets.TcpClient.Connect (System.String hostname, System.Int32 port) [0x00053] in <b6d85684387445d1bc2505c6de8fed9f>:0 
  at Unity.Robotics.ROSTCPConnector.ROSConnection.ConnectionThread (System.String rosIPAddress, System.Int32 rosPort, System.Single networkTimeoutSeconds, System.Single keepaliveTime, System.Int32 sleepMilliseconds, System.Action`1[T] OnConnectionStartedCallback, System.Action DeregisterAll, Unity.Robotics.ROSTCPConnector.ROSConnection+OutgoingMessageQueue outgoingQueue, System.Collections.Concurrent.ConcurrentQueue`1[T] incomingQueue, System.Threading.CancellationToken token) [0x000b2] in <34d69507a0c34618b01cadecb365fdd8>:0 
Connection to 0.35,0.8,0:10000 failed - System.Net.Sockets.SocketException (0x80004005): Could not resolve host '0.35,0.8,0'
  at System.Net.Dns.Error_11001 (System.String hostName) [0x00015] in <b6d85684387445d1bc2505c6de8fed9f>:0 
  at System.Net.Dns.GetHostByName (System.String hostName) [0x00021] in <b6d85684387445d1bc2505c6de8fed9f>:0 
  at System.Net.Dns.GetHostEntry (System.String hostNameOrAddress) [0x00052] in <b6d85684387445d1bc2505c6de8fed9f>:0 
  at System.Net.Dns.GetHostAddresses (System.String hostNameOrAddress) [0x00056] in <b6d85684387445d1bc2505c6de8fed9f>:0 
  at System.Net.Sockets.TcpClient.Connect (System.String hostname, System.Int32 port) [0x00053] in <b6d85684387445d1bc2505c6de8fed9f>:0 
  at Unity.Robotics.ROSTCPConnector.ROSConnection.ConnectionThread (System.String rosIPAddress, System.Int32 rosPort, System.Single networkTimeoutSeconds, System.Single keepaliveTime, System.Int32 sleepMilliseconds, System.Action`1[T] OnConnectionStartedCallback, System.Action DeregisterAll, Unity.Robotics.ROSTCPConnector.ROSConnection+OutgoingMessageQueue outgoingQueue, System.Collections.Concurrent.ConcurrentQueue`1[T] incomingQueue, System.Threading.CancellationToken token) [0x000b2] in <34d69507a0c34618b01cadecb365fdd8>:0 
Connection to 0.35,0.8,0:10000 failed - System.Net.Sockets.SocketException (0x80004005): Could not resolve host '0.35,0.8,0'
  at System.Net.Dns.Error_11001 (System.String hostName) [0x00015] in <b6d85684387445d1bc2505c6de8fed9f>:0 
  at System.Net.Dns.GetHostByName (System.String hostName) [0x00021] in <b6d85684387445d1bc2505c6de8fed9f>:0 
  at System.Net.Dns.GetHostEntry (System.String hostNameOrAddress) [0x00052] in <b6d85684387445d1bc2505c6de8fed9f>:0 
  at System.Net.Dns.GetHostAddresses (System.String hostNameOrAddress) [0x00056] in <b6d85684387445d1bc2505c6de8fed9f>:0 
  at System.Net.Sockets.TcpClient.Connect (System.String hostname, System.Int32 port) [0x00053] in <b6d85684387445d1bc2505c6de8fed9f>:0 
  at Unity.Robotics.ROSTCPConnector.ROSConnection.ConnectionThread (System.String rosIPAddress, System.Int32 rosPort, System.Single networkTimeoutSeconds, System.Single keepaliveTime, System.Int32 sleepMilliseconds, System.Action`1[T] OnConnectionStartedCallback, System.Action DeregisterAll, Unity.Robotics.ROSTCPConnector.ROSConnection+OutgoingMessageQueue outgoingQueue, System.Collections.Concurrent.ConcurrentQueue`1[T] incomingQueue, System.Threading.CancellationToken token) [0x000b2] in <34d69507a0c34618b01cadecb365fdd8>:0 
Connection to 0.35,0.8,0:10000 failed - System.Net.Sockets.SocketException (0x80004005): Could not resolve host '0.35,0.8,0'
  at System.Net.Dns.Error_11001 (System.String hostName) [0x00015] in <b6d85684387445d1bc2505c6de8fed9f>:0 
  at System.Net.Dns.GetHostByName (System.String hostName) [0x00021] in <b6d85684387445d1bc2505c6de8fed9f>:0 
  at System.Net.Dns.GetHostEntry (System.String hostNameOrAddress) [0x00052] in <b6d85684387445d1bc2505c6de8fed9f>:0 
  at System.Net.Dns.GetHostAddresses (System.String hostNameOrAddress) [0x00056] in <b6d85684387445d1bc2505c6de8fed9f>:0 
  at System.Net.Sockets.TcpClient.Connect (System.String hostname, System.Int32 port) [0x00053] in <b6d85684387445d1bc2505c6de8fed9f>:0 
  at Unity.Robotics.ROSTCPConnector.ROSConnection.ConnectionThread (System.String rosIPAddress, System.Int32 rosPort, System.Single networkTimeoutSeconds, System.Single keepaliveTime, System.Int32 sleepMilliseconds, System.Action`1[T] OnConnectionStartedCallback, System.Action DeregisterAll, Unity.Robotics.ROSTCPConnector.ROSConnection+OutgoingMessageQueue outgoingQueue, System.Collections.Concurrent.ConcurrentQueue`1[T] incomingQueue, System.Threading.CancellationToken token) [0x000b2] in <34d69507a0c34618b01cadecb365fdd8>:0 
[DemoDirector] progress frame=150 captured=150 virtualTime=4.97s wall=9.6s lastCapture=58.1ms avgCapture=60.0ms worst=253.1ms
Connection to 0.35,0.8,0:10000 failed - System.Net.Sockets.SocketException (0x80004005): Could not resolve host '0.35,0.8,0'
  at System.Net.Dns.Error_11001 (System.String hostName) [0x00015] in <b6d85684387445d1bc2505c6de8fed9f>:0 
  at System.Net.Dns.GetHostByName (System.String hostName) [0x00021] in <b6d85684387445d1bc2505c6de8fed9f>:0 
  at System.Net.Dns.GetHostEntry (System.String hostNameOrAddress) [0x00052] in <b6d85684387445d1bc2505c6de8fed9f>:0 
  at System.Net.Dns.GetHostAddresses (System.String hostNameOrAddress) [0x00056] in <b6d85684387445d1bc2505c6de8fed9f>:0 
  at System.Net.Sockets.TcpClient.Connect (System.String hostname, System.Int32 port) [0x00053] in <b6d85684387445d1bc2505c6de8fed9f>:0 
  at Unity.Robotics.ROSTCPConnector.ROSConnection.ConnectionThread (System.String rosIPAddress, System.Int32 rosPort, System.Single networkTimeoutSeconds, System.Single keepaliveTime, System.Int32 sleepMilliseconds, System.Action`1[T] OnConnectionStartedCallback, System.Action DeregisterAll, Unity.Robotics.ROSTCPConnector.ROSConnection+OutgoingMessageQueue outgoingQueue, System.Collections.Concurrent.ConcurrentQueue`1[T] incomingQueue, System.Threading.CancellationToken token) [0x000b2] in <34d69507a0c34618b01cadecb365fdd8>:0 
Connection to 0.35,0.8,0:10000 failed - System.Net.Sockets.SocketException (0x80004005): Could not resolve host '0.35,0.8,0'
  at System.Net.Dns.Error_11001 (System.String hostName) [0x00015] in <b6d85684387445d1bc2505c6de8fed9f>:0 
  at System.Net.Dns.GetHostByName (System.String hostName) [0x00021] in <b6d85684387445d1bc2505c6de8fed9f>:0 
  at System.Net.Dns.GetHostEntry (System.String hostNameOrAddress) [0x00052] in <b6d85684387445d1bc2505c6de8fed9f>:0 
  at System.Net.Dns.GetHostAddresses (System.String hostNameOrAddress) [0x00056] in <b6d85684387445d1bc2505c6de8fed9f>:0 
  at System.Net.Sockets.TcpClient.Connect (System.String hostname, System.Int32 port) [0x00053] in <b6d85684387445d1bc2505c6de8fed9f>:0 
  at Unity.Robotics.ROSTCPConnector.ROSConnection.ConnectionThread (System.String rosIPAddress, System.Int32 rosPort, System.Single networkTimeoutSeconds, System.Single keepaliveTime, System.Int32 sleepMilliseconds, System.Action`1[T] OnConnectionStartedCallback, System.Action DeregisterAll, Unity.Robotics.ROSTCPConnector.ROSConnection+OutgoingMessageQueue outgoingQueue, System.Collections.Concurrent.ConcurrentQueue`1[T] incomingQueue, System.Threading.CancellationToken token) [0x000b2] in <34d69507a0c34618b01cadecb365fdd8>:0 
Connection to 0.35,0.8,0:10000 failed - System.Net.Sockets.SocketException (0x80004005): Could not resolve host '0.35,0.8,0'
  at System.Net.Dns.Error_11001 (System.String hostName) [0x00015] in <b6d85684387445d1bc2505c6de8fed9f>:0 
  at System.Net.Dns.GetHostByName (System.String hostName) [0x00021] in <b6d85684387445d1bc2505c6de8fed9f>:0 
  at System.Net.Dns.GetHostEntry (System.String hostNameOrAddress) [0x00052] in <b6d85684387445d1bc2505c6de8fed9f>:0 
  at System.Net.Dns.GetHostAddresses (System.String hostNameOrAddress) [0x00056] in <b6d85684387445d1bc2505c6de8fed9f>:0 
  at System.Net.Sockets.TcpClient.Connect (System.String hostname, System.Int32 port) [0x00053] in <b6d85684387445d1bc2505c6de8fed9f>:0 
  at Unity.Robotics.ROSTCPConnector.ROSConnection.ConnectionThread (System.String rosIPAddress, System.Int32 rosPort, System.Single networkTimeoutSeconds, System.Single keepaliveTime, System.Int32 sleepMilliseconds, System.Action`1[T] OnConnectionStartedCallback, System.Action DeregisterAll, Unity.Robotics.ROSTCPConnector.ROSConnection+OutgoingMessageQueue outgoingQueue, System.Collections.Concurrent.ConcurrentQueue`1[T] incomingQueue, System.Threading.CancellationToken token) [0x000b2] in <34d69507a0c34618b01cadecb365fdd8>:0 
Connection to 0.35,0.8,0:10000 failed - System.Net.Sockets.SocketException (0x80004005): Could not resolve host '0.35,0.8,0'
  at System.Net.Dns.Error_11001 (System.String hostName) [0x00015] in <b6d85684387445d1bc2505c6de8fed9f>:0 
  at System.Net.Dns.GetHostByName (System.String hostName) [0x00021] in <b6d85684387445d1bc2505c6de8fed9f>:0 
  at System.Net.Dns.GetHostEntry (System.String hostNameOrAddress) [0x00052] in <b6d85684387445d1bc2505c6de8fed9f>:0 
  at System.Net.Dns.GetHostAddresses (System.String hostNameOrAddress) [0x00056] in <b6d85684387445d1bc2505c6de8fed9f>:0 
  at System.Net.Sockets.TcpClient.Connect (System.String hostname, System.Int32 port) [0x00053] in <b6d85684387445d1bc2505c6de8fed9f>:0 
  at Unity.Robotics.ROSTCPConnector.ROSConnection.ConnectionThread (System.String rosIPAddress, System.Int32 rosPort, System.Single networkTimeoutSeconds, System.Single keepaliveTime, System.Int32 sleepMilliseconds, System.Action`1[T] OnConnectionStartedCallback, System.Action DeregisterAll, Unity.Robotics.ROSTCPConnector.ROSConnection+OutgoingMessageQueue outgoingQueue, System.Collections.Concurrent.ConcurrentQueue`1[T] incomingQueue, System.Threading.CancellationToken token) [0x000b2] in <34d69507a0c34618b01cadecb365fdd8>:0 
Connection to 0.35,0.8,0:10000 failed - System.Net.Sockets.SocketException (0x80004005): Could not resolve host '0.35,0.8,0'
  at System.Net.Dns.Error_11001 (System.String hostName) [0x00015] in <b6d85684387445d1bc2505c6de8fed9f>:0 
  at System.Net.Dns.GetHostByName (System.String hostName) [0x00021] in <b6d85684387445d1bc2505c6de8fed9f>:0 
  at System.Net.Dns.GetHostEntry (System.String hostNameOrAddress) [0x00052] in <b6d85684387445d1bc2505c6de8fed9f>:0 
  at System.Net.Dns.GetHostAddresses (System.String hostNameOrAddress) [0x00056] in <b6d85684387445d1bc2505c6de8fed9f>:0 
  at System.Net.Sockets.TcpClient.Connect (System.String hostname, System.Int32 port) [0x00053] in <b6d85684387445d1bc2505c6de8fed9f>:0 
  at Unity.Robotics.ROSTCPConnector.ROSConnection.ConnectionThread (System.String rosIPAddress, System.Int32 rosPort, System.Single networkTimeoutSeconds, System.Single keepaliveTime, System.Int32 sleepMilliseconds, System.Action`1[T] OnConnectionStartedCallback, System.Action DeregisterAll, Unity.Robotics.ROSTCPConnector.ROSConnection+OutgoingMessageQueue outgoingQueue, System.Collections.Concurrent.ConcurrentQueue`1[T] incomingQueue, System.Threading.CancellationToken token) [0x000b2] in <34d69507a0c34618b01cadecb365fdd8>:0 
Connection to 0.35,0.8,0:10000 failed - System.Net.Sockets.SocketException (0x80004005): Could not resolve host '0.35,0.8,0'
  at System.Net.Dns.Error_11001 (System.String hostName) [0x00015] in <b6d85684387445d1bc2505c6de8fed9f>:0 
  at System.Net.Dns.GetHostByName (System.String hostName) [0x00021] in <b6d85684387445d1bc2505c6de8fed9f>:0 
  at System.Net.Dns.GetHostEntry (System.String hostNameOrAddress) [0x00052] in <b6d85684387445d1bc2505c6de8fed9f>:0 
  at System.Net.Dns.GetHostAddresses (System.String hostNameOrAddress) [0x00056] in <b6d85684387445d1bc2505c6de8fed9f>:0 
  at System.Net.Sockets.TcpClient.Connect (System.String hostname, System.Int32 port) [0x00053] in <b6d85684387445d1bc2505c6de8fed9f>:0 
  at Unity.Robotics.ROSTCPConnector.ROSConnection.ConnectionThread (System.String rosIPAddress, System.Int32 rosPort, System.Single networkTimeoutSeconds, System.Single keepaliveTime, System.Int32 sleepMilliseconds, System.Action`1[T] OnConnectionStartedCallback, System.Action DeregisterAll, Unity.Robotics.ROSTCPConnector.ROSConnection+OutgoingMessageQueue outgoingQueue, System.Collections.Concurrent.ConcurrentQueue`1[T] incomingQueue, System.Threading.CancellationToken token) [0x000b2] in <34d69507a0c34618b01cadecb365fdd8>:0 
[DemoDirector] progress frame=180 captured=180 virtualTime=5.97s wall=11.5s lastCapture=59.9ms avgCapture=59.8ms worst=253.1ms
Connection to 0.35,0.8,0:10000 failed - System.Net.Sockets.SocketException (0x80004005): Could not resolve host '0.35,0.8,0'
  at System.Net.Dns.Error_11001 (System.String hostName) [0x00015] in <b6d85684387445d1bc2505c6de8fed9f>:0 
  at System.Net.Dns.GetHostByName (System.String hostName) [0x00021] in <b6d85684387445d1bc2505c6de8fed9f>:0 
  at System.Net.Dns.GetHostEntry (System.String hostNameOrAddress) [0x00052] in <b6d85684387445d1bc2505c6de8fed9f>:0 
  at System.Net.Dns.GetHostAddresses (System.String hostNameOrAddress) [0x00056] in <b6d85684387445d1bc2505c6de8fed9f>:0 
  at System.Net.Sockets.TcpClient.Connect (System.String hostname, System.Int32 port) [0x00053] in <b6d85684387445d1bc2505c6de8fed9f>:0 
  at Unity.Robotics.ROSTCPConnector.ROSConnection.ConnectionThread (System.String rosIPAddress, System.Int32 rosPort, System.Single networkTimeoutSeconds, System.Single keepaliveTime, System.Int32 sleepMilliseconds, System.Action`1[T] OnConnectionStartedCallback, System.Action DeregisterAll, Unity.Robotics.ROSTCPConnector.ROSConnection+OutgoingMessageQueue outgoingQueue, System.Collections.Concurrent.ConcurrentQueue`1[T] incomingQueue, System.Threading.CancellationToken token) [0x000b2] in <34d69507a0c34618b01cadecb365fdd8>:0 
Connection to 0.35,0.8,0:10000 failed - System.Net.Sockets.SocketException (0x80004005): Could not resolve host '0.35,0.8,0'
  at System.Net.Dns.Error_11001 (System.String hostName) [0x00015] in <b6d85684387445d1bc2505c6de8fed9f>:0 
  at System.Net.Dns.GetHostByName (System.String hostName) [0x00021] in <b6d85684387445d1bc2505c6de8fed9f>:0 
  at System.Net.Dns.GetHostEntry (System.String hostNameOrAddress) [0x00052] in <b6d85684387445d1bc2505c6de8fed9f>:0 
  at System.Net.Dns.GetHostAddresses (System.String hostNameOrAddress) [0x00056] in <b6d85684387445d1bc2505c6de8fed9f>:0 
  at System.Net.Sockets.TcpClient.Connect (System.String hostname, System.Int32 port) [0x00053] in <b6d85684387445d1bc2505c6de8fed9f>:0 
  at Unity.Robotics.ROSTCPConnector.ROSConnection.ConnectionThread (System.String rosIPAddress, System.Int32 rosPort, System.Single networkTimeoutSeconds, System.Single keepaliveTime, System.Int32 sleepMilliseconds, System.Action`1[T] OnConnectionStartedCallback, System.Action DeregisterAll, Unity.Robotics.ROSTCPConnector.ROSConnection+OutgoingMessageQueue outgoingQueue, System.Collections.Concurrent.ConcurrentQueue`1[T] incomingQueue, System.Threading.CancellationToken token) [0x000b2] in <34d69507a0c34618b01cadecb365fdd8>:0 
Connection to 0.35,0.8,0:10000 failed - System.Net.Sockets.SocketException (0x80004005): Could not resolve host '0.35,0.8,0'
  at System.Net.Dns.Error_11001 (System.String hostName) [0x00015] in <b6d85684387445d1bc2505c6de8fed9f>:0 
  at System.Net.Dns.GetHostByName (System.String hostName) [0x00021] in <b6d85684387445d1bc2505c6de8fed9f>:0 
  at System.Net.Dns.GetHostEntry (System.String hostNameOrAddress) [0x00052] in <b6d85684387445d1bc2505c6de8fed9f>:0 
  at System.Net.Dns.GetHostAddresses (System.String hostNameOrAddress) [0x00056] in <b6d85684387445d1bc2505c6de8fed9f>:0 
  at System.Net.Sockets.TcpClient.Connect (System.String hostname, System.Int32 port) [0x00053] in <b6d85684387445d1bc2505c6de8fed9f>:0 
  at Unity.Robotics.ROSTCPConnector.ROSConnection.ConnectionThread (System.String rosIPAddress, System.Int32 rosPort, System.Single networkTimeoutSeconds, System.Single keepaliveTime, System.Int32 sleepMilliseconds, System.Action`1[T] OnConnectionStartedCallback, System.Action DeregisterAll, Unity.Robotics.ROSTCPConnector.ROSConnection+OutgoingMessageQueue outgoingQueue, System.Collections.Concurrent.ConcurrentQueue`1[T] incomingQueue, System.Threading.CancellationToken token) [0x000b2] in <34d69507a0c34618b01cadecb365fdd8>:0 
[DemoDirector] progress frame=210 captured=210 virtualTime=6.97s wall=13.3s lastCapture=57.6ms avgCapture=59.8ms worst=253.1ms
Connection to 0.35,0.8,0:10000 failed - System.Net.Sockets.SocketException (0x80004005): Could not resolve host '0.35,0.8,0'
  at System.Net.Dns.Error_11001 (System.String hostName) [0x00015] in <b6d85684387445d1bc2505c6de8fed9f>:0 
  at System.Net.Dns.GetHostByName (System.String hostName) [0x00021] in <b6d85684387445d1bc2505c6de8fed9f>:0 
  at System.Net.Dns.GetHostEntry (System.String hostNameOrAddress) [0x00052] in <b6d85684387445d1bc2505c6de8fed9f>:0 
  at System.Net.Dns.GetHostAddresses (System.String hostNameOrAddress) [0x00056] in <b6d85684387445d1bc2505c6de8fed9f>:0 
  at System.Net.Sockets.TcpClient.Connect (System.String hostname, System.Int32 port) [0x00053] in <b6d85684387445d1bc2505c6de8fed9f>:0 
  at Unity.Robotics.ROSTCPConnector.ROSConnection.ConnectionThread (System.String rosIPAddress, System.Int32 rosPort, System.Single networkTimeoutSeconds, System.Single keepaliveTime, System.Int32 sleepMilliseconds, System.Action`1[T] OnConnectionStartedCallback, System.Action DeregisterAll, Unity.Robotics.ROSTCPConnector.ROSConnection+OutgoingMessageQueue outgoingQueue, System.Collections.Concurrent.ConcurrentQueue`1[T] incomingQueue, System.Threading.CancellationToken token) [0x000b2] in <34d69507a0c34618b01cadecb365fdd8>:0 
Connection to 0.35,0.8,0:10000 failed - System.Net.Sockets.SocketException (0x80004005): Could not resolve host '0.35,0.8,0'
  at System.Net.Dns.Error_11001 (System.String hostName) [0x00015] in <b6d85684387445d1bc2505c6de8fed9f>:0 
  at System.Net.Dns.GetHostByName (System.String hostName) [0x00021] in <b6d85684387445d1bc2505c6de8fed9f>:0 
  at System.Net.Dns.GetHostEntry (System.String hostNameOrAddress) [0x00052] in <b6d85684387445d1bc2505c6de8fed9f>:0 
  at System.Net.Dns.GetHostAddresses (System.String hostNameOrAddress) [0x00056] in <b6d85684387445d1bc2505c6de8fed9f>:0 
  at System.Net.Sockets.TcpClient.Connect (System.String hostname, System.Int32 port) [0x00053] in <b6d85684387445d1bc2505c6de8fed9f>:0 
  at Unity.Robotics.ROSTCPConnector.ROSConnection.ConnectionThread (System.String rosIPAddress, System.Int32 rosPort, System.Single networkTimeoutSeconds, System.Single keepaliveTime, System.Int32 sleepMilliseconds, System.Action`1[T] OnConnectionStartedCallback, System.Action DeregisterAll, Unity.Robotics.ROSTCPConnector.ROSConnection+OutgoingMessageQueue outgoingQueue, System.Collections.Concurrent.ConcurrentQueue`1[T] incomingQueue, System.Threading.CancellationToken token) [0x000b2] in <34d69507a0c34618b01cadecb365fdd8>:0 
Connection to 0.35,0.8,0:10000 failed - System.Net.Sockets.SocketException (0x80004005): Could not resolve host '0.35,0.8,0'
  at System.Net.Dns.Error_11001 (System.String hostName) [0x00015] in <b6d85684387445d1bc2505c6de8fed9f>:0 
  at System.Net.Dns.GetHostByName (System.String hostName) [0x00021] in <b6d85684387445d1bc2505c6de8fed9f>:0 
  at System.Net.Dns.GetHostEntry (System.String hostNameOrAddress) [0x00052] in <b6d85684387445d1bc2505c6de8fed9f>:0 
  at System.Net.Dns.GetHostAddresses (System.String hostNameOrAddress) [0x00056] in <b6d85684387445d1bc2505c6de8fed9f>:0 
  at System.Net.Sockets.TcpClient.Connect (System.String hostname, System.Int32 port) [0x00053] in <b6d85684387445d1bc2505c6de8fed9f>:0 
  at Unity.Robotics.ROSTCPConnector.ROSConnection.ConnectionThread (System.String rosIPAddress, System.Int32 rosPort, System.Single networkTimeoutSeconds, System.Single keepaliveTime, System.Int32 sleepMilliseconds, System.Action`1[T] OnConnectionStartedCallback, System.Action DeregisterAll, Unity.Robotics.ROSTCPConnector.ROSConnection+OutgoingMessageQueue outgoingQueue, System.Collections.Concurrent.ConcurrentQueue`1[T] incomingQueue, System.Threading.CancellationToken token) [0x000b2] in <34d69507a0c34618b01cadecb365fdd8>:0 
Connection to 0.35,0.8,0:10000 failed - System.Net.Sockets.SocketException (0x80004005): Could not resolve host '0.35,0.8,0'
  at System.Net.Dns.Error_11001 (System.String hostName) [0x00015] in <b6d85684387445d1bc2505c6de8fed9f>:0 
  at System.Net.Dns.GetHostByName (System.String hostName) [0x00021] in <b6d85684387445d1bc2505c6de8fed9f>:0 
  at System.Net.Dns.GetHostEntry (System.String hostNameOrAddress) [0x00052] in <b6d85684387445d1bc2505c6de8fed9f>:0 
  at System.Net.Dns.GetHostAddresses (System.String hostNameOrAddress) [0x00056] in <b6d85684387445d1bc2505c6de8fed9f>:0 
  at System.Net.Sockets.TcpClient.Connect (System.String hostname, System.Int32 port) [0x00053] in <b6d85684387445d1bc2505c6de8fed9f>:0 
  at Unity.Robotics.ROSTCPConnector.ROSConnection.ConnectionThread (System.String rosIPAddress, System.Int32 rosPort, System.Single networkTimeoutSeconds, System.Single keepaliveTime, System.Int32 sleepMilliseconds, System.Action`1[T] OnConnectionStartedCallback, System.Action DeregisterAll, Unity.Robotics.ROSTCPConnector.ROSConnection+OutgoingMessageQueue outgoingQueue, System.Collections.Concurrent.ConcurrentQueue`1[T] incomingQueue, System.Threading.CancellationToken token) [0x000b2] in <34d69507a0c34618b01cadecb365fdd8>:0 
Connection to 0.35,0.8,0:10000 failed - System.Net.Sockets.SocketException (0x80004005): Could not resolve host '0.35,0.8,0'
  at System.Net.Dns.Error_11001 (System.String hostName) [0x00015] in <b6d85684387445d1bc2505c6de8fed9f>:0 
  at System.Net.Dns.GetHostByName (System.String hostName) [0x00021] in <b6d85684387445d1bc2505c6de8fed9f>:0 
  at System.Net.Dns.GetHostEntry (System.String hostNameOrAddress) [0x00052] in <b6d85684387445d1bc2505c6de8fed9f>:0 
  at System.Net.Dns.GetHostAddresses (System.String hostNameOrAddress) [0x00056] in <b6d85684387445d1bc2505c6de8fed9f>:0 
  at System.Net.Sockets.TcpClient.Connect (System.String hostname, System.Int32 port) [0x00053] in <b6d85684387445d1bc2505c6de8fed9f>:0 
  at Unity.Robotics.ROSTCPConnector.ROSConnection.ConnectionThread (System.String rosIPAddress, System.Int32 rosPort, System.Single networkTimeoutSeconds, System.Single keepaliveTime, System.Int32 sleepMilliseconds, System.Action`1[T] OnConnectionStartedCallback, System.Action DeregisterAll, Unity.Robotics.ROSTCPConnector.ROSConnection+OutgoingMessageQueue outgoingQueue, System.Collections.Concurrent.ConcurrentQueue`1[T] incomingQueue, System.Threading.CancellationToken token) [0x000b2] in <34d69507a0c34618b01cadecb365fdd8>:0 
Connection to 0.35,0.8,0:10000 failed - System.Net.Sockets.SocketException (0x80004005): Could not resolve host '0.35,0.8,0'
  at System.Net.Dns.Error_11001 (System.String hostName) [0x00015] in <b6d85684387445d1bc2505c6de8fed9f>:0 
  at System.Net.Dns.GetHostByName (System.String hostName) [0x00021] in <b6d85684387445d1bc2505c6de8fed9f>:0 
  at System.Net.Dns.GetHostEntry (System.String hostNameOrAddress) [0x00052] in <b6d85684387445d1bc2505c6de8fed9f>:0 
  at System.Net.Dns.GetHostAddresses (System.String hostNameOrAddress) [0x00056] in <b6d85684387445d1bc2505c6de8fed9f>:0 
  at System.Net.Sockets.TcpClient.Connect (System.String hostname, System.Int32 port) [0x00053] in <b6d85684387445d1bc2505c6de8fed9f>:0 
  at Unity.Robotics.ROSTCPConnector.ROSConnection.ConnectionThread (System.String rosIPAddress, System.Int32 rosPort, System.Single networkTimeoutSeconds, System.Single keepaliveTime, System.Int32 sleepMilliseconds, System.Action`1[T] OnConnectionStartedCallback, System.Action DeregisterAll, Unity.Robotics.ROSTCPConnector.ROSConnection+OutgoingMessageQueue outgoingQueue, System.Collections.Concurrent.ConcurrentQueue`1[T] incomingQueue, System.Threading.CancellationToken token) [0x000b2] in <34d69507a0c34618b01cadecb365fdd8>:0 
[DemoDirector] progress frame=240 captured=240 virtualTime=7.97s wall=15.2s lastCapture=60.1ms avgCapture=59.9ms worst=253.1ms
Connection to 0.35,0.8,0:10000 failed - System.Net.Sockets.SocketException (0x80004005): Could not resolve host '0.35,0.8,0'
  at System.Net.Dns.Error_11001 (System.String hostName) [0x00015] in <b6d85684387445d1bc2505c6de8fed9f>:0 
  at System.Net.Dns.GetHostByName (System.String hostName) [0x00021] in <b6d85684387445d1bc2505c6de8fed9f>:0 
  at System.Net.Dns.GetHostEntry (System.String hostNameOrAddress) [0x00052] in <b6d85684387445d1bc2505c6de8fed9f>:0 
  at System.Net.Dns.GetHostAddresses (System.String hostNameOrAddress) [0x00056] in <b6d85684387445d1bc2505c6de8fed9f>:0 
  at System.Net.Sockets.TcpClient.Connect (System.String hostname, System.Int32 port) [0x00053] in <b6d85684387445d1bc2505c6de8fed9f>:0 
  at Unity.Robotics.ROSTCPConnector.ROSConnection.ConnectionThread (System.String rosIPAddress, System.Int32 rosPort, System.Single networkTimeoutSeconds, System.Single keepaliveTime, System.Int32 sleepMilliseconds, System.Action`1[T] OnConnectionStartedCallback, System.Action DeregisterAll, Unity.Robotics.ROSTCPConnector.ROSConnection+OutgoingMessageQueue outgoingQueue, System.Collections.Concurrent.ConcurrentQueue`1[T] incomingQueue, System.Threading.CancellationToken token) [0x000b2] in <34d69507a0c34618b01cadecb365fdd8>:0 
Connection to 0.35,0.8,0:10000 failed - System.Net.Sockets.SocketException (0x80004005): Could not resolve host '0.35,0.8,0'
  at System.Net.Dns.Error_11001 (System.String hostName) [0x00015] in <b6d85684387445d1bc2505c6de8fed9f>:0 
  at System.Net.Dns.GetHostByName (System.String hostName) [0x00021] in <b6d85684387445d1bc2505c6de8fed9f>:0 
  at System.Net.Dns.GetHostEntry (System.String hostNameOrAddress) [0x00052] in <b6d85684387445d1bc2505c6de8fed9f>:0 
  at System.Net.Dns.GetHostAddresses (System.String hostNameOrAddress) [0x00056] in <b6d85684387445d1bc2505c6de8fed9f>:0 
  at System.Net.Sockets.TcpClient.Connect (System.String hostname, System.Int32 port) [0x00053] in <b6d85684387445d1bc2505c6de8fed9f>:0 
  at Unity.Robotics.ROSTCPConnector.ROSConnection.ConnectionThread (System.String rosIPAddress, System.Int32 rosPort, System.Single networkTimeoutSeconds, System.Single keepaliveTime, System.Int32 sleepMilliseconds, System.Action`1[T] OnConnectionStartedCallback, System.Action DeregisterAll, Unity.Robotics.ROSTCPConnector.ROSConnection+OutgoingMessageQueue outgoingQueue, System.Collections.Concurrent.ConcurrentQueue`1[T] incomingQueue, System.Threading.CancellationToken token) [0x000b2] in <34d69507a0c34618b01cadecb365fdd8>:0 
Connection to 0.35,0.8,0:10000 failed - System.Net.Sockets.SocketException (0x80004005): Could not resolve host '0.35,0.8,0'
  at System.Net.Dns.Error_11001 (System.String hostName) [0x00015] in <b6d85684387445d1bc2505c6de8fed9f>:0 
  at System.Net.Dns.GetHostByName (System.String hostName) [0x00021] in <b6d85684387445d1bc2505c6de8fed9f>:0 
  at System.Net.Dns.GetHostEntry (System.String hostNameOrAddress) [0x00052] in <b6d85684387445d1bc2505c6de8fed9f>:0 
  at System.Net.Dns.GetHostAddresses (System.String hostNameOrAddress) [0x00056] in <b6d85684387445d1bc2505c6de8fed9f>:0 
  at System.Net.Sockets.TcpClient.Connect (System.String hostname, System.Int32 port) [0x00053] in <b6d85684387445d1bc2505c6de8fed9f>:0 
  at Unity.Robotics.ROSTCPConnector.ROSConnection.ConnectionThread (System.String rosIPAddress, System.Int32 rosPort, System.Single networkTimeoutSeconds, System.Single keepaliveTime, System.Int32 sleepMilliseconds, System.Action`1[T] OnConnectionStartedCallback, System.Action DeregisterAll, Unity.Robotics.ROSTCPConnector.ROSConnection+OutgoingMessageQueue outgoingQueue, System.Collections.Concurrent.ConcurrentQueue`1[T] incomingQueue, System.Threading.CancellationToken token) [0x000b2] in <34d69507a0c34618b01cadecb365fdd8>:0 
Connection to 0.35,0.8,0:10000 failed - System.Net.Sockets.SocketException (0x80004005): Could not resolve host '0.35,0.8,0'
  at System.Net.Dns.Error_11001 (System.String hostName) [0x00015] in <b6d85684387445d1bc2505c6de8fed9f>:0 
  at System.Net.Dns.GetHostByName (System.String hostName) [0x00021] in <b6d85684387445d1bc2505c6de8fed9f>:0 
  at System.Net.Dns.GetHostEntry (System.String hostNameOrAddress) [0x00052] in <b6d85684387445d1bc2505c6de8fed9f>:0 
  at System.Net.Dns.GetHostAddresses (System.String hostNameOrAddress) [0x00056] in <b6d85684387445d1bc2505c6de8fed9f>:0 
  at System.Net.Sockets.TcpClient.Connect (System.String hostname, System.Int32 port) [0x00053] in <b6d85684387445d1bc2505c6de8fed9f>:0 
  at Unity.Robotics.ROSTCPConnector.ROSConnection.ConnectionThread (System.String rosIPAddress, System.Int32 rosPort, System.Single networkTimeoutSeconds, System.Single keepaliveTime, System.Int32 sleepMilliseconds, System.Action`1[T] OnConnectionStartedCallback, System.Action DeregisterAll, Unity.Robotics.ROSTCPConnector.ROSConnection+OutgoingMessageQueue outgoingQueue, System.Collections.Concurrent.ConcurrentQueue`1[T] incomingQueue, System.Threading.CancellationToken token) [0x000b2] in <34d69507a0c34618b01cadecb365fdd8>:0 
Connection to 0.35,0.8,0:10000 failed - System.Net.Sockets.SocketException (0x80004005): Could not resolve host '0.35,0.8,0'
  at System.Net.Dns.Error_11001 (System.String hostName) [0x00015] in <b6d85684387445d1bc2505c6de8fed9f>:0 
  at System.Net.Dns.GetHostByName (System.String hostName) [0x00021] in <b6d85684387445d1bc2505c6de8fed9f>:0 
  at System.Net.Dns.GetHostEntry (System.String hostNameOrAddress) [0x00052] in <b6d85684387445d1bc2505c6de8fed9f>:0 
  at System.Net.Dns.GetHostAddresses (System.String hostNameOrAddress) [0x00056] in <b6d85684387445d1bc2505c6de8fed9f>:0 
  at System.Net.Sockets.TcpClient.Connect (System.String hostname, System.Int32 port) [0x00053] in <b6d85684387445d1bc2505c6de8fed9f>:0 
  at Unity.Robotics.ROSTCPConnector.ROSConnection.ConnectionThread (System.String rosIPAddress, System.Int32 rosPort, System.Single networkTimeoutSeconds, System.Single keepaliveTime, System.Int32 sleepMilliseconds, System.Action`1[T] OnConnectionStartedCallback, System.Action DeregisterAll, Unity.Robotics.ROSTCPConnector.ROSConnection+OutgoingMessageQueue outgoingQueue, System.Collections.Concurrent.ConcurrentQueue`1[T] incomingQueue, System.Threading.CancellationToken token) [0x000b2] in <34d69507a0c34618b01cadecb365fdd8>:0 
Connection to 0.35,0.8,0:10000 failed - System.Net.Sockets.SocketException (0x80004005): Could not resolve host '0.35,0.8,0'
  at System.Net.Dns.Error_11001 (System.String hostName) [0x00015] in <b6d85684387445d1bc2505c6de8fed9f>:0 
  at System.Net.Dns.GetHostByName (System.String hostName) [0x00021] in <b6d85684387445d1bc2505c6de8fed9f>:0 
  at System.Net.Dns.GetHostEntry (System.String hostNameOrAddress) [0x00052] in <b6d85684387445d1bc2505c6de8fed9f>:0 
  at System.Net.Dns.GetHostAddresses (System.String hostNameOrAddress) [0x00056] in <b6d85684387445d1bc2505c6de8fed9f>:0 
  at System.Net.Sockets.TcpClient.Connect (System.String hostname, System.Int32 port) [0x00053] in <b6d85684387445d1bc2505c6de8fed9f>:0 
  at Unity.Robotics.ROSTCPConnector.ROSConnection.ConnectionThread (System.String rosIPAddress, System.Int32 rosPort, System.Single networkTimeoutSeconds, System.Single keepaliveTime, System.Int32 sleepMilliseconds, System.Action`1[T] OnConnectionStartedCallback, System.Action DeregisterAll, Unity.Robotics.ROSTCPConnector.ROSConnection+OutgoingMessageQueue outgoingQueue, System.Collections.Concurrent.ConcurrentQueue`1[T] incomingQueue, System.Threading.CancellationToken token) [0x000b2] in <34d69507a0c34618b01cadecb365fdd8>:0 
[DemoDirector] progress frame=270 captured=270 virtualTime=8.97s wall=17.0s lastCapture=56.1ms avgCapture=59.7ms worst=253.1ms
Connection to 0.35,0.8,0:10000 failed - System.Net.Sockets.SocketException (0x80004005): Could not resolve host '0.35,0.8,0'
  at System.Net.Dns.Error_11001 (System.String hostName) [0x00015] in <b6d85684387445d1bc2505c6de8fed9f>:0 
  at System.Net.Dns.GetHostByName (System.String hostName) [0x00021] in <b6d85684387445d1bc2505c6de8fed9f>:0 
  at System.Net.Dns.GetHostEntry (System.String hostNameOrAddress) [0x00052] in <b6d85684387445d1bc2505c6de8fed9f>:0 
  at System.Net.Dns.GetHostAddresses (System.String hostNameOrAddress) [0x00056] in <b6d85684387445d1bc2505c6de8fed9f>:0 
  at System.Net.Sockets.TcpClient.Connect (System.String hostname, System.Int32 port) [0x00053] in <b6d85684387445d1bc2505c6de8fed9f>:0 
  at Unity.Robotics.ROSTCPConnector.ROSConnection.ConnectionThread (System.String rosIPAddress, System.Int32 rosPort, System.Single networkTimeoutSeconds, System.Single keepaliveTime, System.Int32 sleepMilliseconds, System.Action`1[T] OnConnectionStartedCallback, System.Action DeregisterAll, Unity.Robotics.ROSTCPConnector.ROSConnection+OutgoingMessageQueue outgoingQueue, System.Collections.Concurrent.ConcurrentQueue`1[T] incomingQueue, System.Threading.CancellationToken token) [0x000b2] in <34d69507a0c34618b01cadecb365fdd8>:0 
Connection to 0.35,0.8,0:10000 failed - System.Net.Sockets.SocketException (0x80004005): Could not resolve host '0.35,0.8,0'
  at System.Net.Dns.Error_11001 (System.String hostName) [0x00015] in <b6d85684387445d1bc2505c6de8fed9f>:0 
  at System.Net.Dns.GetHostByName (System.String hostName) [0x00021] in <b6d85684387445d1bc2505c6de8fed9f>:0 
  at System.Net.Dns.GetHostEntry (System.String hostNameOrAddress) [0x00052] in <b6d85684387445d1bc2505c6de8fed9f>:0 
  at System.Net.Dns.GetHostAddresses (System.String hostNameOrAddress) [0x00056] in <b6d85684387445d1bc2505c6de8fed9f>:0 
  at System.Net.Sockets.TcpClient.Connect (System.String hostname, System.Int32 port) [0x00053] in <b6d85684387445d1bc2505c6de8fed9f>:0 
  at Unity.Robotics.ROSTCPConnector.ROSConnection.ConnectionThread (System.String rosIPAddress, System.Int32 rosPort, System.Single networkTimeoutSeconds, System.Single keepaliveTime, System.Int32 sleepMilliseconds, System.Action`1[T] OnConnectionStartedCallback, System.Action DeregisterAll, Unity.Robotics.ROSTCPConnector.ROSConnection+OutgoingMessageQueue outgoingQueue, System.Collections.Concurrent.ConcurrentQueue`1[T] incomingQueue, System.Threading.CancellationToken token) [0x000b2] in <34d69507a0c34618b01cadecb365fdd8>:0 
Connection to 0.35,0.8,0:10000 failed - System.Net.Sockets.SocketException (0x80004005): Could not resolve host '0.35,0.8,0'
  at System.Net.Dns.Error_11001 (System.String hostName) [0x00015] in <b6d85684387445d1bc2505c6de8fed9f>:0 
  at System.Net.Dns.GetHostByName (System.String hostName) [0x00021] in <b6d85684387445d1bc2505c6de8fed9f>:0 
  at System.Net.Dns.GetHostEntry (System.String hostNameOrAddress) [0x00052] in <b6d85684387445d1bc2505c6de8fed9f>:0 
  at System.Net.Dns.GetHostAddresses (System.String hostNameOrAddress) [0x00056] in <b6d85684387445d1bc2505c6de8fed9f>:0 
  at System.Net.Sockets.TcpClient.Connect (System.String hostname, System.Int32 port) [0x00053] in <b6d85684387445d1bc2505c6de8fed9f>:0 
  at Unity.Robotics.ROSTCPConnector.ROSConnection.ConnectionThread (System.String rosIPAddress, System.Int32 rosPort, System.Single networkTimeoutSeconds, System.Single keepaliveTime, System.Int32 sleepMilliseconds, System.Action`1[T] OnConnectionStartedCallback, System.Action DeregisterAll, Unity.Robotics.ROSTCPConnector.ROSConnection+OutgoingMessageQueue outgoingQueue, System.Collections.Concurrent.ConcurrentQueue`1[T] incomingQueue, System.Threading.CancellationToken token) [0x000b2] in <34d69507a0c34618b01cadecb365fdd8>:0 
Connection to 0.35,0.8,0:10000 failed - System.Net.Sockets.SocketException (0x80004005): Could not resolve host '0.35,0.8,0'
  at System.Net.Dns.Error_11001 (System.String hostName) [0x00015] in <b6d85684387445d1bc2505c6de8fed9f>:0 
  at System.Net.Dns.GetHostByName (System.String hostName) [0x00021] in <b6d85684387445d1bc2505c6de8fed9f>:0 
  at System.Net.Dns.GetHostEntry (System.String hostNameOrAddress) [0x00052] in <b6d85684387445d1bc2505c6de8fed9f>:0 
  at System.Net.Dns.GetHostAddresses (System.String hostNameOrAddress) [0x00056] in <b6d85684387445d1bc2505c6de8fed9f>:0 
  at System.Net.Sockets.TcpClient.Connect (System.String hostname, System.Int32 port) [0x00053] in <b6d85684387445d1bc2505c6de8fed9f>:0 
  at Unity.Robotics.ROSTCPConnector.ROSConnection.ConnectionThread (System.String rosIPAddress, System.Int32 rosPort, System.Single networkTimeoutSeconds, System.Single keepaliveTime, System.Int32 sleepMilliseconds, System.Action`1[T] OnConnectionStartedCallback, System.Action DeregisterAll, Unity.Robotics.ROSTCPConnector.ROSConnection+OutgoingMessageQueue outgoingQueue, System.Collections.Concurrent.ConcurrentQueue`1[T] incomingQueue, System.Threading.CancellationToken token) [0x000b2] in <34d69507a0c34618b01cadecb365fdd8>:0 
Connection to 0.35,0.8,0:10000 failed - System.Net.Sockets.SocketException (0x80004005): Could not resolve host '0.35,0.8,0'
  at System.Net.Dns.Error_11001 (System.String hostName) [0x00015] in <b6d85684387445d1bc2505c6de8fed9f>:0 
  at System.Net.Dns.GetHostByName (System.String hostName) [0x00021] in <b6d85684387445d1bc2505c6de8fed9f>:0 
  at System.Net.Dns.GetHostEntry (System.String hostNameOrAddress) [0x00052] in <b6d85684387445d1bc2505c6de8fed9f>:0 
  at System.Net.Dns.GetHostAddresses (System.String hostNameOrAddress) [0x00056] in <b6d85684387445d1bc2505c6de8fed9f>:0 
  at System.Net.Sockets.TcpClient.Connect (System.String hostname, System.Int32 port) [0x00053] in <b6d85684387445d1bc2505c6de8fed9f>:0 
  at Unity.Robotics.ROSTCPConnector.ROSConnection.ConnectionThread (System.String rosIPAddress, System.Int32 rosPort, System.Single networkTimeoutSeconds, System.Single keepaliveTime, System.Int32 sleepMilliseconds, System.Action`1[T] OnConnectionStartedCallback, System.Action DeregisterAll, Unity.Robotics.ROSTCPConnector.ROSConnection+OutgoingMessageQueue outgoingQueue, System.Collections.Concurrent.ConcurrentQueue`1[T] incomingQueue, System.Threading.CancellationToken token) [0x000b2] in <34d69507a0c34618b01cadecb365fdd8>:0 
Connection to 0.35,0.8,0:10000 failed - System.Net.Sockets.SocketException (0x80004005): Could not resolve host '0.35,0.8,0'
  at System.Net.Dns.Error_11001 (System.String hostName) [0x00015] in <b6d85684387445d1bc2505c6de8fed9f>:0 
  at System.Net.Dns.GetHostByName (System.String hostName) [0x00021] in <b6d85684387445d1bc2505c6de8fed9f>:0 
  at System.Net.Dns.GetHostEntry (System.String hostNameOrAddress) [0x00052] in <b6d85684387445d1bc2505c6de8fed9f>:0 
  at System.Net.Dns.GetHostAddresses (System.String hostNameOrAddress) [0x00056] in <b6d85684387445d1bc2505c6de8fed9f>:0 
  at System.Net.Sockets.TcpClient.Connect (System.String hostname, System.Int32 port) [0x00053] in <b6d85684387445d1bc2505c6de8fed9f>:0 
  at Unity.Robotics.ROSTCPConnector.ROSConnection.ConnectionThread (System.String rosIPAddress, System.Int32 rosPort, System.Single networkTimeoutSeconds, System.Single keepaliveTime, System.Int32 sleepMilliseconds, System.Action`1[T] OnConnectionStartedCallback, System.Action DeregisterAll, Unity.Robotics.ROSTCPConnector.ROSConnection+OutgoingMessageQueue outgoingQueue, System.Collections.Concurrent.ConcurrentQueue`1[T] incomingQueue, System.Threading.CancellationToken token) [0x000b2] in <34d69507a0c34618b01cadecb365fdd8>:0 
[DemoDirector] progress frame=300 captured=300 virtualTime=9.97s wall=18.8s lastCapture=58.1ms avgCapture=59.5ms worst=253.1ms
Connection to 0.35,0.8,0:10000 failed - System.Net.Sockets.SocketException (0x80004005): Could not resolve host '0.35,0.8,0'
  at System.Net.Dns.Error_11001 (System.String hostName) [0x00015] in <b6d85684387445d1bc2505c6de8fed9f>:0 
  at System.Net.Dns.GetHostByName (System.String hostName) [0x00021] in <b6d85684387445d1bc2505c6de8fed9f>:0 
  at System.Net.Dns.GetHostEntry (System.String hostNameOrAddress) [0x00052] in <b6d85684387445d1bc2505c6de8fed9f>:0 
  at System.Net.Dns.GetHostAddresses (System.String hostNameOrAddress) [0x00056] in <b6d85684387445d1bc2505c6de8fed9f>:0 
  at System.Net.Sockets.TcpClient.Connect (System.String hostname, System.Int32 port) [0x00053] in <b6d85684387445d1bc2505c6de8fed9f>:0 
  at Unity.Robotics.ROSTCPConnector.ROSConnection.ConnectionThread (System.String rosIPAddress, System.Int32 rosPort, System.Single networkTimeoutSeconds, System.Single keepaliveTime, System.Int32 sleepMilliseconds, System.Action`1[T] OnConnectionStartedCallback, System.Action DeregisterAll, Unity.Robotics.ROSTCPConnector.ROSConnection+OutgoingMessageQueue outgoingQueue, System.Collections.Concurrent.ConcurrentQueue`1[T] incomingQueue, System.Threading.CancellationToken token) [0x000b2] in <34d69507a0c34618b01cadecb365fdd8>:0 
Connection to 0.35,0.8,0:10000 failed - System.Net.Sockets.SocketException (0x80004005): Could not resolve host '0.35,0.8,0'
  at System.Net.Dns.Error_11001 (System.String hostName) [0x00015] in <b6d85684387445d1bc2505c6de8fed9f>:0 
  at System.Net.Dns.GetHostByName (System.String hostName) [0x00021] in <b6d85684387445d1bc2505c6de8fed9f>:0 
  at System.Net.Dns.GetHostEntry (System.String hostNameOrAddress) [0x00052] in <b6d85684387445d1bc2505c6de8fed9f>:0 
  at System.Net.Dns.GetHostAddresses (System.String hostNameOrAddress) [0x00056] in <b6d85684387445d1bc2505c6de8fed9f>:0 
  at System.Net.Sockets.TcpClient.Connect (System.String hostname, System.Int32 port) [0x00053] in <b6d85684387445d1bc2505c6de8fed9f>:0 
  at Unity.Robotics.ROSTCPConnector.ROSConnection.ConnectionThread (System.String rosIPAddress, System.Int32 rosPort, System.Single networkTimeoutSeconds, System.Single keepaliveTime, System.Int32 sleepMilliseconds, System.Action`1[T] OnConnectionStartedCallback, System.Action DeregisterAll, Unity.Robotics.ROSTCPConnector.ROSConnection+OutgoingMessageQueue outgoingQueue, System.Collections.Concurrent.ConcurrentQueue`1[T] incomingQueue, System.Threading.CancellationToken token) [0x000b2] in <34d69507a0c34618b01cadecb365fdd8>:0 
Connection to 0.35,0.8,0:10000 failed - System.Net.Sockets.SocketException (0x80004005): Could not resolve host '0.35,0.8,0'
  at System.Net.Dns.Error_11001 (System.String hostName) [0x00015] in <b6d85684387445d1bc2505c6de8fed9f>:0 
  at System.Net.Dns.GetHostByName (System.String hostName) [0x00021] in <b6d85684387445d1bc2505c6de8fed9f>:0 
  at System.Net.Dns.GetHostEntry (System.String hostNameOrAddress) [0x00052] in <b6d85684387445d1bc2505c6de8fed9f>:0 
  at System.Net.Dns.GetHostAddresses (System.String hostNameOrAddress) [0x00056] in <b6d85684387445d1bc2505c6de8fed9f>:0 
  at System.Net.Sockets.TcpClient.Connect (System.String hostname, System.Int32 port) [0x00053] in <b6d85684387445d1bc2505c6de8fed9f>:0 
  at Unity.Robotics.ROSTCPConnector.ROSConnection.ConnectionThread (System.String rosIPAddress, System.Int32 rosPort, System.Single networkTimeoutSeconds, System.Single keepaliveTime, System.Int32 sleepMilliseconds, System.Action`1[T] OnConnectionStartedCallback, System.Action DeregisterAll, Unity.Robotics.ROSTCPConnector.ROSConnection+OutgoingMessageQueue outgoingQueue, System.Collections.Concurrent.ConcurrentQueue`1[T] incomingQueue, System.Threading.CancellationToken token) [0x000b2] in <34d69507a0c34618b01cadecb365fdd8>:0 
Connection to 0.35,0.8,0:10000 failed - System.Net.Sockets.SocketException (0x80004005): Could not resolve host '0.35,0.8,0'
  at System.Net.Dns.Error_11001 (System.String hostName) [0x00015] in <b6d85684387445d1bc2505c6de8fed9f>:0 
  at System.Net.Dns.GetHostByName (System.String hostName) [0x00021] in <b6d85684387445d1bc2505c6de8fed9f>:0 
  at System.Net.Dns.GetHostEntry (System.String hostNameOrAddress) [0x00052] in <b6d85684387445d1bc2505c6de8fed9f>:0 
  at System.Net.Dns.GetHostAddresses (System.String hostNameOrAddress) [0x00056] in <b6d85684387445d1bc2505c6de8fed9f>:0 
  at System.Net.Sockets.TcpClient.Connect (System.String hostname, System.Int32 port) [0x00053] in <b6d85684387445d1bc2505c6de8fed9f>:0 
  at Unity.Robotics.ROSTCPConnector.ROSConnection.ConnectionThread (System.String rosIPAddress, System.Int32 rosPort, System.Single networkTimeoutSeconds, System.Single keepaliveTime, System.Int32 sleepMilliseconds, System.Action`1[T] OnConnectionStartedCallback, System.Action DeregisterAll, Unity.Robotics.ROSTCPConnector.ROSConnection+OutgoingMessageQueue outgoingQueue, System.Collections.Concurrent.ConcurrentQueue`1[T] incomingQueue, System.Threading.CancellationToken token) [0x000b2] in <34d69507a0c34618b01cadecb365fdd8>:0 
Connection to 0.35,0.8,0:10000 failed - System.Net.Sockets.SocketException (0x80004005): Could not resolve host '0.35,0.8,0'
  at System.Net.Dns.Error_11001 (System.String hostName) [0x00015] in <b6d85684387445d1bc2505c6de8fed9f>:0 
  at System.Net.Dns.GetHostByName (System.String hostName) [0x00021] in <b6d85684387445d1bc2505c6de8fed9f>:0 
  at System.Net.Dns.GetHostEntry (System.String hostNameOrAddress) [0x00052] in <b6d85684387445d1bc2505c6de8fed9f>:0 
  at System.Net.Dns.GetHostAddresses (System.String hostNameOrAddress) [0x00056] in <b6d85684387445d1bc2505c6de8fed9f>:0 
  at System.Net.Sockets.TcpClient.Connect (System.String hostname, System.Int32 port) [0x00053] in <b6d85684387445d1bc2505c6de8fed9f>:0 
  at Unity.Robotics.ROSTCPConnector.ROSConnection.ConnectionThread (System.String rosIPAddress, System.Int32 rosPort, System.Single networkTimeoutSeconds, System.Single keepaliveTime, System.Int32 sleepMilliseconds, System.Action`1[T] OnConnectionStartedCallback, System.Action DeregisterAll, Unity.Robotics.ROSTCPConnector.ROSConnection+OutgoingMessageQueue outgoingQueue, System.Collections.Concurrent.ConcurrentQueue`1[T] incomingQueue, System.Threading.CancellationToken token) [0x000b2] in <34d69507a0c34618b01cadecb365fdd8>:0 
Connection to 0.35,0.8,0:10000 failed - System.Net.Sockets.SocketException (0x80004005): Could not resolve host '0.35,0.8,0'
  at System.Net.Dns.Error_11001 (System.String hostName) [0x00015] in <b6d85684387445d1bc2505c6de8fed9f>:0 
  at System.Net.Dns.GetHostByName (System.String hostName) [0x00021] in <b6d85684387445d1bc2505c6de8fed9f>:0 
  at System.Net.Dns.GetHostEntry (System.String hostNameOrAddress) [0x00052] in <b6d85684387445d1bc2505c6de8fed9f>:0 
  at System.Net.Dns.GetHostAddresses (System.String hostNameOrAddress) [0x00056] in <b6d85684387445d1bc2505c6de8fed9f>:0 
  at System.Net.Sockets.TcpClient.Connect (System.String hostname, System.Int32 port) [0x00053] in <b6d85684387445d1bc2505c6de8fed9f>:0 
  at Unity.Robotics.ROSTCPConnector.ROSConnection.ConnectionThread (System.String rosIPAddress, System.Int32 rosPort, System.Single networkTimeoutSeconds, System.Single keepaliveTime, System.Int32 sleepMilliseconds, System.Action`1[T] OnConnectionStartedCallback, System.Action DeregisterAll, Unity.Robotics.ROSTCPConnector.ROSConnection+OutgoingMessageQueue outgoingQueue, System.Collections.Concurrent.ConcurrentQueue`1[T] incomingQueue, System.Threading.CancellationToken token) [0x000b2] in <34d69507a0c34618b01cadecb365fdd8>:0 
[DemoDirector] progress frame=330 captured=330 virtualTime=10.97s wall=20.6s lastCapture=58.8ms avgCapture=59.3ms worst=253.1ms
Connection to 0.35,0.8,0:10000 failed - System.Net.Sockets.SocketException (0x80004005): Could not resolve host '0.35,0.8,0'
  at System.Net.Dns.Error_11001 (System.String hostName) [0x00015] in <b6d85684387445d1bc2505c6de8fed9f>:0 
  at System.Net.Dns.GetHostByName (System.String hostName) [0x00021] in <b6d85684387445d1bc2505c6de8fed9f>:0 
  at System.Net.Dns.GetHostEntry (System.String hostNameOrAddress) [0x00052] in <b6d85684387445d1bc2505c6de8fed9f>:0 
  at System.Net.Dns.GetHostAddresses (System.String hostNameOrAddress) [0x00056] in <b6d85684387445d1bc2505c6de8fed9f>:0 
  at System.Net.Sockets.TcpClient.Connect (System.String hostname, System.Int32 port) [0x00053] in <b6d85684387445d1bc2505c6de8fed9f>:0 
  at Unity.Robotics.ROSTCPConnector.ROSConnection.ConnectionThread (System.String rosIPAddress, System.Int32 rosPort, System.Single networkTimeoutSeconds, System.Single keepaliveTime, System.Int32 sleepMilliseconds, System.Action`1[T] OnConnectionStartedCallback, System.Action DeregisterAll, Unity.Robotics.ROSTCPConnector.ROSConnection+OutgoingMessageQueue outgoingQueue, System.Collections.Concurrent.ConcurrentQueue`1[T] incomingQueue, System.Threading.CancellationToken token) [0x000b2] in <34d69507a0c34618b01cadecb365fdd8>:0 
Connection to 0.35,0.8,0:10000 failed - System.Net.Sockets.SocketException (0x80004005): Could not resolve host '0.35,0.8,0'
  at System.Net.Dns.Error_11001 (System.String hostName) [0x00015] in <b6d85684387445d1bc2505c6de8fed9f>:0 
  at System.Net.Dns.GetHostByName (System.String hostName) [0x00021] in <b6d85684387445d1bc2505c6de8fed9f>:0 
  at System.Net.Dns.GetHostEntry (System.String hostNameOrAddress) [0x00052] in <b6d85684387445d1bc2505c6de8fed9f>:0 
  at System.Net.Dns.GetHostAddresses (System.String hostNameOrAddress) [0x00056] in <b6d85684387445d1bc2505c6de8fed9f>:0 
  at System.Net.Sockets.TcpClient.Connect (System.String hostname, System.Int32 port) [0x00053] in <b6d85684387445d1bc2505c6de8fed9f>:0 
  at Unity.Robotics.ROSTCPConnector.ROSConnection.ConnectionThread (System.String rosIPAddress, System.Int32 rosPort, System.Single networkTimeoutSeconds, System.Single keepaliveTime, System.Int32 sleepMilliseconds, System.Action`1[T] OnConnectionStartedCallback, System.Action DeregisterAll, Unity.Robotics.ROSTCPConnector.ROSConnection+OutgoingMessageQueue outgoingQueue, System.Collections.Concurrent.ConcurrentQueue`1[T] incomingQueue, System.Threading.CancellationToken token) [0x000b2] in <34d69507a0c34618b01cadecb365fdd8>:0 
Connection to 0.35,0.8,0:10000 failed - System.Net.Sockets.SocketException (0x80004005): Could not resolve host '0.35,0.8,0'
  at System.Net.Dns.Error_11001 (System.String hostName) [0x00015] in <b6d85684387445d1bc2505c6de8fed9f>:0 
  at System.Net.Dns.GetHostByName (System.String hostName) [0x00021] in <b6d85684387445d1bc2505c6de8fed9f>:0 
  at System.Net.Dns.GetHostEntry (System.String hostNameOrAddress) [0x00052] in <b6d85684387445d1bc2505c6de8fed9f>:0 
  at System.Net.Dns.GetHostAddresses (System.String hostNameOrAddress) [0x00056] in <b6d85684387445d1bc2505c6de8fed9f>:0 
  at System.Net.Sockets.TcpClient.Connect (System.String hostname, System.Int32 port) [0x00053] in <b6d85684387445d1bc2505c6de8fed9f>:0 
  at Unity.Robotics.ROSTCPConnector.ROSConnection.ConnectionThread (System.String rosIPAddress, System.Int32 rosPort, System.Single networkTimeoutSeconds, System.Single keepaliveTime, System.Int32 sleepMilliseconds, System.Action`1[T] OnConnectionStartedCallback, System.Action DeregisterAll, Unity.Robotics.ROSTCPConnector.ROSConnection+OutgoingMessageQueue outgoingQueue, System.Collections.Concurrent.ConcurrentQueue`1[T] incomingQueue, System.Threading.CancellationToken token) [0x000b2] in <34d69507a0c34618b01cadecb365fdd8>:0 
[DemoDirector] progress frame=360 captured=360 virtualTime=11.97s wall=22.4s lastCapture=55.5ms avgCapture=59.1ms worst=253.1ms
Connection to 0.35,0.8,0:10000 failed - System.Net.Sockets.SocketException (0x80004005): Could not resolve host '0.35,0.8,0'
  at System.Net.Dns.Error_11001 (System.String hostName) [0x00015] in <b6d85684387445d1bc2505c6de8fed9f>:0 
  at System.Net.Dns.GetHostByName (System.String hostName) [0x00021] in <b6d85684387445d1bc2505c6de8fed9f>:0 
  at System.Net.Dns.GetHostEntry (System.String hostNameOrAddress) [0x00052] in <b6d85684387445d1bc2505c6de8fed9f>:0 
  at System.Net.Dns.GetHostAddresses (System.String hostNameOrAddress) [0x00056] in <b6d85684387445d1bc2505c6de8fed9f>:0 
  at System.Net.Sockets.TcpClient.Connect (System.String hostname, System.Int32 port) [0x00053] in <b6d85684387445d1bc2505c6de8fed9f>:0 
  at Unity.Robotics.ROSTCPConnector.ROSConnection.ConnectionThread (System.String rosIPAddress, System.Int32 rosPort, System.Single networkTimeoutSeconds, System.Single keepaliveTime, System.Int32 sleepMilliseconds, System.Action`1[T] OnConnectionStartedCallback, System.Action DeregisterAll, Unity.Robotics.ROSTCPConnector.ROSConnection+OutgoingMessageQueue outgoingQueue, System.Collections.Concurrent.ConcurrentQueue`1[T] incomingQueue, System.Threading.CancellationToken token) [0x000b2] in <34d69507a0c34618b01cadecb365fdd8>:0 
Connection to 0.35,0.8,0:10000 failed - System.Net.Sockets.SocketException (0x80004005): Could not resolve host '0.35,0.8,0'
  at System.Net.Dns.Error_11001 (System.String hostName) [0x00015] in <b6d85684387445d1bc2505c6de8fed9f>:0 
  at System.Net.Dns.GetHostByName (System.String hostName) [0x00021] in <b6d85684387445d1bc2505c6de8fed9f>:0 
  at System.Net.Dns.GetHostEntry (System.String hostNameOrAddress) [0x00052] in <b6d85684387445d1bc2505c6de8fed9f>:0 
  at System.Net.Dns.GetHostAddresses (System.String hostNameOrAddress) [0x00056] in <b6d85684387445d1bc2505c6de8fed9f>:0 
  at System.Net.Sockets.TcpClient.Connect (System.String hostname, System.Int32 port) [0x00053] in <b6d85684387445d1bc2505c6de8fed9f>:0 
  at Unity.Robotics.ROSTCPConnector.ROSConnection.ConnectionThread (System.String rosIPAddress, System.Int32 rosPort, System.Single networkTimeoutSeconds, System.Single keepaliveTime, System.Int32 sleepMilliseconds, System.Action`1[T] OnConnectionStartedCallback, System.Action DeregisterAll, Unity.Robotics.ROSTCPConnector.ROSConnection+OutgoingMessageQueue outgoingQueue, System.Collections.Concurrent.ConcurrentQueue`1[T] incomingQueue, System.Threading.CancellationToken token) [0x000b2] in <34d69507a0c34618b01cadecb365fdd8>:0 
Connection to 0.35,0.8,0:10000 failed - System.Net.Sockets.SocketException (0x80004005): Could not resolve host '0.35,0.8,0'
  at System.Net.Dns.Error_11001 (System.String hostName) [0x00015] in <b6d85684387445d1bc2505c6de8fed9f>:0 
  at System.Net.Dns.GetHostByName (System.String hostName) [0x00021] in <b6d85684387445d1bc2505c6de8fed9f>:0 
  at System.Net.Dns.GetHostEntry (System.String hostNameOrAddress) [0x00052] in <b6d85684387445d1bc2505c6de8fed9f>:0 
  at System.Net.Dns.GetHostAddresses (System.String hostNameOrAddress) [0x00056] in <b6d85684387445d1bc2505c6de8fed9f>:0 
  at System.Net.Sockets.TcpClient.Connect (System.String hostname, System.Int32 port) [0x00053] in <b6d85684387445d1bc2505c6de8fed9f>:0 
  at Unity.Robotics.ROSTCPConnector.ROSConnection.ConnectionThread (System.String rosIPAddress, System.Int32 rosPort, System.Single networkTimeoutSeconds, System.Single keepaliveTime, System.Int32 sleepMilliseconds, System.Action`1[T] OnConnectionStartedCallback, System.Action DeregisterAll, Unity.Robotics.ROSTCPConnector.ROSConnection+OutgoingMessageQueue outgoingQueue, System.Collections.Concurrent.ConcurrentQueue`1[T] incomingQueue, System.Threading.CancellationToken token) [0x000b2] in <34d69507a0c34618b01cadecb365fdd8>:0 
[DebrisSpawner] frozen 60 pieces (0 discarded below the ground)
Connection to 0.35,0.8,0:10000 failed - System.Net.Sockets.SocketException (0x80004005): Could not resolve host '0.35,0.8,0'
  at System.Net.Dns.Error_11001 (System.String hostName) [0x00015] in <b6d85684387445d1bc2505c6de8fed9f>:0 
  at System.Net.Dns.GetHostByName (System.String hostName) [0x00021] in <b6d85684387445d1bc2505c6de8fed9f>:0 
  at System.Net.Dns.GetHostEntry (System.String hostNameOrAddress) [0x00052] in <b6d85684387445d1bc2505c6de8fed9f>:0 
  at System.Net.Dns.GetHostAddresses (System.String hostNameOrAddress) [0x00056] in <b6d85684387445d1bc2505c6de8fed9f>:0 
  at System.Net.Sockets.TcpClient.Connect (System.String hostname, System.Int32 port) [0x00053] in <b6d85684387445d1bc2505c6de8fed9f>:0 
  at Unity.Robotics.ROSTCPConnector.ROSConnection.ConnectionThread (System.String rosIPAddress, System.Int32 rosPort, System.Single networkTimeoutSeconds, System.Single keepaliveTime, System.Int32 sleepMilliseconds, System.Action`1[T] OnConnectionStartedCallback, System.Action DeregisterAll, Unity.Robotics.ROSTCPConnector.ROSConnection+OutgoingMessageQueue outgoingQueue, System.Collections.Concurrent.ConcurrentQueue`1[T] incomingQueue, System.Threading.CancellationToken token) [0x000b2] in <34d69507a0c34618b01cadecb365fdd8>:0 
Connection to 0.35,0.8,0:10000 failed - System.Net.Sockets.SocketException (0x80004005): Could not resolve host '0.35,0.8,0'
  at System.Net.Dns.Error_11001 (System.String hostName) [0x00015] in <b6d85684387445d1bc2505c6de8fed9f>:0 
  at System.Net.Dns.GetHostByName (System.String hostName) [0x00021] in <b6d85684387445d1bc2505c6de8fed9f>:0 
  at System.Net.Dns.GetHostEntry (System.String hostNameOrAddress) [0x00052] in <b6d85684387445d1bc2505c6de8fed9f>:0 
  at System.Net.Dns.GetHostAddresses (System.String hostNameOrAddress) [0x00056] in <b6d85684387445d1bc2505c6de8fed9f>:0 
  at System.Net.Sockets.TcpClient.Connect (System.String hostname, System.Int32 port) [0x00053] in <b6d85684387445d1bc2505c6de8fed9f>:0 
  at Unity.Robotics.ROSTCPConnector.ROSConnection.ConnectionThread (System.String rosIPAddress, System.Int32 rosPort, System.Single networkTimeoutSeconds, System.Single keepaliveTime, System.Int32 sleepMilliseconds, System.Action`1[T] OnConnectionStartedCallback, System.Action DeregisterAll, Unity.Robotics.ROSTCPConnector.ROSConnection+OutgoingMessageQueue outgoingQueue, System.Collections.Concurrent.ConcurrentQueue`1[T] incomingQueue, System.Threading.CancellationToken token) [0x000b2] in <34d69507a0c34618b01cadecb365fdd8>:0 
Connection to 0.35,0.8,0:10000 failed - System.Net.Sockets.SocketException (0x80004005): Could not resolve host '0.35,0.8,0'
  at System.Net.Dns.Error_11001 (System.String hostName) [0x00015] in <b6d85684387445d1bc2505c6de8fed9f>:0 
  at System.Net.Dns.GetHostByName (System.String hostName) [0x00021] in <b6d85684387445d1bc2505c6de8fed9f>:0 
  at System.Net.Dns.GetHostEntry (System.String hostNameOrAddress) [0x00052] in <b6d85684387445d1bc2505c6de8fed9f>:0 
  at System.Net.Dns.GetHostAddresses (System.String hostNameOrAddress) [0x00056] in <b6d85684387445d1bc2505c6de8fed9f>:0 
  at System.Net.Sockets.TcpClient.Connect (System.String hostname, System.Int32 port) [0x00053] in <b6d85684387445d1bc2505c6de8fed9f>:0 
  at Unity.Robotics.ROSTCPConnector.ROSConnection.ConnectionThread (System.String rosIPAddress, System.Int32 rosPort, System.Single networkTimeoutSeconds, System.Single keepaliveTime, System.Int32 sleepMilliseconds, System.Action`1[T] OnConnectionStartedCallback, System.Action DeregisterAll, Unity.Robotics.ROSTCPConnector.ROSConnection+OutgoingMessageQueue outgoingQueue, System.Collections.Concurrent.ConcurrentQueue`1[T] incomingQueue, System.Threading.CancellationToken token) [0x000b2] in <34d69507a0c34618b01cadecb365fdd8>:0 
[DemoDirector] progress frame=390 captured=390 virtualTime=12.97s wall=24.1s lastCapture=54.7ms avgCapture=58.9ms worst=253.1ms
Connection to 0.35,0.8,0:10000 failed - System.Net.Sockets.SocketException (0x80004005): Could not resolve host '0.35,0.8,0'
  at System.Net.Dns.Error_11001 (System.String hostName) [0x00015] in <b6d85684387445d1bc2505c6de8fed9f>:0 
  at System.Net.Dns.GetHostByName (System.String hostName) [0x00021] in <b6d85684387445d1bc2505c6de8fed9f>:0 
  at System.Net.Dns.GetHostEntry (System.String hostNameOrAddress) [0x00052] in <b6d85684387445d1bc2505c6de8fed9f>:0 
  at System.Net.Dns.GetHostAddresses (System.String hostNameOrAddress) [0x00056] in <b6d85684387445d1bc2505c6de8fed9f>:0 
  at System.Net.Sockets.TcpClient.Connect (System.String hostname, System.Int32 port) [0x00053] in <b6d85684387445d1bc2505c6de8fed9f>:0 
  at Unity.Robotics.ROSTCPConnector.ROSConnection.ConnectionThread (System.String rosIPAddress, System.Int32 rosPort, System.Single networkTimeoutSeconds, System.Single keepaliveTime, System.Int32 sleepMilliseconds, System.Action`1[T] OnConnectionStartedCallback, System.Action DeregisterAll, Unity.Robotics.ROSTCPConnector.ROSConnection+OutgoingMessageQueue outgoingQueue, System.Collections.Concurrent.ConcurrentQueue`1[T] incomingQueue, System.Threading.CancellationToken token) [0x000b2] in <34d69507a0c34618b01cadecb365fdd8>:0 
Connection to 0.35,0.8,0:10000 failed - System.Net.Sockets.SocketException (0x80004005): Could not resolve host '0.35,0.8,0'
  at System.Net.Dns.Error_11001 (System.String hostName) [0x00015] in <b6d85684387445d1bc2505c6de8fed9f>:0 
  at System.Net.Dns.GetHostByName (System.String hostName) [0x00021] in <b6d85684387445d1bc2505c6de8fed9f>:0 
  at System.Net.Dns.GetHostEntry (System.String hostNameOrAddress) [0x00052] in <b6d85684387445d1bc2505c6de8fed9f>:0 
  at System.Net.Dns.GetHostAddresses (System.String hostNameOrAddress) [0x00056] in <b6d85684387445d1bc2505c6de8fed9f>:0 
  at System.Net.Sockets.TcpClient.Connect (System.String hostname, System.Int32 port) [0x00053] in <b6d85684387445d1bc2505c6de8fed9f>:0 
  at Unity.Robotics.ROSTCPConnector.ROSConnection.ConnectionThread (System.String rosIPAddress, System.Int32 rosPort, System.Single networkTimeoutSeconds, System.Single keepaliveTime, System.Int32 sleepMilliseconds, System.Action`1[T] OnConnectionStartedCallback, System.Action DeregisterAll, Unity.Robotics.ROSTCPConnector.ROSConnection+OutgoingMessageQueue outgoingQueue, System.Collections.Concurrent.ConcurrentQueue`1[T] incomingQueue, System.Threading.CancellationToken token) [0x000b2] in <34d69507a0c34618b01cadecb365fdd8>:0 
Connection to 0.35,0.8,0:10000 failed - System.Net.Sockets.SocketException (0x80004005): Could not resolve host '0.35,0.8,0'
  at System.Net.Dns.Error_11001 (System.String hostName) [0x00015] in <b6d85684387445d1bc2505c6de8fed9f>:0 
  at System.Net.Dns.GetHostByName (System.String hostName) [0x00021] in <b6d85684387445d1bc2505c6de8fed9f>:0 
  at System.Net.Dns.GetHostEntry (System.String hostNameOrAddress) [0x00052] in <b6d85684387445d1bc2505c6de8fed9f>:0 
  at System.Net.Dns.GetHostAddresses (System.String hostNameOrAddress) [0x00056] in <b6d85684387445d1bc2505c6de8fed9f>:0 
  at System.Net.Sockets.TcpClient.Connect (System.String hostname, System.Int32 port) [0x00053] in <b6d85684387445d1bc2505c6de8fed9f>:0 
  at Unity.Robotics.ROSTCPConnector.ROSConnection.ConnectionThread (System.String rosIPAddress, System.Int32 rosPort, System.Single networkTimeoutSeconds, System.Single keepaliveTime, System.Int32 sleepMilliseconds, System.Action`1[T] OnConnectionStartedCallback, System.Action DeregisterAll, Unity.Robotics.ROSTCPConnector.ROSConnection+OutgoingMessageQueue outgoingQueue, System.Collections.Concurrent.ConcurrentQueue`1[T] incomingQueue, System.Threading.CancellationToken token) [0x000b2] in <34d69507a0c34618b01cadecb365fdd8>:0 
Connection to 0.35,0.8,0:10000 failed - System.Net.Sockets.SocketException (0x80004005): Could not resolve host '0.35,0.8,0'
  at System.Net.Dns.Error_11001 (System.String hostName) [0x00015] in <b6d85684387445d1bc2505c6de8fed9f>:0 
  at System.Net.Dns.GetHostByName (System.String hostName) [0x00021] in <b6d85684387445d1bc2505c6de8fed9f>:0 
  at System.Net.Dns.GetHostEntry (System.String hostNameOrAddress) [0x00052] in <b6d85684387445d1bc2505c6de8fed9f>:0 
  at System.Net.Dns.GetHostAddresses (System.String hostNameOrAddress) [0x00056] in <b6d85684387445d1bc2505c6de8fed9f>:0 
  at System.Net.Sockets.TcpClient.Connect (System.String hostname, System.Int32 port) [0x00053] in <b6d85684387445d1bc2505c6de8fed9f>:0 
  at Unity.Robotics.ROSTCPConnector.ROSConnection.ConnectionThread (System.String rosIPAddress, System.Int32 rosPort, System.Single networkTimeoutSeconds, System.Single keepaliveTime, System.Int32 sleepMilliseconds, System.Action`1[T] OnConnectionStartedCallback, System.Action DeregisterAll, Unity.Robotics.ROSTCPConnector.ROSConnection+OutgoingMessageQueue outgoingQueue, System.Collections.Concurrent.ConcurrentQueue`1[T] incomingQueue, System.Threading.CancellationToken token) [0x000b2] in <34d69507a0c34618b01cadecb365fdd8>:0 
Connection to 0.35,0.8,0:10000 failed - System.Net.Sockets.SocketException (0x80004005): Could not resolve host '0.35,0.8,0'
  at System.Net.Dns.Error_11001 (System.String hostName) [0x00015] in <b6d85684387445d1bc2505c6de8fed9f>:0 
  at System.Net.Dns.GetHostByName (System.String hostName) [0x00021] in <b6d85684387445d1bc2505c6de8fed9f>:0 
  at System.Net.Dns.GetHostEntry (System.String hostNameOrAddress) [0x00052] in <b6d85684387445d1bc2505c6de8fed9f>:0 
  at System.Net.Dns.GetHostAddresses (System.String hostNameOrAddress) [0x00056] in <b6d85684387445d1bc2505c6de8fed9f>:0 
  at System.Net.Sockets.TcpClient.Connect (System.String hostname, System.Int32 port) [0x00053] in <b6d85684387445d1bc2505c6de8fed9f>:0 
  at Unity.Robotics.ROSTCPConnector.ROSConnection.ConnectionThread (System.String rosIPAddress, System.Int32 rosPort, System.Single networkTimeoutSeconds, System.Single keepaliveTime, System.Int32 sleepMilliseconds, System.Action`1[T] OnConnectionStartedCallback, System.Action DeregisterAll, Unity.Robotics.ROSTCPConnector.ROSConnection+OutgoingMessageQueue outgoingQueue, System.Collections.Concurrent.ConcurrentQueue`1[T] incomingQueue, System.Threading.CancellationToken token) [0x000b2] in <34d69507a0c34618b01cadecb365fdd8>:0 
Connection to 0.35,0.8,0:10000 failed - System.Net.Sockets.SocketException (0x80004005): Could not resolve host '0.35,0.8,0'
  at System.Net.Dns.Error_11001 (System.String hostName) [0x00015] in <b6d85684387445d1bc2505c6de8fed9f>:0 
  at System.Net.Dns.GetHostByName (System.String hostName) [0x00021] in <b6d85684387445d1bc2505c6de8fed9f>:0 
  at System.Net.Dns.GetHostEntry (System.String hostNameOrAddress) [0x00052] in <b6d85684387445d1bc2505c6de8fed9f>:0 
  at System.Net.Dns.GetHostAddresses (System.String hostNameOrAddress) [0x00056] in <b6d85684387445d1bc2505c6de8fed9f>:0 
  at System.Net.Sockets.TcpClient.Connect (System.String hostname, System.Int32 port) [0x00053] in <b6d85684387445d1bc2505c6de8fed9f>:0 
  at Unity.Robotics.ROSTCPConnector.ROSConnection.ConnectionThread (System.String rosIPAddress, System.Int32 rosPort, System.Single networkTimeoutSeconds, System.Single keepaliveTime, System.Int32 sleepMilliseconds, System.Action`1[T] OnConnectionStartedCallback, System.Action DeregisterAll, Unity.Robotics.ROSTCPConnector.ROSConnection+OutgoingMessageQueue outgoingQueue, System.Collections.Concurrent.ConcurrentQueue`1[T] incomingQueue, System.Threading.CancellationToken token) [0x000b2] in <34d69507a0c34618b01cadecb365fdd8>:0 
[DemoDirector] progress frame=420 captured=420 virtualTime=13.97s wall=25.9s lastCapture=54.6ms avgCapture=58.8ms worst=253.1ms
Connection to 0.35,0.8,0:10000 failed - System.Net.Sockets.SocketException (0x80004005): Could not resolve host '0.35,0.8,0'
  at System.Net.Dns.Error_11001 (System.String hostName) [0x00015] in <b6d85684387445d1bc2505c6de8fed9f>:0 
  at System.Net.Dns.GetHostByName (System.String hostName) [0x00021] in <b6d85684387445d1bc2505c6de8fed9f>:0 
  at System.Net.Dns.GetHostEntry (System.String hostNameOrAddress) [0x00052] in <b6d85684387445d1bc2505c6de8fed9f>:0 
  at System.Net.Dns.GetHostAddresses (System.String hostNameOrAddress) [0x00056] in <b6d85684387445d1bc2505c6de8fed9f>:0 
  at System.Net.Sockets.TcpClient.Connect (System.String hostname, System.Int32 port) [0x00053] in <b6d85684387445d1bc2505c6de8fed9f>:0 
  at Unity.Robotics.ROSTCPConnector.ROSConnection.ConnectionThread (System.String rosIPAddress, System.Int32 rosPort, System.Single networkTimeoutSeconds, System.Single keepaliveTime, System.Int32 sleepMilliseconds, System.Action`1[T] OnConnectionStartedCallback, System.Action DeregisterAll, Unity.Robotics.ROSTCPConnector.ROSConnection+OutgoingMessageQueue outgoingQueue, System.Collections.Concurrent.ConcurrentQueue`1[T] incomingQueue, System.Threading.CancellationToken token) [0x000b2] in <34d69507a0c34618b01cadecb365fdd8>:0 
Connection to 0.35,0.8,0:10000 failed - System.Net.Sockets.SocketException (0x80004005): Could not resolve host '0.35,0.8,0'
  at System.Net.Dns.Error_11001 (System.String hostName) [0x00015] in <b6d85684387445d1bc2505c6de8fed9f>:0 
  at System.Net.Dns.GetHostByName (System.String hostName) [0x00021] in <b6d85684387445d1bc2505c6de8fed9f>:0 
  at System.Net.Dns.GetHostEntry (System.String hostNameOrAddress) [0x00052] in <b6d85684387445d1bc2505c6de8fed9f>:0 
  at System.Net.Dns.GetHostAddresses (System.String hostNameOrAddress) [0x00056] in <b6d85684387445d1bc2505c6de8fed9f>:0 
  at System.Net.Sockets.TcpClient.Connect (System.String hostname, System.Int32 port) [0x00053] in <b6d85684387445d1bc2505c6de8fed9f>:0 
  at Unity.Robotics.ROSTCPConnector.ROSConnection.ConnectionThread (System.String rosIPAddress, System.Int32 rosPort, System.Single networkTimeoutSeconds, System.Single keepaliveTime, System.Int32 sleepMilliseconds, System.Action`1[T] OnConnectionStartedCallback, System.Action DeregisterAll, Unity.Robotics.ROSTCPConnector.ROSConnection+OutgoingMessageQueue outgoingQueue, System.Collections.Concurrent.ConcurrentQueue`1[T] incomingQueue, System.Threading.CancellationToken token) [0x000b2] in <34d69507a0c34618b01cadecb365fdd8>:0 
Connection to 0.35,0.8,0:10000 failed - System.Net.Sockets.SocketException (0x80004005): Could not resolve host '0.35,0.8,0'
  at System.Net.Dns.Error_11001 (System.String hostName) [0x00015] in <b6d85684387445d1bc2505c6de8fed9f>:0 
  at System.Net.Dns.GetHostByName (System.String hostName) [0x00021] in <b6d85684387445d1bc2505c6de8fed9f>:0 
  at System.Net.Dns.GetHostEntry (System.String hostNameOrAddress) [0x00052] in <b6d85684387445d1bc2505c6de8fed9f>:0 
  at System.Net.Dns.GetHostAddresses (System.String hostNameOrAddress) [0x00056] in <b6d85684387445d1bc2505c6de8fed9f>:0 
  at System.Net.Sockets.TcpClient.Connect (System.String hostname, System.Int32 port) [0x00053] in <b6d85684387445d1bc2505c6de8fed9f>:0 
  at Unity.Robotics.ROSTCPConnector.ROSConnection.ConnectionThread (System.String rosIPAddress, System.Int32 rosPort, System.Single networkTimeoutSeconds, System.Single keepaliveTime, System.Int32 sleepMilliseconds, System.Action`1[T] OnConnectionStartedCallback, System.Action DeregisterAll, Unity.Robotics.ROSTCPConnector.ROSConnection+OutgoingMessageQueue outgoingQueue, System.Collections.Concurrent.ConcurrentQueue`1[T] incomingQueue, System.Threading.CancellationToken token) [0x000b2] in <34d69507a0c34618b01cadecb365fdd8>:0 
Connection to 0.35,0.8,0:10000 failed - System.Net.Sockets.SocketException (0x80004005): Could not resolve host '0.35,0.8,0'
  at System.Net.Dns.Error_11001 (System.String hostName) [0x00015] in <b6d85684387445d1bc2505c6de8fed9f>:0 
  at System.Net.Dns.GetHostByName (System.String hostName) [0x00021] in <b6d85684387445d1bc2505c6de8fed9f>:0 
  at System.Net.Dns.GetHostEntry (System.String hostNameOrAddress) [0x00052] in <b6d85684387445d1bc2505c6de8fed9f>:0 
  at System.Net.Dns.GetHostAddresses (System.String hostNameOrAddress) [0x00056] in <b6d85684387445d1bc2505c6de8fed9f>:0 
  at System.Net.Sockets.TcpClient.Connect (System.String hostname, System.Int32 port) [0x00053] in <b6d85684387445d1bc2505c6de8fed9f>:0 
  at Unity.Robotics.ROSTCPConnector.ROSConnection.ConnectionThread (System.String rosIPAddress, System.Int32 rosPort, System.Single networkTimeoutSeconds, System.Single keepaliveTime, System.Int32 sleepMilliseconds, System.Action`1[T] OnConnectionStartedCallback, System.Action DeregisterAll, Unity.Robotics.ROSTCPConnector.ROSConnection+OutgoingMessageQueue outgoingQueue, System.Collections.Concurrent.ConcurrentQueue`1[T] incomingQueue, System.Threading.CancellationToken token) [0x000b2] in <34d69507a0c34618b01cadecb365fdd8>:0 
Connection to 0.35,0.8,0:10000 failed - System.Net.Sockets.SocketException (0x80004005): Could not resolve host '0.35,0.8,0'
  at System.Net.Dns.Error_11001 (System.String hostName) [0x00015] in <b6d85684387445d1bc2505c6de8fed9f>:0 
  at System.Net.Dns.GetHostByName (System.String hostName) [0x00021] in <b6d85684387445d1bc2505c6de8fed9f>:0 
  at System.Net.Dns.GetHostEntry (System.String hostNameOrAddress) [0x00052] in <b6d85684387445d1bc2505c6de8fed9f>:0 
  at System.Net.Dns.GetHostAddresses (System.String hostNameOrAddress) [0x00056] in <b6d85684387445d1bc2505c6de8fed9f>:0 
  at System.Net.Sockets.TcpClient.Connect (System.String hostname, System.Int32 port) [0x00053] in <b6d85684387445d1bc2505c6de8fed9f>:0 
  at Unity.Robotics.ROSTCPConnector.ROSConnection.ConnectionThread (System.String rosIPAddress, System.Int32 rosPort, System.Single networkTimeoutSeconds, System.Single keepaliveTime, System.Int32 sleepMilliseconds, System.Action`1[T] OnConnectionStartedCallback, System.Action DeregisterAll, Unity.Robotics.ROSTCPConnector.ROSConnection+OutgoingMessageQueue outgoingQueue, System.Collections.Concurrent.ConcurrentQueue`1[T] incomingQueue, System.Threading.CancellationToken token) [0x000b2] in <34d69507a0c34618b01cadecb365fdd8>:0 
Connection to 0.35,0.8,0:10000 failed - System.Net.Sockets.SocketException (0x80004005): Could not resolve host '0.35,0.8,0'
  at System.Net.Dns.Error_11001 (System.String hostName) [0x00015] in <b6d85684387445d1bc2505c6de8fed9f>:0 
  at System.Net.Dns.GetHostByName (System.String hostName) [0x00021] in <b6d85684387445d1bc2505c6de8fed9f>:0 
  at System.Net.Dns.GetHostEntry (System.String hostNameOrAddress) [0x00052] in <b6d85684387445d1bc2505c6de8fed9f>:0 
  at System.Net.Dns.GetHostAddresses (System.String hostNameOrAddress) [0x00056] in <b6d85684387445d1bc2505c6de8fed9f>:0 
  at System.Net.Sockets.TcpClient.Connect (System.String hostname, System.Int32 port) [0x00053] in <b6d85684387445d1bc2505c6de8fed9f>:0 
  at Unity.Robotics.ROSTCPConnector.ROSConnection.ConnectionThread (System.String rosIPAddress, System.Int32 rosPort, System.Single networkTimeoutSeconds, System.Single keepaliveTime, System.Int32 sleepMilliseconds, System.Action`1[T] OnConnectionStartedCallback, System.Action DeregisterAll, Unity.Robotics.ROSTCPConnector.ROSConnection+OutgoingMessageQueue outgoingQueue, System.Collections.Concurrent.ConcurrentQueue`1[T] incomingQueue, System.Threading.CancellationToken token) [0x000b2] in <34d69507a0c34618b01cadecb365fdd8>:0 
[DemoDirector] progress frame=450 captured=450 virtualTime=14.97s wall=27.6s lastCapture=58.0ms avgCapture=58.6ms worst=253.1ms
Connection to 0.35,0.8,0:10000 failed - System.Net.Sockets.SocketException (0x80004005): Could not resolve host '0.35,0.8,0'
  at System.Net.Dns.Error_11001 (System.String hostName) [0x00015] in <b6d85684387445d1bc2505c6de8fed9f>:0 
  at System.Net.Dns.GetHostByName (System.String hostName) [0x00021] in <b6d85684387445d1bc2505c6de8fed9f>:0 
  at System.Net.Dns.GetHostEntry (System.String hostNameOrAddress) [0x00052] in <b6d85684387445d1bc2505c6de8fed9f>:0 
  at System.Net.Dns.GetHostAddresses (System.String hostNameOrAddress) [0x00056] in <b6d85684387445d1bc2505c6de8fed9f>:0 
  at System.Net.Sockets.TcpClient.Connect (System.String hostname, System.Int32 port) [0x00053] in <b6d85684387445d1bc2505c6de8fed9f>:0 
  at Unity.Robotics.ROSTCPConnector.ROSConnection.ConnectionThread (System.String rosIPAddress, System.Int32 rosPort, System.Single networkTimeoutSeconds, System.Single keepaliveTime, System.Int32 sleepMilliseconds, System.Action`1[T] OnConnectionStartedCallback, System.Action DeregisterAll, Unity.Robotics.ROSTCPConnector.ROSConnection+OutgoingMessageQueue outgoingQueue, System.Collections.Concurrent.ConcurrentQueue`1[T] incomingQueue, System.Threading.CancellationToken token) [0x000b2] in <34d69507a0c34618b01cadecb365fdd8>:0 
Connection to 0.35,0.8,0:10000 failed - System.Net.Sockets.SocketException (0x80004005): Could not resolve host '0.35,0.8,0'
  at System.Net.Dns.Error_11001 (System.String hostName) [0x00015] in <b6d85684387445d1bc2505c6de8fed9f>:0 
  at System.Net.Dns.GetHostByName (System.String hostName) [0x00021] in <b6d85684387445d1bc2505c6de8fed9f>:0 
  at System.Net.Dns.GetHostEntry (System.String hostNameOrAddress) [0x00052] in <b6d85684387445d1bc2505c6de8fed9f>:0 
  at System.Net.Dns.GetHostAddresses (System.String hostNameOrAddress) [0x00056] in <b6d85684387445d1bc2505c6de8fed9f>:0 
  at System.Net.Sockets.TcpClient.Connect (System.String hostname, System.Int32 port) [0x00053] in <b6d85684387445d1bc2505c6de8fed9f>:0 
  at Unity.Robotics.ROSTCPConnector.ROSConnection.ConnectionThread (System.String rosIPAddress, System.Int32 rosPort, System.Single networkTimeoutSeconds, System.Single keepaliveTime, System.Int32 sleepMilliseconds, System.Action`1[T] OnConnectionStartedCallback, System.Action DeregisterAll, Unity.Robotics.ROSTCPConnector.ROSConnection+OutgoingMessageQueue outgoingQueue, System.Collections.Concurrent.ConcurrentQueue`1[T] incomingQueue, System.Threading.CancellationToken token) [0x000b2] in <34d69507a0c34618b01cadecb365fdd8>:0 
Connection to 0.35,0.8,0:10000 failed - System.Net.Sockets.SocketException (0x80004005): Could not resolve host '0.35,0.8,0'
  at System.Net.Dns.Error_11001 (System.String hostName) [0x00015] in <b6d85684387445d1bc2505c6de8fed9f>:0 
  at System.Net.Dns.GetHostByName (System.String hostName) [0x00021] in <b6d85684387445d1bc2505c6de8fed9f>:0 
  at System.Net.Dns.GetHostEntry (System.String hostNameOrAddress) [0x00052] in <b6d85684387445d1bc2505c6de8fed9f>:0 
  at System.Net.Dns.GetHostAddresses (System.String hostNameOrAddress) [0x00056] in <b6d85684387445d1bc2505c6de8fed9f>:0 
  at System.Net.Sockets.TcpClient.Connect (System.String hostname, System.Int32 port) [0x00053] in <b6d85684387445d1bc2505c6de8fed9f>:0 
  at Unity.Robotics.ROSTCPConnector.ROSConnection.ConnectionThread (System.String rosIPAddress, System.Int32 rosPort, System.Single networkTimeoutSeconds, System.Single keepaliveTime, System.Int32 sleepMilliseconds, System.Action`1[T] OnConnectionStartedCallback, System.Action DeregisterAll, Unity.Robotics.ROSTCPConnector.ROSConnection+OutgoingMessageQueue outgoingQueue, System.Collections.Concurrent.ConcurrentQueue`1[T] incomingQueue, System.Threading.CancellationToken token) [0x000b2] in <34d69507a0c34618b01cadecb365fdd8>:0 
[DemoDirector] progress frame=480 captured=480 virtualTime=15.97s wall=29.4s lastCapture=55.1ms avgCapture=58.6ms worst=253.1ms
Connection to 0.35,0.8,0:10000 failed - System.Net.Sockets.SocketException (0x80004005): Could not resolve host '0.35,0.8,0'
  at System.Net.Dns.Error_11001 (System.String hostName) [0x00015] in <b6d85684387445d1bc2505c6de8fed9f>:0 
  at System.Net.Dns.GetHostByName (System.String hostName) [0x00021] in <b6d85684387445d1bc2505c6de8fed9f>:0 
  at System.Net.Dns.GetHostEntry (System.String hostNameOrAddress) [0x00052] in <b6d85684387445d1bc2505c6de8fed9f>:0 
  at System.Net.Dns.GetHostAddresses (System.String hostNameOrAddress) [0x00056] in <b6d85684387445d1bc2505c6de8fed9f>:0 
  at System.Net.Sockets.TcpClient.Connect (System.String hostname, System.Int32 port) [0x00053] in <b6d85684387445d1bc2505c6de8fed9f>:0 
  at Unity.Robotics.ROSTCPConnector.ROSConnection.ConnectionThread (System.String rosIPAddress, System.Int32 rosPort, System.Single networkTimeoutSeconds, System.Single keepaliveTime, System.Int32 sleepMilliseconds, System.Action`1[T] OnConnectionStartedCallback, System.Action DeregisterAll, Unity.Robotics.ROSTCPConnector.ROSConnection+OutgoingMessageQueue outgoingQueue, System.Collections.Concurrent.ConcurrentQueue`1[T] incomingQueue, System.Threading.CancellationToken token) [0x000b2] in <34d69507a0c34618b01cadecb365fdd8>:0 
Connection to 0.35,0.8,0:10000 failed - System.Net.Sockets.SocketException (0x80004005): Could not resolve host '0.35,0.8,0'
  at System.Net.Dns.Error_11001 (System.String hostName) [0x00015] in <b6d85684387445d1bc2505c6de8fed9f>:0 
  at System.Net.Dns.GetHostByName (System.String hostName) [0x00021] in <b6d85684387445d1bc2505c6de8fed9f>:0 
  at System.Net.Dns.GetHostEntry (System.String hostNameOrAddress) [0x00052] in <b6d85684387445d1bc2505c6de8fed9f>:0 
  at System.Net.Dns.GetHostAddresses (System.String hostNameOrAddress) [0x00056] in <b6d85684387445d1bc2505c6de8fed9f>:0 
  at System.Net.Sockets.TcpClient.Connect (System.String hostname, System.Int32 port) [0x00053] in <b6d85684387445d1bc2505c6de8fed9f>:0 
  at Unity.Robotics.ROSTCPConnector.ROSConnection.ConnectionThread (System.String rosIPAddress, System.Int32 rosPort, System.Single networkTimeoutSeconds, System.Single keepaliveTime, System.Int32 sleepMilliseconds, System.Action`1[T] OnConnectionStartedCallback, System.Action DeregisterAll, Unity.Robotics.ROSTCPConnector.ROSConnection+OutgoingMessageQueue outgoingQueue, System.Collections.Concurrent.ConcurrentQueue`1[T] incomingQueue, System.Threading.CancellationToken token) [0x000b2] in <34d69507a0c34618b01cadecb365fdd8>:0 
Connection to 0.35,0.8,0:10000 failed - System.Net.Sockets.SocketException (0x80004005): Could not resolve host '0.35,0.8,0'
  at System.Net.Dns.Error_11001 (System.String hostName) [0x00015] in <b6d85684387445d1bc2505c6de8fed9f>:0 
  at System.Net.Dns.GetHostByName (System.String hostName) [0x00021] in <b6d85684387445d1bc2505c6de8fed9f>:0 
  at System.Net.Dns.GetHostEntry (System.String hostNameOrAddress) [0x00052] in <b6d85684387445d1bc2505c6de8fed9f>:0 
  at System.Net.Dns.GetHostAddresses (System.String hostNameOrAddress) [0x00056] in <b6d85684387445d1bc2505c6de8fed9f>:0 
  at System.Net.Sockets.TcpClient.Connect (System.String hostname, System.Int32 port) [0x00053] in <b6d85684387445d1bc2505c6de8fed9f>:0 
  at Unity.Robotics.ROSTCPConnector.ROSConnection.ConnectionThread (System.String rosIPAddress, System.Int32 rosPort, System.Single networkTimeoutSeconds, System.Single keepaliveTime, System.Int32 sleepMilliseconds, System.Action`1[T] OnConnectionStartedCallback, System.Action DeregisterAll, Unity.Robotics.ROSTCPConnector.ROSConnection+OutgoingMessageQueue outgoingQueue, System.Collections.Concurrent.ConcurrentQueue`1[T] incomingQueue, System.Threading.CancellationToken token) [0x000b2] in <34d69507a0c34618b01cadecb365fdd8>:0 
Connection to 0.35,0.8,0:10000 failed - System.Net.Sockets.SocketException (0x80004005): Could not resolve host '0.35,0.8,0'
  at System.Net.Dns.Error_11001 (System.String hostName) [0x00015] in <b6d85684387445d1bc2505c6de8fed9f>:0 
  at System.Net.Dns.GetHostByName (System.String hostName) [0x00021] in <b6d85684387445d1bc2505c6de8fed9f>:0 
  at System.Net.Dns.GetHostEntry (System.String hostNameOrAddress) [0x00052] in <b6d85684387445d1bc2505c6de8fed9f>:0 
  at System.Net.Dns.GetHostAddresses (System.String hostNameOrAddress) [0x00056] in <b6d85684387445d1bc2505c6de8fed9f>:0 
  at System.Net.Sockets.TcpClient.Connect (System.String hostname, System.Int32 port) [0x00053] in <b6d85684387445d1bc2505c6de8fed9f>:0 
  at Unity.Robotics.ROSTCPConnector.ROSConnection.ConnectionThread (System.String rosIPAddress, System.Int32 rosPort, System.Single networkTimeoutSeconds, System.Single keepaliveTime, System.Int32 sleepMilliseconds, System.Action`1[T] OnConnectionStartedCallback, System.Action DeregisterAll, Unity.Robotics.ROSTCPConnector.ROSConnection+OutgoingMessageQueue outgoingQueue, System.Collections.Concurrent.ConcurrentQueue`1[T] incomingQueue, System.Threading.CancellationToken token) [0x000b2] in <34d69507a0c34618b01cadecb365fdd8>:0 
Connection to 0.35,0.8,0:10000 failed - System.Net.Sockets.SocketException (0x80004005): Could not resolve host '0.35,0.8,0'
  at System.Net.Dns.Error_11001 (System.String hostName) [0x00015] in <b6d85684387445d1bc2505c6de8fed9f>:0 
  at System.Net.Dns.GetHostByName (System.String hostName) [0x00021] in <b6d85684387445d1bc2505c6de8fed9f>:0 
  at System.Net.Dns.GetHostEntry (System.String hostNameOrAddress) [0x00052] in <b6d85684387445d1bc2505c6de8fed9f>:0 
  at System.Net.Dns.GetHostAddresses (System.String hostNameOrAddress) [0x00056] in <b6d85684387445d1bc2505c6de8fed9f>:0 
  at System.Net.Sockets.TcpClient.Connect (System.String hostname, System.Int32 port) [0x00053] in <b6d85684387445d1bc2505c6de8fed9f>:0 
  at Unity.Robotics.ROSTCPConnector.ROSConnection.ConnectionThread (System.String rosIPAddress, System.Int32 rosPort, System.Single networkTimeoutSeconds, System.Single keepaliveTime, System.Int32 sleepMilliseconds, System.Action`1[T] OnConnectionStartedCallback, System.Action DeregisterAll, Unity.Robotics.ROSTCPConnector.ROSConnection+OutgoingMessageQueue outgoingQueue, System.Collections.Concurrent.ConcurrentQueue`1[T] incomingQueue, System.Threading.CancellationToken token) [0x000b2] in <34d69507a0c34618b01cadecb365fdd8>:0 
Connection to 0.35,0.8,0:10000 failed - System.Net.Sockets.SocketException (0x80004005): Could not resolve host '0.35,0.8,0'
  at System.Net.Dns.Error_11001 (System.String hostName) [0x00015] in <b6d85684387445d1bc2505c6de8fed9f>:0 
  at System.Net.Dns.GetHostByName (System.String hostName) [0x00021] in <b6d85684387445d1bc2505c6de8fed9f>:0 
  at System.Net.Dns.GetHostEntry (System.String hostNameOrAddress) [0x00052] in <b6d85684387445d1bc2505c6de8fed9f>:0 
  at System.Net.Dns.GetHostAddresses (System.String hostNameOrAddress) [0x00056] in <b6d85684387445d1bc2505c6de8fed9f>:0 
  at System.Net.Sockets.TcpClient.Connect (System.String hostname, System.Int32 port) [0x00053] in <b6d85684387445d1bc2505c6de8fed9f>:0 
  at Unity.Robotics.ROSTCPConnector.ROSConnection.ConnectionThread (System.String rosIPAddress, System.Int32 rosPort, System.Single networkTimeoutSeconds, System.Single keepaliveTime, System.Int32 sleepMilliseconds, System.Action`1[T] OnConnectionStartedCallback, System.Action DeregisterAll, Unity.Robotics.ROSTCPConnector.ROSConnection+OutgoingMessageQueue outgoingQueue, System.Collections.Concurrent.ConcurrentQueue`1[T] incomingQueue, System.Threading.CancellationToken token) [0x000b2] in <34d69507a0c34618b01cadecb365fdd8>:0 
[DemoDirector] progress frame=510 captured=510 virtualTime=16.97s wall=31.2s lastCapture=59.8ms avgCapture=58.5ms worst=253.1ms
Connection to 0.35,0.8,0:10000 failed - System.Net.Sockets.SocketException (0x80004005): Could not resolve host '0.35,0.8,0'
  at System.Net.Dns.Error_11001 (System.String hostName) [0x00015] in <b6d85684387445d1bc2505c6de8fed9f>:0 
  at System.Net.Dns.GetHostByName (System.String hostName) [0x00021] in <b6d85684387445d1bc2505c6de8fed9f>:0 
  at System.Net.Dns.GetHostEntry (System.String hostNameOrAddress) [0x00052] in <b6d85684387445d1bc2505c6de8fed9f>:0 
  at System.Net.Dns.GetHostAddresses (System.String hostNameOrAddress) [0x00056] in <b6d85684387445d1bc2505c6de8fed9f>:0 
  at System.Net.Sockets.TcpClient.Connect (System.String hostname, System.Int32 port) [0x00053] in <b6d85684387445d1bc2505c6de8fed9f>:0 
  at Unity.Robotics.ROSTCPConnector.ROSConnection.ConnectionThread (System.String rosIPAddress, System.Int32 rosPort, System.Single networkTimeoutSeconds, System.Single keepaliveTime, System.Int32 sleepMilliseconds, System.Action`1[T] OnConnectionStartedCallback, System.Action DeregisterAll, Unity.Robotics.ROSTCPConnector.ROSConnection+OutgoingMessageQueue outgoingQueue, System.Collections.Concurrent.ConcurrentQueue`1[T] incomingQueue, System.Threading.CancellationToken token) [0x000b2] in <34d69507a0c34618b01cadecb365fdd8>:0 
Connection to 0.35,0.8,0:10000 failed - System.Net.Sockets.SocketException (0x80004005): Could not resolve host '0.35,0.8,0'
  at System.Net.Dns.Error_11001 (System.String hostName) [0x00015] in <b6d85684387445d1bc2505c6de8fed9f>:0 
  at System.Net.Dns.GetHostByName (System.String hostName) [0x00021] in <b6d85684387445d1bc2505c6de8fed9f>:0 
  at System.Net.Dns.GetHostEntry (System.String hostNameOrAddress) [0x00052] in <b6d85684387445d1bc2505c6de8fed9f>:0 
  at System.Net.Dns.GetHostAddresses (System.String hostNameOrAddress) [0x00056] in <b6d85684387445d1bc2505c6de8fed9f>:0 
  at System.Net.Sockets.TcpClient.Connect (System.String hostname, System.Int32 port) [0x00053] in <b6d85684387445d1bc2505c6de8fed9f>:0 
  at Unity.Robotics.ROSTCPConnector.ROSConnection.ConnectionThread (System.String rosIPAddress, System.Int32 rosPort, System.Single networkTimeoutSeconds, System.Single keepaliveTime, System.Int32 sleepMilliseconds, System.Action`1[T] OnConnectionStartedCallback, System.Action DeregisterAll, Unity.Robotics.ROSTCPConnector.ROSConnection+OutgoingMessageQueue outgoingQueue, System.Collections.Concurrent.ConcurrentQueue`1[T] incomingQueue, System.Threading.CancellationToken token) [0x000b2] in <34d69507a0c34618b01cadecb365fdd8>:0 
Connection to 0.35,0.8,0:10000 failed - System.Net.Sockets.SocketException (0x80004005): Could not resolve host '0.35,0.8,0'
  at System.Net.Dns.Error_11001 (System.String hostName) [0x00015] in <b6d85684387445d1bc2505c6de8fed9f>:0 
  at System.Net.Dns.GetHostByName (System.String hostName) [0x00021] in <b6d85684387445d1bc2505c6de8fed9f>:0 
  at System.Net.Dns.GetHostEntry (System.String hostNameOrAddress) [0x00052] in <b6d85684387445d1bc2505c6de8fed9f>:0 
  at System.Net.Dns.GetHostAddresses (System.String hostNameOrAddress) [0x00056] in <b6d85684387445d1bc2505c6de8fed9f>:0 
  at System.Net.Sockets.TcpClient.Connect (System.String hostname, System.Int32 port) [0x00053] in <b6d85684387445d1bc2505c6de8fed9f>:0 
  at Unity.Robotics.ROSTCPConnector.ROSConnection.ConnectionThread (System.String rosIPAddress, System.Int32 rosPort, System.Single networkTimeoutSeconds, System.Single keepaliveTime, System.Int32 sleepMilliseconds, System.Action`1[T] OnConnectionStartedCallback, System.Action DeregisterAll, Unity.Robotics.ROSTCPConnector.ROSConnection+OutgoingMessageQueue outgoingQueue, System.Collections.Concurrent.ConcurrentQueue`1[T] incomingQueue, System.Threading.CancellationToken token) [0x000b2] in <34d69507a0c34618b01cadecb365fdd8>:0 
Connection to 0.35,0.8,0:10000 failed - System.Net.Sockets.SocketException (0x80004005): Could not resolve host '0.35,0.8,0'
  at System.Net.Dns.Error_11001 (System.String hostName) [0x00015] in <b6d85684387445d1bc2505c6de8fed9f>:0 
  at System.Net.Dns.GetHostByName (System.String hostName) [0x00021] in <b6d85684387445d1bc2505c6de8fed9f>:0 
  at System.Net.Dns.GetHostEntry (System.String hostNameOrAddress) [0x00052] in <b6d85684387445d1bc2505c6de8fed9f>:0 
  at System.Net.Dns.GetHostAddresses (System.String hostNameOrAddress) [0x00056] in <b6d85684387445d1bc2505c6de8fed9f>:0 
  at System.Net.Sockets.TcpClient.Connect (System.String hostname, System.Int32 port) [0x00053] in <b6d85684387445d1bc2505c6de8fed9f>:0 
  at Unity.Robotics.ROSTCPConnector.ROSConnection.ConnectionThread (System.String rosIPAddress, System.Int32 rosPort, System.Single networkTimeoutSeconds, System.Single keepaliveTime, System.Int32 sleepMilliseconds, System.Action`1[T] OnConnectionStartedCallback, System.Action DeregisterAll, Unity.Robotics.ROSTCPConnector.ROSConnection+OutgoingMessageQueue outgoingQueue, System.Collections.Concurrent.ConcurrentQueue`1[T] incomingQueue, System.Threading.CancellationToken token) [0x000b2] in <34d69507a0c34618b01cadecb365fdd8>:0 
Connection to 0.35,0.8,0:10000 failed - System.Net.Sockets.SocketException (0x80004005): Could not resolve host '0.35,0.8,0'
  at System.Net.Dns.Error_11001 (System.String hostName) [0x00015] in <b6d85684387445d1bc2505c6de8fed9f>:0 
  at System.Net.Dns.GetHostByName (System.String hostName) [0x00021] in <b6d85684387445d1bc2505c6de8fed9f>:0 
  at System.Net.Dns.GetHostEntry (System.String hostNameOrAddress) [0x00052] in <b6d85684387445d1bc2505c6de8fed9f>:0 
  at System.Net.Dns.GetHostAddresses (System.String hostNameOrAddress) [0x00056] in <b6d85684387445d1bc2505c6de8fed9f>:0 
  at System.Net.Sockets.TcpClient.Connect (System.String hostname, System.Int32 port) [0x00053] in <b6d85684387445d1bc2505c6de8fed9f>:0 
  at Unity.Robotics.ROSTCPConnector.ROSConnection.ConnectionThread (System.String rosIPAddress, System.Int32 rosPort, System.Single networkTimeoutSeconds, System.Single keepaliveTime, System.Int32 sleepMilliseconds, System.Action`1[T] OnConnectionStartedCallback, System.Action DeregisterAll, Unity.Robotics.ROSTCPConnector.ROSConnection+OutgoingMessageQueue outgoingQueue, System.Collections.Concurrent.ConcurrentQueue`1[T] incomingQueue, System.Threading.CancellationToken token) [0x000b2] in <34d69507a0c34618b01cadecb365fdd8>:0 
Connection to 0.35,0.8,0:10000 failed - System.Net.Sockets.SocketException (0x80004005): Could not resolve host '0.35,0.8,0'
  at System.Net.Dns.Error_11001 (System.String hostName) [0x00015] in <b6d85684387445d1bc2505c6de8fed9f>:0 
  at System.Net.Dns.GetHostByName (System.String hostName) [0x00021] in <b6d85684387445d1bc2505c6de8fed9f>:0 
  at System.Net.Dns.GetHostEntry (System.String hostNameOrAddress) [0x00052] in <b6d85684387445d1bc2505c6de8fed9f>:0 
  at System.Net.Dns.GetHostAddresses (System.String hostNameOrAddress) [0x00056] in <b6d85684387445d1bc2505c6de8fed9f>:0 
  at System.Net.Sockets.TcpClient.Connect (System.String hostname, System.Int32 port) [0x00053] in <b6d85684387445d1bc2505c6de8fed9f>:0 
  at Unity.Robotics.ROSTCPConnector.ROSConnection.ConnectionThread (System.String rosIPAddress, System.Int32 rosPort, System.Single networkTimeoutSeconds, System.Single keepaliveTime, System.Int32 sleepMilliseconds, System.Action`1[T] OnConnectionStartedCallback, System.Action DeregisterAll, Unity.Robotics.ROSTCPConnector.ROSConnection+OutgoingMessageQueue outgoingQueue, System.Collections.Concurrent.ConcurrentQueue`1[T] incomingQueue, System.Threading.CancellationToken token) [0x000b2] in <34d69507a0c34618b01cadecb365fdd8>:0 
[DemoDirector] progress frame=540 captured=540 virtualTime=17.97s wall=33.0s lastCapture=56.2ms avgCapture=58.5ms worst=253.1ms
Connection to 0.35,0.8,0:10000 failed - System.Net.Sockets.SocketException (0x80004005): Could not resolve host '0.35,0.8,0'
  at System.Net.Dns.Error_11001 (System.String hostName) [0x00015] in <b6d85684387445d1bc2505c6de8fed9f>:0 
  at System.Net.Dns.GetHostByName (System.String hostName) [0x00021] in <b6d85684387445d1bc2505c6de8fed9f>:0 
  at System.Net.Dns.GetHostEntry (System.String hostNameOrAddress) [0x00052] in <b6d85684387445d1bc2505c6de8fed9f>:0 
  at System.Net.Dns.GetHostAddresses (System.String hostNameOrAddress) [0x00056] in <b6d85684387445d1bc2505c6de8fed9f>:0 
  at System.Net.Sockets.TcpClient.Connect (System.String hostname, System.Int32 port) [0x00053] in <b6d85684387445d1bc2505c6de8fed9f>:0 
  at Unity.Robotics.ROSTCPConnector.ROSConnection.ConnectionThread (System.String rosIPAddress, System.Int32 rosPort, System.Single networkTimeoutSeconds, System.Single keepaliveTime, System.Int32 sleepMilliseconds, System.Action`1[T] OnConnectionStartedCallback, System.Action DeregisterAll, Unity.Robotics.ROSTCPConnector.ROSConnection+OutgoingMessageQueue outgoingQueue, System.Collections.Concurrent.ConcurrentQueue`1[T] incomingQueue, System.Threading.CancellationToken token) [0x000b2] in <34d69507a0c34618b01cadecb365fdd8>:0 
Connection to 0.35,0.8,0:10000 failed - System.Net.Sockets.SocketException (0x80004005): Could not resolve host '0.35,0.8,0'
  at System.Net.Dns.Error_11001 (System.String hostName) [0x00015] in <b6d85684387445d1bc2505c6de8fed9f>:0 
  at System.Net.Dns.GetHostByName (System.String hostName) [0x00021] in <b6d85684387445d1bc2505c6de8fed9f>:0 
  at System.Net.Dns.GetHostEntry (System.String hostNameOrAddress) [0x00052] in <b6d85684387445d1bc2505c6de8fed9f>:0 
  at System.Net.Dns.GetHostAddresses (System.String hostNameOrAddress) [0x00056] in <b6d85684387445d1bc2505c6de8fed9f>:0 
  at System.Net.Sockets.TcpClient.Connect (System.String hostname, System.Int32 port) [0x00053] in <b6d85684387445d1bc2505c6de8fed9f>:0 
  at Unity.Robotics.ROSTCPConnector.ROSConnection.ConnectionThread (System.String rosIPAddress, System.Int32 rosPort, System.Single networkTimeoutSeconds, System.Single keepaliveTime, System.Int32 sleepMilliseconds, System.Action`1[T] OnConnectionStartedCallback, System.Action DeregisterAll, Unity.Robotics.ROSTCPConnector.ROSConnection+OutgoingMessageQueue outgoingQueue, System.Collections.Concurrent.ConcurrentQueue`1[T] incomingQueue, System.Threading.CancellationToken token) [0x000b2] in <34d69507a0c34618b01cadecb365fdd8>:0 
Connection to 0.35,0.8,0:10000 failed - System.Net.Sockets.SocketException (0x80004005): Could not resolve host '0.35,0.8,0'
  at System.Net.Dns.Error_11001 (System.String hostName) [0x00015] in <b6d85684387445d1bc2505c6de8fed9f>:0 
  at System.Net.Dns.GetHostByName (System.String hostName) [0x00021] in <b6d85684387445d1bc2505c6de8fed9f>:0 
  at System.Net.Dns.GetHostEntry (System.String hostNameOrAddress) [0x00052] in <b6d85684387445d1bc2505c6de8fed9f>:0 
  at System.Net.Dns.GetHostAddresses (System.String hostNameOrAddress) [0x00056] in <b6d85684387445d1bc2505c6de8fed9f>:0 
  at System.Net.Sockets.TcpClient.Connect (System.String hostname, System.Int32 port) [0x00053] in <b6d85684387445d1bc2505c6de8fed9f>:0 
  at Unity.Robotics.ROSTCPConnector.ROSConnection.ConnectionThread (System.String rosIPAddress, System.Int32 rosPort, System.Single networkTimeoutSeconds, System.Single keepaliveTime, System.Int32 sleepMilliseconds, System.Action`1[T] OnConnectionStartedCallback, System.Action DeregisterAll, Unity.Robotics.ROSTCPConnector.ROSConnection+OutgoingMessageQueue outgoingQueue, System.Collections.Concurrent.ConcurrentQueue`1[T] incomingQueue, System.Threading.CancellationToken token) [0x000b2] in <34d69507a0c34618b01cadecb365fdd8>:0 
Connection to 0.35,0.8,0:10000 failed - System.Net.Sockets.SocketException (0x80004005): Could not resolve host '0.35,0.8,0'
  at System.Net.Dns.Error_11001 (System.String hostName) [0x00015] in <b6d85684387445d1bc2505c6de8fed9f>:0 
  at System.Net.Dns.GetHostByName (System.String hostName) [0x00021] in <b6d85684387445d1bc2505c6de8fed9f>:0 
  at System.Net.Dns.GetHostEntry (System.String hostNameOrAddress) [0x00052] in <b6d85684387445d1bc2505c6de8fed9f>:0 
  at System.Net.Dns.GetHostAddresses (System.String hostNameOrAddress) [0x00056] in <b6d85684387445d1bc2505c6de8fed9f>:0 
  at System.Net.Sockets.TcpClient.Connect (System.String hostname, System.Int32 port) [0x00053] in <b6d85684387445d1bc2505c6de8fed9f>:0 
  at Unity.Robotics.ROSTCPConnector.ROSConnection.ConnectionThread (System.String rosIPAddress, System.Int32 rosPort, System.Single networkTimeoutSeconds, System.Single keepaliveTime, System.Int32 sleepMilliseconds, System.Action`1[T] OnConnectionStartedCallback, System.Action DeregisterAll, Unity.Robotics.ROSTCPConnector.ROSConnection+OutgoingMessageQueue outgoingQueue, System.Collections.Concurrent.ConcurrentQueue`1[T] incomingQueue, System.Threading.CancellationToken token) [0x000b2] in <34d69507a0c34618b01cadecb365fdd8>:0 
Connection to 0.35,0.8,0:10000 failed - System.Net.Sockets.SocketException (0x80004005): Could not resolve host '0.35,0.8,0'
  at System.Net.Dns.Error_11001 (System.String hostName) [0x00015] in <b6d85684387445d1bc2505c6de8fed9f>:0 
  at System.Net.Dns.GetHostByName (System.String hostName) [0x00021] in <b6d85684387445d1bc2505c6de8fed9f>:0 
  at System.Net.Dns.GetHostEntry (System.String hostNameOrAddress) [0x00052] in <b6d85684387445d1bc2505c6de8fed9f>:0 
  at System.Net.Dns.GetHostAddresses (System.String hostNameOrAddress) [0x00056] in <b6d85684387445d1bc2505c6de8fed9f>:0 
  at System.Net.Sockets.TcpClient.Connect (System.String hostname, System.Int32 port) [0x00053] in <b6d85684387445d1bc2505c6de8fed9f>:0 
  at Unity.Robotics.ROSTCPConnector.ROSConnection.ConnectionThread (System.String rosIPAddress, System.Int32 rosPort, System.Single networkTimeoutSeconds, System.Single keepaliveTime, System.Int32 sleepMilliseconds, System.Action`1[T] OnConnectionStartedCallback, System.Action DeregisterAll, Unity.Robotics.ROSTCPConnector.ROSConnection+OutgoingMessageQueue outgoingQueue, System.Collections.Concurrent.ConcurrentQueue`1[T] incomingQueue, System.Threading.CancellationToken token) [0x000b2] in <34d69507a0c34618b01cadecb365fdd8>:0 
Connection to 0.35,0.8,0:10000 failed - System.Net.Sockets.SocketException (0x80004005): Could not resolve host '0.35,0.8,0'
  at System.Net.Dns.Error_11001 (System.String hostName) [0x00015] in <b6d85684387445d1bc2505c6de8fed9f>:0 
  at System.Net.Dns.GetHostByName (System.String hostName) [0x00021] in <b6d85684387445d1bc2505c6de8fed9f>:0 
  at System.Net.Dns.GetHostEntry (System.String hostNameOrAddress) [0x00052] in <b6d85684387445d1bc2505c6de8fed9f>:0 
  at System.Net.Dns.GetHostAddresses (System.String hostNameOrAddress) [0x00056] in <b6d85684387445d1bc2505c6de8fed9f>:0 
  at System.Net.Sockets.TcpClient.Connect (System.String hostname, System.Int32 port) [0x00053] in <b6d85684387445d1bc2505c6de8fed9f>:0 
  at Unity.Robotics.ROSTCPConnector.ROSConnection.ConnectionThread (System.String rosIPAddress, System.Int32 rosPort, System.Single networkTimeoutSeconds, System.Single keepaliveTime, System.Int32 sleepMilliseconds, System.Action`1[T] OnConnectionStartedCallback, System.Action DeregisterAll, Unity.Robotics.ROSTCPConnector.ROSConnection+OutgoingMessageQueue outgoingQueue, System.Collections.Concurrent.ConcurrentQueue`1[T] incomingQueue, System.Threading.CancellationToken token) [0x000b2] in <34d69507a0c34618b01cadecb365fdd8>:0 
[DemoDirector] progress frame=570 captured=570 virtualTime=18.97s wall=34.8s lastCapture=60.1ms avgCapture=58.6ms worst=253.1ms
Connection to 0.35,0.8,0:10000 failed - System.Net.Sockets.SocketException (0x80004005): Could not resolve host '0.35,0.8,0'
  at System.Net.Dns.Error_11001 (System.String hostName) [0x00015] in <b6d85684387445d1bc2505c6de8fed9f>:0 
  at System.Net.Dns.GetHostByName (System.String hostName) [0x00021] in <b6d85684387445d1bc2505c6de8fed9f>:0 
  at System.Net.Dns.GetHostEntry (System.String hostNameOrAddress) [0x00052] in <b6d85684387445d1bc2505c6de8fed9f>:0 
  at System.Net.Dns.GetHostAddresses (System.String hostNameOrAddress) [0x00056] in <b6d85684387445d1bc2505c6de8fed9f>:0 
  at System.Net.Sockets.TcpClient.Connect (System.String hostname, System.Int32 port) [0x00053] in <b6d85684387445d1bc2505c6de8fed9f>:0 
  at Unity.Robotics.ROSTCPConnector.ROSConnection.ConnectionThread (System.String rosIPAddress, System.Int32 rosPort, System.Single networkTimeoutSeconds, System.Single keepaliveTime, System.Int32 sleepMilliseconds, System.Action`1[T] OnConnectionStartedCallback, System.Action DeregisterAll, Unity.Robotics.ROSTCPConnector.ROSConnection+OutgoingMessageQueue outgoingQueue, System.Collections.Concurrent.ConcurrentQueue`1[T] incomingQueue, System.Threading.CancellationToken token) [0x000b2] in <34d69507a0c34618b01cadecb365fdd8>:0 
Connection to 0.35,0.8,0:10000 failed - System.Net.Sockets.SocketException (0x80004005): Could not resolve host '0.35,0.8,0'
  at System.Net.Dns.Error_11001 (System.String hostName) [0x00015] in <b6d85684387445d1bc2505c6de8fed9f>:0 
  at System.Net.Dns.GetHostByName (System.String hostName) [0x00021] in <b6d85684387445d1bc2505c6de8fed9f>:0 
  at System.Net.Dns.GetHostEntry (System.String hostNameOrAddress) [0x00052] in <b6d85684387445d1bc2505c6de8fed9f>:0 
  at System.Net.Dns.GetHostAddresses (System.String hostNameOrAddress) [0x00056] in <b6d85684387445d1bc2505c6de8fed9f>:0 
  at System.Net.Sockets.TcpClient.Connect (System.String hostname, System.Int32 port) [0x00053] in <b6d85684387445d1bc2505c6de8fed9f>:0 
  at Unity.Robotics.ROSTCPConnector.ROSConnection.ConnectionThread (System.String rosIPAddress, System.Int32 rosPort, System.Single networkTimeoutSeconds, System.Single keepaliveTime, System.Int32 sleepMilliseconds, System.Action`1[T] OnConnectionStartedCallback, System.Action DeregisterAll, Unity.Robotics.ROSTCPConnector.ROSConnection+OutgoingMessageQueue outgoingQueue, System.Collections.Concurrent.ConcurrentQueue`1[T] incomingQueue, System.Threading.CancellationToken token) [0x000b2] in <34d69507a0c34618b01cadecb365fdd8>:0 
Connection to 0.35,0.8,0:10000 failed - System.Net.Sockets.SocketException (0x80004005): Could not resolve host '0.35,0.8,0'
  at System.Net.Dns.Error_11001 (System.String hostName) [0x00015] in <b6d85684387445d1bc2505c6de8fed9f>:0 
  at System.Net.Dns.GetHostByName (System.String hostName) [0x00021] in <b6d85684387445d1bc2505c6de8fed9f>:0 
  at System.Net.Dns.GetHostEntry (System.String hostNameOrAddress) [0x00052] in <b6d85684387445d1bc2505c6de8fed9f>:0 
  at System.Net.Dns.GetHostAddresses (System.String hostNameOrAddress) [0x00056] in <b6d85684387445d1bc2505c6de8fed9f>:0 
  at System.Net.Sockets.TcpClient.Connect (System.String hostname, System.Int32 port) [0x00053] in <b6d85684387445d1bc2505c6de8fed9f>:0 
  at Unity.Robotics.ROSTCPConnector.ROSConnection.ConnectionThread (System.String rosIPAddress, System.Int32 rosPort, System.Single networkTimeoutSeconds, System.Single keepaliveTime, System.Int32 sleepMilliseconds, System.Action`1[T] OnConnectionStartedCallback, System.Action DeregisterAll, Unity.Robotics.ROSTCPConnector.ROSConnection+OutgoingMessageQueue outgoingQueue, System.Collections.Concurrent.ConcurrentQueue`1[T] incomingQueue, System.Threading.CancellationToken token) [0x000b2] in <34d69507a0c34618b01cadecb365fdd8>:0 
Connection to 0.35,0.8,0:10000 failed - System.Net.Sockets.SocketException (0x80004005): Could not resolve host '0.35,0.8,0'
  at System.Net.Dns.Error_11001 (System.String hostName) [0x00015] in <b6d85684387445d1bc2505c6de8fed9f>:0 
  at System.Net.Dns.GetHostByName (System.String hostName) [0x00021] in <b6d85684387445d1bc2505c6de8fed9f>:0 
  at System.Net.Dns.GetHostEntry (System.String hostNameOrAddress) [0x00052] in <b6d85684387445d1bc2505c6de8fed9f>:0 
  at System.Net.Dns.GetHostAddresses (System.String hostNameOrAddress) [0x00056] in <b6d85684387445d1bc2505c6de8fed9f>:0 
  at System.Net.Sockets.TcpClient.Connect (System.String hostname, System.Int32 port) [0x00053] in <b6d85684387445d1bc2505c6de8fed9f>:0 
  at Unity.Robotics.ROSTCPConnector.ROSConnection.ConnectionThread (System.String rosIPAddress, System.Int32 rosPort, System.Single networkTimeoutSeconds, System.Single keepaliveTime, System.Int32 sleepMilliseconds, System.Action`1[T] OnConnectionStartedCallback, System.Action DeregisterAll, Unity.Robotics.ROSTCPConnector.ROSConnection+OutgoingMessageQueue outgoingQueue, System.Collections.Concurrent.ConcurrentQueue`1[T] incomingQueue, System.Threading.CancellationToken token) [0x000b2] in <34d69507a0c34618b01cadecb365fdd8>:0 
Connection to 0.35,0.8,0:10000 failed - System.Net.Sockets.SocketException (0x80004005): Could not resolve host '0.35,0.8,0'
  at System.Net.Dns.Error_11001 (System.String hostName) [0x00015] in <b6d85684387445d1bc2505c6de8fed9f>:0 
  at System.Net.Dns.GetHostByName (System.String hostName) [0x00021] in <b6d85684387445d1bc2505c6de8fed9f>:0 
  at System.Net.Dns.GetHostEntry (System.String hostNameOrAddress) [0x00052] in <b6d85684387445d1bc2505c6de8fed9f>:0 
  at System.Net.Dns.GetHostAddresses (System.String hostNameOrAddress) [0x00056] in <b6d85684387445d1bc2505c6de8fed9f>:0 
  at System.Net.Sockets.TcpClient.Connect (System.String hostname, System.Int32 port) [0x00053] in <b6d85684387445d1bc2505c6de8fed9f>:0 
  at Unity.Robotics.ROSTCPConnector.ROSConnection.ConnectionThread (System.String rosIPAddress, System.Int32 rosPort, System.Single networkTimeoutSeconds, System.Single keepaliveTime, System.Int32 sleepMilliseconds, System.Action`1[T] OnConnectionStartedCallback, System.Action DeregisterAll, Unity.Robotics.ROSTCPConnector.ROSConnection+OutgoingMessageQueue outgoingQueue, System.Collections.Concurrent.ConcurrentQueue`1[T] incomingQueue, System.Threading.CancellationToken token) [0x000b2] in <34d69507a0c34618b01cadecb365fdd8>:0 
Connection to 0.35,0.8,0:10000 failed - System.Net.Sockets.SocketException (0x80004005): Could not resolve host '0.35,0.8,0'
  at System.Net.Dns.Error_11001 (System.String hostName) [0x00015] in <b6d85684387445d1bc2505c6de8fed9f>:0 
  at System.Net.Dns.GetHostByName (System.String hostName) [0x00021] in <b6d85684387445d1bc2505c6de8fed9f>:0 
  at System.Net.Dns.GetHostEntry (System.String hostNameOrAddress) [0x00052] in <b6d85684387445d1bc2505c6de8fed9f>:0 
  at System.Net.Dns.GetHostAddresses (System.String hostNameOrAddress) [0x00056] in <b6d85684387445d1bc2505c6de8fed9f>:0 
  at System.Net.Sockets.TcpClient.Connect (System.String hostname, System.Int32 port) [0x00053] in <b6d85684387445d1bc2505c6de8fed9f>:0 
  at Unity.Robotics.ROSTCPConnector.ROSConnection.ConnectionThread (System.String rosIPAddress, System.Int32 rosPort, System.Single networkTimeoutSeconds, System.Single keepaliveTime, System.Int32 sleepMilliseconds, System.Action`1[T] OnConnectionStartedCallback, System.Action DeregisterAll, Unity.Robotics.ROSTCPConnector.ROSConnection+OutgoingMessageQueue outgoingQueue, System.Collections.Concurrent.ConcurrentQueue`1[T] incomingQueue, System.Threading.CancellationToken token) [0x000b2] in <34d69507a0c34618b01cadecb365fdd8>:0 
[DemoDirector] progress frame=600 captured=600 virtualTime=19.97s wall=36.7s lastCapture=61.2ms avgCapture=58.7ms worst=253.1ms
Connection to 0.35,0.8,0:10000 failed - System.Net.Sockets.SocketException (0x80004005): Could not resolve host '0.35,0.8,0'
  at System.Net.Dns.Error_11001 (System.String hostName) [0x00015] in <b6d85684387445d1bc2505c6de8fed9f>:0 
  at System.Net.Dns.GetHostByName (System.String hostName) [0x00021] in <b6d85684387445d1bc2505c6de8fed9f>:0 
  at System.Net.Dns.GetHostEntry (System.String hostNameOrAddress) [0x00052] in <b6d85684387445d1bc2505c6de8fed9f>:0 
  at System.Net.Dns.GetHostAddresses (System.String hostNameOrAddress) [0x00056] in <b6d85684387445d1bc2505c6de8fed9f>:0 
  at System.Net.Sockets.TcpClient.Connect (System.String hostname, System.Int32 port) [0x00053] in <b6d85684387445d1bc2505c6de8fed9f>:0 
  at Unity.Robotics.ROSTCPConnector.ROSConnection.ConnectionThread (System.String rosIPAddress, System.Int32 rosPort, System.Single networkTimeoutSeconds, System.Single keepaliveTime, System.Int32 sleepMilliseconds, System.Action`1[T] OnConnectionStartedCallback, System.Action DeregisterAll, Unity.Robotics.ROSTCPConnector.ROSConnection+OutgoingMessageQueue outgoingQueue, System.Collections.Concurrent.ConcurrentQueue`1[T] incomingQueue, System.Threading.CancellationToken token) [0x000b2] in <34d69507a0c34618b01cadecb365fdd8>:0 
Connection to 0.35,0.8,0:10000 failed - System.Net.Sockets.SocketException (0x80004005): Could not resolve host '0.35,0.8,0'
  at System.Net.Dns.Error_11001 (System.String hostName) [0x00015] in <b6d85684387445d1bc2505c6de8fed9f>:0 
  at System.Net.Dns.GetHostByName (System.String hostName) [0x00021] in <b6d85684387445d1bc2505c6de8fed9f>:0 
  at System.Net.Dns.GetHostEntry (System.String hostNameOrAddress) [0x00052] in <b6d85684387445d1bc2505c6de8fed9f>:0 
  at System.Net.Dns.GetHostAddresses (System.String hostNameOrAddress) [0x00056] in <b6d85684387445d1bc2505c6de8fed9f>:0 
  at System.Net.Sockets.TcpClient.Connect (System.String hostname, System.Int32 port) [0x00053] in <b6d85684387445d1bc2505c6de8fed9f>:0 
  at Unity.Robotics.ROSTCPConnector.ROSConnection.ConnectionThread (System.String rosIPAddress, System.Int32 rosPort, System.Single networkTimeoutSeconds, System.Single keepaliveTime, System.Int32 sleepMilliseconds, System.Action`1[T] OnConnectionStartedCallback, System.Action DeregisterAll, Unity.Robotics.ROSTCPConnector.ROSConnection+OutgoingMessageQueue outgoingQueue, System.Collections.Concurrent.ConcurrentQueue`1[T] incomingQueue, System.Threading.CancellationToken token) [0x000b2] in <34d69507a0c34618b01cadecb365fdd8>:0 
Connection to 0.35,0.8,0:10000 failed - System.Net.Sockets.SocketException (0x80004005): Could not resolve host '0.35,0.8,0'
  at System.Net.Dns.Error_11001 (System.String hostName) [0x00015] in <b6d85684387445d1bc2505c6de8fed9f>:0 
  at System.Net.Dns.GetHostByName (System.String hostName) [0x00021] in <b6d85684387445d1bc2505c6de8fed9f>:0 
  at System.Net.Dns.GetHostEntry (System.String hostNameOrAddress) [0x00052] in <b6d85684387445d1bc2505c6de8fed9f>:0 
  at System.Net.Dns.GetHostAddresses (System.String hostNameOrAddress) [0x00056] in <b6d85684387445d1bc2505c6de8fed9f>:0 
  at System.Net.Sockets.TcpClient.Connect (System.String hostname, System.Int32 port) [0x00053] in <b6d85684387445d1bc2505c6de8fed9f>:0 
  at Unity.Robotics.ROSTCPConnector.ROSConnection.ConnectionThread (System.String rosIPAddress, System.Int32 rosPort, System.Single networkTimeoutSeconds, System.Single keepaliveTime, System.Int32 sleepMilliseconds, System.Action`1[T] OnConnectionStartedCallback, System.Action DeregisterAll, Unity.Robotics.ROSTCPConnector.ROSConnection+OutgoingMessageQueue outgoingQueue, System.Collections.Concurrent.ConcurrentQueue`1[T] incomingQueue, System.Threading.CancellationToken token) [0x000b2] in <34d69507a0c34618b01cadecb365fdd8>:0 
Connection to 0.35,0.8,0:10000 failed - System.Net.Sockets.SocketException (0x80004005): Could not resolve host '0.35,0.8,0'
  at System.Net.Dns.Error_11001 (System.String hostName) [0x00015] in <b6d85684387445d1bc2505c6de8fed9f>:0 
  at System.Net.Dns.GetHostByName (System.String hostName) [0x00021] in <b6d85684387445d1bc2505c6de8fed9f>:0 
  at System.Net.Dns.GetHostEntry (System.String hostNameOrAddress) [0x00052] in <b6d85684387445d1bc2505c6de8fed9f>:0 
  at System.Net.Dns.GetHostAddresses (System.String hostNameOrAddress) [0x00056] in <b6d85684387445d1bc2505c6de8fed9f>:0 
  at System.Net.Sockets.TcpClient.Connect (System.String hostname, System.Int32 port) [0x00053] in <b6d85684387445d1bc2505c6de8fed9f>:0 
  at Unity.Robotics.ROSTCPConnector.ROSConnection.ConnectionThread (System.String rosIPAddress, System.Int32 rosPort, System.Single networkTimeoutSeconds, System.Single keepaliveTime, System.Int32 sleepMilliseconds, System.Action`1[T] OnConnectionStartedCallback, System.Action DeregisterAll, Unity.Robotics.ROSTCPConnector.ROSConnection+OutgoingMessageQueue outgoingQueue, System.Collections.Concurrent.ConcurrentQueue`1[T] incomingQueue, System.Threading.CancellationToken token) [0x000b2] in <34d69507a0c34618b01cadecb365fdd8>:0 
Connection to 0.35,0.8,0:10000 failed - System.Net.Sockets.SocketException (0x80004005): Could not resolve host '0.35,0.8,0'
  at System.Net.Dns.Error_11001 (System.String hostName) [0x00015] in <b6d85684387445d1bc2505c6de8fed9f>:0 
  at System.Net.Dns.GetHostByName (System.String hostName) [0x00021] in <b6d85684387445d1bc2505c6de8fed9f>:0 
  at System.Net.Dns.GetHostEntry (System.String hostNameOrAddress) [0x00052] in <b6d85684387445d1bc2505c6de8fed9f>:0 
  at System.Net.Dns.GetHostAddresses (System.String hostNameOrAddress) [0x00056] in <b6d85684387445d1bc2505c6de8fed9f>:0 
  at System.Net.Sockets.TcpClient.Connect (System.String hostname, System.Int32 port) [0x00053] in <b6d85684387445d1bc2505c6de8fed9f>:0 
  at Unity.Robotics.ROSTCPConnector.ROSConnection.ConnectionThread (System.String rosIPAddress, System.Int32 rosPort, System.Single networkTimeoutSeconds, System.Single keepaliveTime, System.Int32 sleepMilliseconds, System.Action`1[T] OnConnectionStartedCallback, System.Action DeregisterAll, Unity.Robotics.ROSTCPConnector.ROSConnection+OutgoingMessageQueue outgoingQueue, System.Collections.Concurrent.ConcurrentQueue`1[T] incomingQueue, System.Threading.CancellationToken token) [0x000b2] in <34d69507a0c34618b01cadecb365fdd8>:0 
Connection to 0.35,0.8,0:10000 failed - System.Net.Sockets.SocketException (0x80004005): Could not resolve host '0.35,0.8,0'
  at System.Net.Dns.Error_11001 (System.String hostName) [0x00015] in <b6d85684387445d1bc2505c6de8fed9f>:0 
  at System.Net.Dns.GetHostByName (System.String hostName) [0x00021] in <b6d85684387445d1bc2505c6de8fed9f>:0 
  at System.Net.Dns.GetHostEntry (System.String hostNameOrAddress) [0x00052] in <b6d85684387445d1bc2505c6de8fed9f>:0 
  at System.Net.Dns.GetHostAddresses (System.String hostNameOrAddress) [0x00056] in <b6d85684387445d1bc2505c6de8fed9f>:0 
  at System.Net.Sockets.TcpClient.Connect (System.String hostname, System.Int32 port) [0x00053] in <b6d85684387445d1bc2505c6de8fed9f>:0 
  at Unity.Robotics.ROSTCPConnector.ROSConnection.ConnectionThread (System.String rosIPAddress, System.Int32 rosPort, System.Single networkTimeoutSeconds, System.Single keepaliveTime, System.Int32 sleepMilliseconds, System.Action`1[T] OnConnectionStartedCallback, System.Action DeregisterAll, Unity.Robotics.ROSTCPConnector.ROSConnection+OutgoingMessageQueue outgoingQueue, System.Collections.Concurrent.ConcurrentQueue`1[T] incomingQueue, System.Threading.CancellationToken token) [0x000b2] in <34d69507a0c34618b01cadecb365fdd8>:0 
[DemoDirector] progress frame=630 captured=630 virtualTime=20.97s wall=38.5s lastCapture=60.3ms avgCapture=58.7ms worst=253.1ms
Connection to 0.35,0.8,0:10000 failed - System.Net.Sockets.SocketException (0x80004005): Could not resolve host '0.35,0.8,0'
  at System.Net.Dns.Error_11001 (System.String hostName) [0x00015] in <b6d85684387445d1bc2505c6de8fed9f>:0 
  at System.Net.Dns.GetHostByName (System.String hostName) [0x00021] in <b6d85684387445d1bc2505c6de8fed9f>:0 
  at System.Net.Dns.GetHostEntry (System.String hostNameOrAddress) [0x00052] in <b6d85684387445d1bc2505c6de8fed9f>:0 
  at System.Net.Dns.GetHostAddresses (System.String hostNameOrAddress) [0x00056] in <b6d85684387445d1bc2505c6de8fed9f>:0 
  at System.Net.Sockets.TcpClient.Connect (System.String hostname, System.Int32 port) [0x00053] in <b6d85684387445d1bc2505c6de8fed9f>:0 
  at Unity.Robotics.ROSTCPConnector.ROSConnection.ConnectionThread (System.String rosIPAddress, System.Int32 rosPort, System.Single networkTimeoutSeconds, System.Single keepaliveTime, System.Int32 sleepMilliseconds, System.Action`1[T] OnConnectionStartedCallback, System.Action DeregisterAll, Unity.Robotics.ROSTCPConnector.ROSConnection+OutgoingMessageQueue outgoingQueue, System.Collections.Concurrent.ConcurrentQueue`1[T] incomingQueue, System.Threading.CancellationToken token) [0x000b2] in <34d69507a0c34618b01cadecb365fdd8>:0 
Connection to 0.35,0.8,0:10000 failed - System.Net.Sockets.SocketException (0x80004005): Could not resolve host '0.35,0.8,0'
  at System.Net.Dns.Error_11001 (System.String hostName) [0x00015] in <b6d85684387445d1bc2505c6de8fed9f>:0 
  at System.Net.Dns.GetHostByName (System.String hostName) [0x00021] in <b6d85684387445d1bc2505c6de8fed9f>:0 
  at System.Net.Dns.GetHostEntry (System.String hostNameOrAddress) [0x00052] in <b6d85684387445d1bc2505c6de8fed9f>:0 
  at System.Net.Dns.GetHostAddresses (System.String hostNameOrAddress) [0x00056] in <b6d85684387445d1bc2505c6de8fed9f>:0 
  at System.Net.Sockets.TcpClient.Connect (System.String hostname, System.Int32 port) [0x00053] in <b6d85684387445d1bc2505c6de8fed9f>:0 
  at Unity.Robotics.ROSTCPConnector.ROSConnection.ConnectionThread (System.String rosIPAddress, System.Int32 rosPort, System.Single networkTimeoutSeconds, System.Single keepaliveTime, System.Int32 sleepMilliseconds, System.Action`1[T] OnConnectionStartedCallback, System.Action DeregisterAll, Unity.Robotics.ROSTCPConnector.ROSConnection+OutgoingMessageQueue outgoingQueue, System.Collections.Concurrent.ConcurrentQueue`1[T] incomingQueue, System.Threading.CancellationToken token) [0x000b2] in <34d69507a0c34618b01cadecb365fdd8>:0 
Connection to 0.35,0.8,0:10000 failed - System.Net.Sockets.SocketException (0x80004005): Could not resolve host '0.35,0.8,0'
  at System.Net.Dns.Error_11001 (System.String hostName) [0x00015] in <b6d85684387445d1bc2505c6de8fed9f>:0 
  at System.Net.Dns.GetHostByName (System.String hostName) [0x00021] in <b6d85684387445d1bc2505c6de8fed9f>:0 
  at System.Net.Dns.GetHostEntry (System.String hostNameOrAddress) [0x00052] in <b6d85684387445d1bc2505c6de8fed9f>:0 
  at System.Net.Dns.GetHostAddresses (System.String hostNameOrAddress) [0x00056] in <b6d85684387445d1bc2505c6de8fed9f>:0 
  at System.Net.Sockets.TcpClient.Connect (System.String hostname, System.Int32 port) [0x00053] in <b6d85684387445d1bc2505c6de8fed9f>:0 
  at Unity.Robotics.ROSTCPConnector.ROSConnection.ConnectionThread (System.String rosIPAddress, System.Int32 rosPort, System.Single networkTimeoutSeconds, System.Single keepaliveTime, System.Int32 sleepMilliseconds, System.Action`1[T] OnConnectionStartedCallback, System.Action DeregisterAll, Unity.Robotics.ROSTCPConnector.ROSConnection+OutgoingMessageQueue outgoingQueue, System.Collections.Concurrent.ConcurrentQueue`1[T] incomingQueue, System.Threading.CancellationToken token) [0x000b2] in <34d69507a0c34618b01cadecb365fdd8>:0 
[DemoDirector] progress frame=660 captured=660 virtualTime=21.97s wall=40.4s lastCapture=64.0ms avgCapture=58.7ms worst=253.1ms
Connection to 0.35,0.8,0:10000 failed - System.Net.Sockets.SocketException (0x80004005): Could not resolve host '0.35,0.8,0'
  at System.Net.Dns.Error_11001 (System.String hostName) [0x00015] in <b6d85684387445d1bc2505c6de8fed9f>:0 
  at System.Net.Dns.GetHostByName (System.String hostName) [0x00021] in <b6d85684387445d1bc2505c6de8fed9f>:0 
  at System.Net.Dns.GetHostEntry (System.String hostNameOrAddress) [0x00052] in <b6d85684387445d1bc2505c6de8fed9f>:0 
  at System.Net.Dns.GetHostAddresses (System.String hostNameOrAddress) [0x00056] in <b6d85684387445d1bc2505c6de8fed9f>:0 
  at System.Net.Sockets.TcpClient.Connect (System.String hostname, System.Int32 port) [0x00053] in <b6d85684387445d1bc2505c6de8fed9f>:0 
  at Unity.Robotics.ROSTCPConnector.ROSConnection.ConnectionThread (System.String rosIPAddress, System.Int32 rosPort, System.Single networkTimeoutSeconds, System.Single keepaliveTime, System.Int32 sleepMilliseconds, System.Action`1[T] OnConnectionStartedCallback, System.Action DeregisterAll, Unity.Robotics.ROSTCPConnector.ROSConnection+OutgoingMessageQueue outgoingQueue, System.Collections.Concurrent.ConcurrentQueue`1[T] incomingQueue, System.Threading.CancellationToken token) [0x000b2] in <34d69507a0c34618b01cadecb365fdd8>:0 
Connection to 0.35,0.8,0:10000 failed - System.Net.Sockets.SocketException (0x80004005): Could not resolve host '0.35,0.8,0'
  at System.Net.Dns.Error_11001 (System.String hostName) [0x00015] in <b6d85684387445d1bc2505c6de8fed9f>:0 
  at System.Net.Dns.GetHostByName (System.String hostName) [0x00021] in <b6d85684387445d1bc2505c6de8fed9f>:0 
  at System.Net.Dns.GetHostEntry (System.String hostNameOrAddress) [0x00052] in <b6d85684387445d1bc2505c6de8fed9f>:0 
  at System.Net.Dns.GetHostAddresses (System.String hostNameOrAddress) [0x00056] in <b6d85684387445d1bc2505c6de8fed9f>:0 
  at System.Net.Sockets.TcpClient.Connect (System.String hostname, System.Int32 port) [0x00053] in <b6d85684387445d1bc2505c6de8fed9f>:0 
  at Unity.Robotics.ROSTCPConnector.ROSConnection.ConnectionThread (System.String rosIPAddress, System.Int32 rosPort, System.Single networkTimeoutSeconds, System.Single keepaliveTime, System.Int32 sleepMilliseconds, System.Action`1[T] OnConnectionStartedCallback, System.Action DeregisterAll, Unity.Robotics.ROSTCPConnector.ROSConnection+OutgoingMessageQueue outgoingQueue, System.Collections.Concurrent.ConcurrentQueue`1[T] incomingQueue, System.Threading.CancellationToken token) [0x000b2] in <34d69507a0c34618b01cadecb365fdd8>:0 
Connection to 0.35,0.8,0:10000 failed - System.Net.Sockets.SocketException (0x80004005): Could not resolve host '0.35,0.8,0'
  at System.Net.Dns.Error_11001 (System.String hostName) [0x00015] in <b6d85684387445d1bc2505c6de8fed9f>:0 
  at System.Net.Dns.GetHostByName (System.String hostName) [0x00021] in <b6d85684387445d1bc2505c6de8fed9f>:0 
  at System.Net.Dns.GetHostEntry (System.String hostNameOrAddress) [0x00052] in <b6d85684387445d1bc2505c6de8fed9f>:0 
  at System.Net.Dns.GetHostAddresses (System.String hostNameOrAddress) [0x00056] in <b6d85684387445d1bc2505c6de8fed9f>:0 
  at System.Net.Sockets.TcpClient.Connect (System.String hostname, System.Int32 port) [0x00053] in <b6d85684387445d1bc2505c6de8fed9f>:0 
  at Unity.Robotics.ROSTCPConnector.ROSConnection.ConnectionThread (System.String rosIPAddress, System.Int32 rosPort, System.Single networkTimeoutSeconds, System.Single keepaliveTime, System.Int32 sleepMilliseconds, System.Action`1[T] OnConnectionStartedCallback, System.Action DeregisterAll, Unity.Robotics.ROSTCPConnector.ROSConnection+OutgoingMessageQueue outgoingQueue, System.Collections.Concurrent.ConcurrentQueue`1[T] incomingQueue, System.Threading.CancellationToken token) [0x000b2] in <34d69507a0c34618b01cadecb365fdd8>:0 
Connection to 0.35,0.8,0:10000 failed - System.Net.Sockets.SocketException (0x80004005): Could not resolve host '0.35,0.8,0'
  at System.Net.Dns.Error_11001 (System.String hostName) [0x00015] in <b6d85684387445d1bc2505c6de8fed9f>:0 
  at System.Net.Dns.GetHostByName (System.String hostName) [0x00021] in <b6d85684387445d1bc2505c6de8fed9f>:0 
  at System.Net.Dns.GetHostEntry (System.String hostNameOrAddress) [0x00052] in <b6d85684387445d1bc2505c6de8fed9f>:0 
  at System.Net.Dns.GetHostAddresses (System.String hostNameOrAddress) [0x00056] in <b6d85684387445d1bc2505c6de8fed9f>:0 
  at System.Net.Sockets.TcpClient.Connect (System.String hostname, System.Int32 port) [0x00053] in <b6d85684387445d1bc2505c6de8fed9f>:0 
  at Unity.Robotics.ROSTCPConnector.ROSConnection.ConnectionThread (System.String rosIPAddress, System.Int32 rosPort, System.Single networkTimeoutSeconds, System.Single keepaliveTime, System.Int32 sleepMilliseconds, System.Action`1[T] OnConnectionStartedCallback, System.Action DeregisterAll, Unity.Robotics.ROSTCPConnector.ROSConnection+OutgoingMessageQueue outgoingQueue, System.Collections.Concurrent.ConcurrentQueue`1[T] incomingQueue, System.Threading.CancellationToken token) [0x000b2] in <34d69507a0c34618b01cadecb365fdd8>:0 
Connection to 0.35,0.8,0:10000 failed - System.Net.Sockets.SocketException (0x80004005): Could not resolve host '0.35,0.8,0'
  at System.Net.Dns.Error_11001 (System.String hostName) [0x00015] in <b6d85684387445d1bc2505c6de8fed9f>:0 
  at System.Net.Dns.GetHostByName (System.String hostName) [0x00021] in <b6d85684387445d1bc2505c6de8fed9f>:0 
  at System.Net.Dns.GetHostEntry (System.String hostNameOrAddress) [0x00052] in <b6d85684387445d1bc2505c6de8fed9f>:0 
  at System.Net.Dns.GetHostAddresses (System.String hostNameOrAddress) [0x00056] in <b6d85684387445d1bc2505c6de8fed9f>:0 
  at System.Net.Sockets.TcpClient.Connect (System.String hostname, System.Int32 port) [0x00053] in <b6d85684387445d1bc2505c6de8fed9f>:0 
  at Unity.Robotics.ROSTCPConnector.ROSConnection.ConnectionThread (System.String rosIPAddress, System.Int32 rosPort, System.Single networkTimeoutSeconds, System.Single keepaliveTime, System.Int32 sleepMilliseconds, System.Action`1[T] OnConnectionStartedCallback, System.Action DeregisterAll, Unity.Robotics.ROSTCPConnector.ROSConnection+OutgoingMessageQueue outgoingQueue, System.Collections.Concurrent.ConcurrentQueue`1[T] incomingQueue, System.Threading.CancellationToken token) [0x000b2] in <34d69507a0c34618b01cadecb365fdd8>:0 
Connection to 0.35,0.8,0:10000 failed - System.Net.Sockets.SocketException (0x80004005): Could not resolve host '0.35,0.8,0'
  at System.Net.Dns.Error_11001 (System.String hostName) [0x00015] in <b6d85684387445d1bc2505c6de8fed9f>:0 
  at System.Net.Dns.GetHostByName (System.String hostName) [0x00021] in <b6d85684387445d1bc2505c6de8fed9f>:0 
  at System.Net.Dns.GetHostEntry (System.String hostNameOrAddress) [0x00052] in <b6d85684387445d1bc2505c6de8fed9f>:0 
  at System.Net.Dns.GetHostAddresses (System.String hostNameOrAddress) [0x00056] in <b6d85684387445d1bc2505c6de8fed9f>:0 
  at System.Net.Sockets.TcpClient.Connect (System.String hostname, System.Int32 port) [0x00053] in <b6d85684387445d1bc2505c6de8fed9f>:0 
  at Unity.Robotics.ROSTCPConnector.ROSConnection.ConnectionThread (System.String rosIPAddress, System.Int32 rosPort, System.Single networkTimeoutSeconds, System.Single keepaliveTime, System.Int32 sleepMilliseconds, System.Action`1[T] OnConnectionStartedCallback, System.Action DeregisterAll, Unity.Robotics.ROSTCPConnector.ROSConnection+OutgoingMessageQueue outgoingQueue, System.Collections.Concurrent.ConcurrentQueue`1[T] incomingQueue, System.Threading.CancellationToken token) [0x000b2] in <34d69507a0c34618b01cadecb365fdd8>:0 
Connection to 0.35,0.8,0:10000 failed - System.Net.Sockets.SocketException (0x80004005): Could not resolve host '0.35,0.8,0'
  at System.Net.Dns.Error_11001 (System.String hostName) [0x00015] in <b6d85684387445d1bc2505c6de8fed9f>:0 
  at System.Net.Dns.GetHostByName (System.String hostName) [0x00021] in <b6d85684387445d1bc2505c6de8fed9f>:0 
  at System.Net.Dns.GetHostEntry (System.String hostNameOrAddress) [0x00052] in <b6d85684387445d1bc2505c6de8fed9f>:0 
  at System.Net.Dns.GetHostAddresses (System.String hostNameOrAddress) [0x00056] in <b6d85684387445d1bc2505c6de8fed9f>:0 
  at System.Net.Sockets.TcpClient.Connect (System.String hostname, System.Int32 port) [0x00053] in <b6d85684387445d1bc2505c6de8fed9f>:0 
  at Unity.Robotics.ROSTCPConnector.ROSConnection.ConnectionThread (System.String rosIPAddress, System.Int32 rosPort, System.Single networkTimeoutSeconds, System.Single keepaliveTime, System.Int32 sleepMilliseconds, System.Action`1[T] OnConnectionStartedCallback, System.Action DeregisterAll, Unity.Robotics.ROSTCPConnector.ROSConnection+OutgoingMessageQueue outgoingQueue, System.Collections.Concurrent.ConcurrentQueue`1[T] incomingQueue, System.Threading.CancellationToken token) [0x000b2] in <34d69507a0c34618b01cadecb365fdd8>:0 
[DemoDirector] progress frame=690 captured=690 virtualTime=22.97s wall=42.5s lastCapture=65.7ms avgCapture=59.1ms worst=253.1ms
Connection to 0.35,0.8,0:10000 failed - System.Net.Sockets.SocketException (0x80004005): Could not resolve host '0.35,0.8,0'
  at System.Net.Dns.Error_11001 (System.String hostName) [0x00015] in <b6d85684387445d1bc2505c6de8fed9f>:0 
  at System.Net.Dns.GetHostByName (System.String hostName) [0x00021] in <b6d85684387445d1bc2505c6de8fed9f>:0 
  at System.Net.Dns.GetHostEntry (System.String hostNameOrAddress) [0x00052] in <b6d85684387445d1bc2505c6de8fed9f>:0 
  at System.Net.Dns.GetHostAddresses (System.String hostNameOrAddress) [0x00056] in <b6d85684387445d1bc2505c6de8fed9f>:0 
  at System.Net.Sockets.TcpClient.Connect (System.String hostname, System.Int32 port) [0x00053] in <b6d85684387445d1bc2505c6de8fed9f>:0 
  at Unity.Robotics.ROSTCPConnector.ROSConnection.ConnectionThread (System.String rosIPAddress, System.Int32 rosPort, System.Single networkTimeoutSeconds, System.Single keepaliveTime, System.Int32 sleepMilliseconds, System.Action`1[T] OnConnectionStartedCallback, System.Action DeregisterAll, Unity.Robotics.ROSTCPConnector.ROSConnection+OutgoingMessageQueue outgoingQueue, System.Collections.Concurrent.ConcurrentQueue`1[T] incomingQueue, System.Threading.CancellationToken token) [0x000b2] in <34d69507a0c34618b01cadecb365fdd8>:0 
Connection to 0.35,0.8,0:10000 failed - System.Net.Sockets.SocketException (0x80004005): Could not resolve host '0.35,0.8,0'
  at System.Net.Dns.Error_11001 (System.String hostName) [0x00015] in <b6d85684387445d1bc2505c6de8fed9f>:0 
  at System.Net.Dns.GetHostByName (System.String hostName) [0x00021] in <b6d85684387445d1bc2505c6de8fed9f>:0 
  at System.Net.Dns.GetHostEntry (System.String hostNameOrAddress) [0x00052] in <b6d85684387445d1bc2505c6de8fed9f>:0 
  at System.Net.Dns.GetHostAddresses (System.String hostNameOrAddress) [0x00056] in <b6d85684387445d1bc2505c6de8fed9f>:0 
  at System.Net.Sockets.TcpClient.Connect (System.String hostname, System.Int32 port) [0x00053] in <b6d85684387445d1bc2505c6de8fed9f>:0 
  at Unity.Robotics.ROSTCPConnector.ROSConnection.ConnectionThread (System.String rosIPAddress, System.Int32 rosPort, System.Single networkTimeoutSeconds, System.Single keepaliveTime, System.Int32 sleepMilliseconds, System.Action`1[T] OnConnectionStartedCallback, System.Action DeregisterAll, Unity.Robotics.ROSTCPConnector.ROSConnection+OutgoingMessageQueue outgoingQueue, System.Collections.Concurrent.ConcurrentQueue`1[T] incomingQueue, System.Threading.CancellationToken token) [0x000b2] in <34d69507a0c34618b01cadecb365fdd8>:0 
Connection to 0.35,0.8,0:10000 failed - System.Net.Sockets.SocketException (0x80004005): Could not resolve host '0.35,0.8,0'
  at System.Net.Dns.Error_11001 (System.String hostName) [0x00015] in <b6d85684387445d1bc2505c6de8fed9f>:0 
  at System.Net.Dns.GetHostByName (System.String hostName) [0x00021] in <b6d85684387445d1bc2505c6de8fed9f>:0 
  at System.Net.Dns.GetHostEntry (System.String hostNameOrAddress) [0x00052] in <b6d85684387445d1bc2505c6de8fed9f>:0 
  at System.Net.Dns.GetHostAddresses (System.String hostNameOrAddress) [0x00056] in <b6d85684387445d1bc2505c6de8fed9f>:0 
  at System.Net.Sockets.TcpClient.Connect (System.String hostname, System.Int32 port) [0x00053] in <b6d85684387445d1bc2505c6de8fed9f>:0 
  at Unity.Robotics.ROSTCPConnector.ROSConnection.ConnectionThread (System.String rosIPAddress, System.Int32 rosPort, System.Single networkTimeoutSeconds, System.Single keepaliveTime, System.Int32 sleepMilliseconds, System.Action`1[T] OnConnectionStartedCallback, System.Action DeregisterAll, Unity.Robotics.ROSTCPConnector.ROSConnection+OutgoingMessageQueue outgoingQueue, System.Collections.Concurrent.ConcurrentQueue`1[T] incomingQueue, System.Threading.CancellationToken token) [0x000b2] in <34d69507a0c34618b01cadecb365fdd8>:0 
Connection to 0.35,0.8,0:10000 failed - System.Net.Sockets.SocketException (0x80004005): Could not resolve host '0.35,0.8,0'
  at System.Net.Dns.Error_11001 (System.String hostName) [0x00015] in <b6d85684387445d1bc2505c6de8fed9f>:0 
  at System.Net.Dns.GetHostByName (System.String hostName) [0x00021] in <b6d85684387445d1bc2505c6de8fed9f>:0 
  at System.Net.Dns.GetHostEntry (System.String hostNameOrAddress) [0x00052] in <b6d85684387445d1bc2505c6de8fed9f>:0 
  at System.Net.Dns.GetHostAddresses (System.String hostNameOrAddress) [0x00056] in <b6d85684387445d1bc2505c6de8fed9f>:0 
  at System.Net.Sockets.TcpClient.Connect (System.String hostname, System.Int32 port) [0x00053] in <b6d85684387445d1bc2505c6de8fed9f>:0 
  at Unity.Robotics.ROSTCPConnector.ROSConnection.ConnectionThread (System.String rosIPAddress, System.Int32 rosPort, System.Single networkTimeoutSeconds, System.Single keepaliveTime, System.Int32 sleepMilliseconds, System.Action`1[T] OnConnectionStartedCallback, System.Action DeregisterAll, Unity.Robotics.ROSTCPConnector.ROSConnection+OutgoingMessageQueue outgoingQueue, System.Collections.Concurrent.ConcurrentQueue`1[T] incomingQueue, System.Threading.CancellationToken token) [0x000b2] in <34d69507a0c34618b01cadecb365fdd8>:0 
Connection to 0.35,0.8,0:10000 failed - System.Net.Sockets.SocketException (0x80004005): Could not resolve host '0.35,0.8,0'
  at System.Net.Dns.Error_11001 (System.String hostName) [0x00015] in <b6d85684387445d1bc2505c6de8fed9f>:0 
  at System.Net.Dns.GetHostByName (System.String hostName) [0x00021] in <b6d85684387445d1bc2505c6de8fed9f>:0 
  at System.Net.Dns.GetHostEntry (System.String hostNameOrAddress) [0x00052] in <b6d85684387445d1bc2505c6de8fed9f>:0 
  at System.Net.Dns.GetHostAddresses (System.String hostNameOrAddress) [0x00056] in <b6d85684387445d1bc2505c6de8fed9f>:0 
  at System.Net.Sockets.TcpClient.Connect (System.String hostname, System.Int32 port) [0x00053] in <b6d85684387445d1bc2505c6de8fed9f>:0 
  at Unity.Robotics.ROSTCPConnector.ROSConnection.ConnectionThread (System.String rosIPAddress, System.Int32 rosPort, System.Single networkTimeoutSeconds, System.Single keepaliveTime, System.Int32 sleepMilliseconds, System.Action`1[T] OnConnectionStartedCallback, System.Action DeregisterAll, Unity.Robotics.ROSTCPConnector.ROSConnection+OutgoingMessageQueue outgoingQueue, System.Collections.Concurrent.ConcurrentQueue`1[T] incomingQueue, System.Threading.CancellationToken token) [0x000b2] in <34d69507a0c34618b01cadecb365fdd8>:0 
Connection to 0.35,0.8,0:10000 failed - System.Net.Sockets.SocketException (0x80004005): Could not resolve host '0.35,0.8,0'
  at System.Net.Dns.Error_11001 (System.String hostName) [0x00015] in <b6d85684387445d1bc2505c6de8fed9f>:0 
  at System.Net.Dns.GetHostByName (System.String hostName) [0x00021] in <b6d85684387445d1bc2505c6de8fed9f>:0 
  at System.Net.Dns.GetHostEntry (System.String hostNameOrAddress) [0x00052] in <b6d85684387445d1bc2505c6de8fed9f>:0 
  at System.Net.Dns.GetHostAddresses (System.String hostNameOrAddress) [0x00056] in <b6d85684387445d1bc2505c6de8fed9f>:0 
  at System.Net.Sockets.TcpClient.Connect (System.String hostname, System.Int32 port) [0x00053] in <b6d85684387445d1bc2505c6de8fed9f>:0 
  at Unity.Robotics.ROSTCPConnector.ROSConnection.ConnectionThread (System.String rosIPAddress, System.Int32 rosPort, System.Single networkTimeoutSeconds, System.Single keepaliveTime, System.Int32 sleepMilliseconds, System.Action`1[T] OnConnectionStartedCallback, System.Action DeregisterAll, Unity.Robotics.ROSTCPConnector.ROSConnection+OutgoingMessageQueue outgoingQueue, System.Collections.Concurrent.ConcurrentQueue`1[T] incomingQueue, System.Threading.CancellationToken token) [0x000b2] in <34d69507a0c34618b01cadecb365fdd8>:0 
[DemoDirector] progress frame=720 captured=720 virtualTime=23.97s wall=44.5s lastCapture=63.4ms avgCapture=59.4ms worst=253.1ms
Connection to 0.35,0.8,0:10000 failed - System.Net.Sockets.SocketException (0x80004005): Could not resolve host '0.35,0.8,0'
  at System.Net.Dns.Error_11001 (System.String hostName) [0x00015] in <b6d85684387445d1bc2505c6de8fed9f>:0 
  at System.Net.Dns.GetHostByName (System.String hostName) [0x00021] in <b6d85684387445d1bc2505c6de8fed9f>:0 
  at System.Net.Dns.GetHostEntry (System.String hostNameOrAddress) [0x00052] in <b6d85684387445d1bc2505c6de8fed9f>:0 
  at System.Net.Dns.GetHostAddresses (System.String hostNameOrAddress) [0x00056] in <b6d85684387445d1bc2505c6de8fed9f>:0 
  at System.Net.Sockets.TcpClient.Connect (System.String hostname, System.Int32 port) [0x00053] in <b6d85684387445d1bc2505c6de8fed9f>:0 
  at Unity.Robotics.ROSTCPConnector.ROSConnection.ConnectionThread (System.String rosIPAddress, System.Int32 rosPort, System.Single networkTimeoutSeconds, System.Single keepaliveTime, System.Int32 sleepMilliseconds, System.Action`1[T] OnConnectionStartedCallback, System.Action DeregisterAll, Unity.Robotics.ROSTCPConnector.ROSConnection+OutgoingMessageQueue outgoingQueue, System.Collections.Concurrent.ConcurrentQueue`1[T] incomingQueue, System.Threading.CancellationToken token) [0x000b2] in <34d69507a0c34618b01cadecb365fdd8>:0 
Connection to 0.35,0.8,0:10000 failed - System.Net.Sockets.SocketException (0x80004005): Could not resolve host '0.35,0.8,0'
  at System.Net.Dns.Error_11001 (System.String hostName) [0x00015] in <b6d85684387445d1bc2505c6de8fed9f>:0 
  at System.Net.Dns.GetHostByName (System.String hostName) [0x00021] in <b6d85684387445d1bc2505c6de8fed9f>:0 
  at System.Net.Dns.GetHostEntry (System.String hostNameOrAddress) [0x00052] in <b6d85684387445d1bc2505c6de8fed9f>:0 
  at System.Net.Dns.GetHostAddresses (System.String hostNameOrAddress) [0x00056] in <b6d85684387445d1bc2505c6de8fed9f>:0 
  at System.Net.Sockets.TcpClient.Connect (System.String hostname, System.Int32 port) [0x00053] in <b6d85684387445d1bc2505c6de8fed9f>:0 
  at Unity.Robotics.ROSTCPConnector.ROSConnection.ConnectionThread (System.String rosIPAddress, System.Int32 rosPort, System.Single networkTimeoutSeconds, System.Single keepaliveTime, System.Int32 sleepMilliseconds, System.Action`1[T] OnConnectionStartedCallback, System.Action DeregisterAll, Unity.Robotics.ROSTCPConnector.ROSConnection+OutgoingMessageQueue outgoingQueue, System.Collections.Concurrent.ConcurrentQueue`1[T] incomingQueue, System.Threading.CancellationToken token) [0x000b2] in <34d69507a0c34618b01cadecb365fdd8>:0 
Connection to 0.35,0.8,0:10000 failed - System.Net.Sockets.SocketException (0x80004005): Could not resolve host '0.35,0.8,0'
  at System.Net.Dns.Error_11001 (System.String hostName) [0x00015] in <b6d85684387445d1bc2505c6de8fed9f>:0 
  at System.Net.Dns.GetHostByName (System.String hostName) [0x00021] in <b6d85684387445d1bc2505c6de8fed9f>:0 
  at System.Net.Dns.GetHostEntry (System.String hostNameOrAddress) [0x00052] in <b6d85684387445d1bc2505c6de8fed9f>:0 
  at System.Net.Dns.GetHostAddresses (System.String hostNameOrAddress) [0x00056] in <b6d85684387445d1bc2505c6de8fed9f>:0 
  at System.Net.Sockets.TcpClient.Connect (System.String hostname, System.Int32 port) [0x00053] in <b6d85684387445d1bc2505c6de8fed9f>:0 
  at Unity.Robotics.ROSTCPConnector.ROSConnection.ConnectionThread (System.String rosIPAddress, System.Int32 rosPort, System.Single networkTimeoutSeconds, System.Single keepaliveTime, System.Int32 sleepMilliseconds, System.Action`1[T] OnConnectionStartedCallback, System.Action DeregisterAll, Unity.Robotics.ROSTCPConnector.ROSConnection+OutgoingMessageQueue outgoingQueue, System.Collections.Concurrent.ConcurrentQueue`1[T] incomingQueue, System.Threading.CancellationToken token) [0x000b2] in <34d69507a0c34618b01cadecb365fdd8>:0 
Connection to 0.35,0.8,0:10000 failed - System.Net.Sockets.SocketException (0x80004005): Could not resolve host '0.35,0.8,0'
  at System.Net.Dns.Error_11001 (System.String hostName) [0x00015] in <b6d85684387445d1bc2505c6de8fed9f>:0 
  at System.Net.Dns.GetHostByName (System.String hostName) [0x00021] in <b6d85684387445d1bc2505c6de8fed9f>:0 
  at System.Net.Dns.GetHostEntry (System.String hostNameOrAddress) [0x00052] in <b6d85684387445d1bc2505c6de8fed9f>:0 
  at System.Net.Dns.GetHostAddresses (System.String hostNameOrAddress) [0x00056] in <b6d85684387445d1bc2505c6de8fed9f>:0 
  at System.Net.Sockets.TcpClient.Connect (System.String hostname, System.Int32 port) [0x00053] in <b6d85684387445d1bc2505c6de8fed9f>:0 
  at Unity.Robotics.ROSTCPConnector.ROSConnection.ConnectionThread (System.String rosIPAddress, System.Int32 rosPort, System.Single networkTimeoutSeconds, System.Single keepaliveTime, System.Int32 sleepMilliseconds, System.Action`1[T] OnConnectionStartedCallback, System.Action DeregisterAll, Unity.Robotics.ROSTCPConnector.ROSConnection+OutgoingMessageQueue outgoingQueue, System.Collections.Concurrent.ConcurrentQueue`1[T] incomingQueue, System.Threading.CancellationToken token) [0x000b2] in <34d69507a0c34618b01cadecb365fdd8>:0 
Connection to 0.35,0.8,0:10000 failed - System.Net.Sockets.SocketException (0x80004005): Could not resolve host '0.35,0.8,0'
  at System.Net.Dns.Error_11001 (System.String hostName) [0x00015] in <b6d85684387445d1bc2505c6de8fed9f>:0 
  at System.Net.Dns.GetHostByName (System.String hostName) [0x00021] in <b6d85684387445d1bc2505c6de8fed9f>:0 
  at System.Net.Dns.GetHostEntry (System.String hostNameOrAddress) [0x00052] in <b6d85684387445d1bc2505c6de8fed9f>:0 
  at System.Net.Dns.GetHostAddresses (System.String hostNameOrAddress) [0x00056] in <b6d85684387445d1bc2505c6de8fed9f>:0 
  at System.Net.Sockets.TcpClient.Connect (System.String hostname, System.Int32 port) [0x00053] in <b6d85684387445d1bc2505c6de8fed9f>:0 
  at Unity.Robotics.ROSTCPConnector.ROSConnection.ConnectionThread (System.String rosIPAddress, System.Int32 rosPort, System.Single networkTimeoutSeconds, System.Single keepaliveTime, System.Int32 sleepMilliseconds, System.Action`1[T] OnConnectionStartedCallback, System.Action DeregisterAll, Unity.Robotics.ROSTCPConnector.ROSConnection+OutgoingMessageQueue outgoingQueue, System.Collections.Concurrent.ConcurrentQueue`1[T] incomingQueue, System.Threading.CancellationToken token) [0x000b2] in <34d69507a0c34618b01cadecb365fdd8>:0 
[DemoDirector] progress frame=750 captured=750 virtualTime=24.97s wall=46.3s lastCapture=58.3ms avgCapture=59.4ms worst=253.1ms
Connection to 0.35,0.8,0:10000 failed - System.Net.Sockets.SocketException (0x80004005): Could not resolve host '0.35,0.8,0'
  at System.Net.Dns.Error_11001 (System.String hostName) [0x00015] in <b6d85684387445d1bc2505c6de8fed9f>:0 
  at System.Net.Dns.GetHostByName (System.String hostName) [0x00021] in <b6d85684387445d1bc2505c6de8fed9f>:0 
  at System.Net.Dns.GetHostEntry (System.String hostNameOrAddress) [0x00052] in <b6d85684387445d1bc2505c6de8fed9f>:0 
  at System.Net.Dns.GetHostAddresses (System.String hostNameOrAddress) [0x00056] in <b6d85684387445d1bc2505c6de8fed9f>:0 
  at System.Net.Sockets.TcpClient.Connect (System.String hostname, System.Int32 port) [0x00053] in <b6d85684387445d1bc2505c6de8fed9f>:0 
  at Unity.Robotics.ROSTCPConnector.ROSConnection.ConnectionThread (System.String rosIPAddress, System.Int32 rosPort, System.Single networkTimeoutSeconds, System.Single keepaliveTime, System.Int32 sleepMilliseconds, System.Action`1[T] OnConnectionStartedCallback, System.Action DeregisterAll, Unity.Robotics.ROSTCPConnector.ROSConnection+OutgoingMessageQueue outgoingQueue, System.Collections.Concurrent.ConcurrentQueue`1[T] incomingQueue, System.Threading.CancellationToken token) [0x000b2] in <34d69507a0c34618b01cadecb365fdd8>:0 
Connection to 0.35,0.8,0:10000 failed - System.Net.Sockets.SocketException (0x80004005): Could not resolve host '0.35,0.8,0'
  at System.Net.Dns.Error_11001 (System.String hostName) [0x00015] in <b6d85684387445d1bc2505c6de8fed9f>:0 
  at System.Net.Dns.GetHostByName (System.String hostName) [0x00021] in <b6d85684387445d1bc2505c6de8fed9f>:0 
  at System.Net.Dns.GetHostEntry (System.String hostNameOrAddress) [0x00052] in <b6d85684387445d1bc2505c6de8fed9f>:0 
  at System.Net.Dns.GetHostAddresses (System.String hostNameOrAddress) [0x00056] in <b6d85684387445d1bc2505c6de8fed9f>:0 
  at System.Net.Sockets.TcpClient.Connect (System.String hostname, System.Int32 port) [0x00053] in <b6d85684387445d1bc2505c6de8fed9f>:0 
  at Unity.Robotics.ROSTCPConnector.ROSConnection.ConnectionThread (System.String rosIPAddress, System.Int32 rosPort, System.Single networkTimeoutSeconds, System.Single keepaliveTime, System.Int32 sleepMilliseconds, System.Action`1[T] OnConnectionStartedCallback, System.Action DeregisterAll, Unity.Robotics.ROSTCPConnector.ROSConnection+OutgoingMessageQueue outgoingQueue, System.Collections.Concurrent.ConcurrentQueue`1[T] incomingQueue, System.Threading.CancellationToken token) [0x000b2] in <34d69507a0c34618b01cadecb365fdd8>:0 
Connection to 0.35,0.8,0:10000 failed - System.Net.Sockets.SocketException (0x80004005): Could not resolve host '0.35,0.8,0'
  at System.Net.Dns.Error_11001 (System.String hostName) [0x00015] in <b6d85684387445d1bc2505c6de8fed9f>:0 
  at System.Net.Dns.GetHostByName (System.String hostName) [0x00021] in <b6d85684387445d1bc2505c6de8fed9f>:0 
  at System.Net.Dns.GetHostEntry (System.String hostNameOrAddress) [0x00052] in <b6d85684387445d1bc2505c6de8fed9f>:0 
  at System.Net.Dns.GetHostAddresses (System.String hostNameOrAddress) [0x00056] in <b6d85684387445d1bc2505c6de8fed9f>:0 
  at System.Net.Sockets.TcpClient.Connect (System.String hostname, System.Int32 port) [0x00053] in <b6d85684387445d1bc2505c6de8fed9f>:0 
  at Unity.Robotics.ROSTCPConnector.ROSConnection.ConnectionThread (System.String rosIPAddress, System.Int32 rosPort, System.Single networkTimeoutSeconds, System.Single keepaliveTime, System.Int32 sleepMilliseconds, System.Action`1[T] OnConnectionStartedCallback, System.Action DeregisterAll, Unity.Robotics.ROSTCPConnector.ROSConnection+OutgoingMessageQueue outgoingQueue, System.Collections.Concurrent.ConcurrentQueue`1[T] incomingQueue, System.Threading.CancellationToken token) [0x000b2] in <34d69507a0c34618b01cadecb365fdd8>:0 
Connection to 0.35,0.8,0:10000 failed - System.Net.Sockets.SocketException (0x80004005): Could not resolve host '0.35,0.8,0'
  at System.Net.Dns.Error_11001 (System.String hostName) [0x00015] in <b6d85684387445d1bc2505c6de8fed9f>:0 
  at System.Net.Dns.GetHostByName (System.String hostName) [0x00021] in <b6d85684387445d1bc2505c6de8fed9f>:0 
  at System.Net.Dns.GetHostEntry (System.String hostNameOrAddress) [0x00052] in <b6d85684387445d1bc2505c6de8fed9f>:0 
  at System.Net.Dns.GetHostAddresses (System.String hostNameOrAddress) [0x00056] in <b6d85684387445d1bc2505c6de8fed9f>:0 
  at System.Net.Sockets.TcpClient.Connect (System.String hostname, System.Int32 port) [0x00053] in <b6d85684387445d1bc2505c6de8fed9f>:0 
  at Unity.Robotics.ROSTCPConnector.ROSConnection.ConnectionThread (System.String rosIPAddress, System.Int32 rosPort, System.Single networkTimeoutSeconds, System.Single keepaliveTime, System.Int32 sleepMilliseconds, System.Action`1[T] OnConnectionStartedCallback, System.Action DeregisterAll, Unity.Robotics.ROSTCPConnector.ROSConnection+OutgoingMessageQueue outgoingQueue, System.Collections.Concurrent.ConcurrentQueue`1[T] incomingQueue, System.Threading.CancellationToken token) [0x000b2] in <34d69507a0c34618b01cadecb365fdd8>:0 
Connection to 0.35,0.8,0:10000 failed - System.Net.Sockets.SocketException (0x80004005): Could not resolve host '0.35,0.8,0'
  at System.Net.Dns.Error_11001 (System.String hostName) [0x00015] in <b6d85684387445d1bc2505c6de8fed9f>:0 
  at System.Net.Dns.GetHostByName (System.String hostName) [0x00021] in <b6d85684387445d1bc2505c6de8fed9f>:0 
  at System.Net.Dns.GetHostEntry (System.String hostNameOrAddress) [0x00052] in <b6d85684387445d1bc2505c6de8fed9f>:0 
  at System.Net.Dns.GetHostAddresses (System.String hostNameOrAddress) [0x00056] in <b6d85684387445d1bc2505c6de8fed9f>:0 
  at System.Net.Sockets.TcpClient.Connect (System.String hostname, System.Int32 port) [0x00053] in <b6d85684387445d1bc2505c6de8fed9f>:0 
  at Unity.Robotics.ROSTCPConnector.ROSConnection.ConnectionThread (System.String rosIPAddress, System.Int32 rosPort, System.Single networkTimeoutSeconds, System.Single keepaliveTime, System.Int32 sleepMilliseconds, System.Action`1[T] OnConnectionStartedCallback, System.Action DeregisterAll, Unity.Robotics.ROSTCPConnector.ROSConnection+OutgoingMessageQueue outgoingQueue, System.Collections.Concurrent.ConcurrentQueue`1[T] incomingQueue, System.Threading.CancellationToken token) [0x000b2] in <34d69507a0c34618b01cadecb365fdd8>:0 
Connection to 0.35,0.8,0:10000 failed - System.Net.Sockets.SocketException (0x80004005): Could not resolve host '0.35,0.8,0'
  at System.Net.Dns.Error_11001 (System.String hostName) [0x00015] in <b6d85684387445d1bc2505c6de8fed9f>:0 
  at System.Net.Dns.GetHostByName (System.String hostName) [0x00021] in <b6d85684387445d1bc2505c6de8fed9f>:0 
  at System.Net.Dns.GetHostEntry (System.String hostNameOrAddress) [0x00052] in <b6d85684387445d1bc2505c6de8fed9f>:0 
  at System.Net.Dns.GetHostAddresses (System.String hostNameOrAddress) [0x00056] in <b6d85684387445d1bc2505c6de8fed9f>:0 
  at System.Net.Sockets.TcpClient.Connect (System.String hostname, System.Int32 port) [0x00053] in <b6d85684387445d1bc2505c6de8fed9f>:0 
  at Unity.Robotics.ROSTCPConnector.ROSConnection.ConnectionThread (System.String rosIPAddress, System.Int32 rosPort, System.Single networkTimeoutSeconds, System.Single keepaliveTime, System.Int32 sleepMilliseconds, System.Action`1[T] OnConnectionStartedCallback, System.Action DeregisterAll, Unity.Robotics.ROSTCPConnector.ROSConnection+OutgoingMessageQueue outgoingQueue, System.Collections.Concurrent.ConcurrentQueue`1[T] incomingQueue, System.Threading.CancellationToken token) [0x000b2] in <34d69507a0c34618b01cadecb365fdd8>:0 
[DemoDirector] progress frame=780 captured=780 virtualTime=25.97s wall=48.1s lastCapture=62.1ms avgCapture=59.4ms worst=253.1ms
Connection to 0.35,0.8,0:10000 failed - System.Net.Sockets.SocketException (0x80004005): Could not resolve host '0.35,0.8,0'
  at System.Net.Dns.Error_11001 (System.String hostName) [0x00015] in <b6d85684387445d1bc2505c6de8fed9f>:0 
  at System.Net.Dns.GetHostByName (System.String hostName) [0x00021] in <b6d85684387445d1bc2505c6de8fed9f>:0 
  at System.Net.Dns.GetHostEntry (System.String hostNameOrAddress) [0x00052] in <b6d85684387445d1bc2505c6de8fed9f>:0 
  at System.Net.Dns.GetHostAddresses (System.String hostNameOrAddress) [0x00056] in <b6d85684387445d1bc2505c6de8fed9f>:0 
  at System.Net.Sockets.TcpClient.Connect (System.String hostname, System.Int32 port) [0x00053] in <b6d85684387445d1bc2505c6de8fed9f>:0 
  at Unity.Robotics.ROSTCPConnector.ROSConnection.ConnectionThread (System.String rosIPAddress, System.Int32 rosPort, System.Single networkTimeoutSeconds, System.Single keepaliveTime, System.Int32 sleepMilliseconds, System.Action`1[T] OnConnectionStartedCallback, System.Action DeregisterAll, Unity.Robotics.ROSTCPConnector.ROSConnection+OutgoingMessageQueue outgoingQueue, System.Collections.Concurrent.ConcurrentQueue`1[T] incomingQueue, System.Threading.CancellationToken token) [0x000b2] in <34d69507a0c34618b01cadecb365fdd8>:0 
Connection to 0.35,0.8,0:10000 failed - System.Net.Sockets.SocketException (0x80004005): Could not resolve host '0.35,0.8,0'
  at System.Net.Dns.Error_11001 (System.String hostName) [0x00015] in <b6d85684387445d1bc2505c6de8fed9f>:0 
  at System.Net.Dns.GetHostByName (System.String hostName) [0x00021] in <b6d85684387445d1bc2505c6de8fed9f>:0 
  at System.Net.Dns.GetHostEntry (System.String hostNameOrAddress) [0x00052] in <b6d85684387445d1bc2505c6de8fed9f>:0 
  at System.Net.Dns.GetHostAddresses (System.String hostNameOrAddress) [0x00056] in <b6d85684387445d1bc2505c6de8fed9f>:0 
  at System.Net.Sockets.TcpClient.Connect (System.String hostname, System.Int32 port) [0x00053] in <b6d85684387445d1bc2505c6de8fed9f>:0 
  at Unity.Robotics.ROSTCPConnector.ROSConnection.ConnectionThread (System.String rosIPAddress, System.Int32 rosPort, System.Single networkTimeoutSeconds, System.Single keepaliveTime, System.Int32 sleepMilliseconds, System.Action`1[T] OnConnectionStartedCallback, System.Action DeregisterAll, Unity.Robotics.ROSTCPConnector.ROSConnection+OutgoingMessageQueue outgoingQueue, System.Collections.Concurrent.ConcurrentQueue`1[T] incomingQueue, System.Threading.CancellationToken token) [0x000b2] in <34d69507a0c34618b01cadecb365fdd8>:0 
Connection to 0.35,0.8,0:10000 failed - System.Net.Sockets.SocketException (0x80004005): Could not resolve host '0.35,0.8,0'
  at System.Net.Dns.Error_11001 (System.String hostName) [0x00015] in <b6d85684387445d1bc2505c6de8fed9f>:0 
  at System.Net.Dns.GetHostByName (System.String hostName) [0x00021] in <b6d85684387445d1bc2505c6de8fed9f>:0 
  at System.Net.Dns.GetHostEntry (System.String hostNameOrAddress) [0x00052] in <b6d85684387445d1bc2505c6de8fed9f>:0 
  at System.Net.Dns.GetHostAddresses (System.String hostNameOrAddress) [0x00056] in <b6d85684387445d1bc2505c6de8fed9f>:0 
  at System.Net.Sockets.TcpClient.Connect (System.String hostname, System.Int32 port) [0x00053] in <b6d85684387445d1bc2505c6de8fed9f>:0 
  at Unity.Robotics.ROSTCPConnector.ROSConnection.ConnectionThread (System.String rosIPAddress, System.Int32 rosPort, System.Single networkTimeoutSeconds, System.Single keepaliveTime, System.Int32 sleepMilliseconds, System.Action`1[T] OnConnectionStartedCallback, System.Action DeregisterAll, Unity.Robotics.ROSTCPConnector.ROSConnection+OutgoingMessageQueue outgoingQueue, System.Collections.Concurrent.ConcurrentQueue`1[T] incomingQueue, System.Threading.CancellationToken token) [0x000b2] in <34d69507a0c34618b01cadecb365fdd8>:0 
Connection to 0.35,0.8,0:10000 failed - System.Net.Sockets.SocketException (0x80004005): Could not resolve host '0.35,0.8,0'
  at System.Net.Dns.Error_11001 (System.String hostName) [0x00015] in <b6d85684387445d1bc2505c6de8fed9f>:0 
  at System.Net.Dns.GetHostByName (System.String hostName) [0x00021] in <b6d85684387445d1bc2505c6de8fed9f>:0 
  at System.Net.Dns.GetHostEntry (System.String hostNameOrAddress) [0x00052] in <b6d85684387445d1bc2505c6de8fed9f>:0 
  at System.Net.Dns.GetHostAddresses (System.String hostNameOrAddress) [0x00056] in <b6d85684387445d1bc2505c6de8fed9f>:0 
  at System.Net.Sockets.TcpClient.Connect (System.String hostname, System.Int32 port) [0x00053] in <b6d85684387445d1bc2505c6de8fed9f>:0 
  at Unity.Robotics.ROSTCPConnector.ROSConnection.ConnectionThread (System.String rosIPAddress, System.Int32 rosPort, System.Single networkTimeoutSeconds, System.Single keepaliveTime, System.Int32 sleepMilliseconds, System.Action`1[T] OnConnectionStartedCallback, System.Action DeregisterAll, Unity.Robotics.ROSTCPConnector.ROSConnection+OutgoingMessageQueue outgoingQueue, System.Collections.Concurrent.ConcurrentQueue`1[T] incomingQueue, System.Threading.CancellationToken token) [0x000b2] in <34d69507a0c34618b01cadecb365fdd8>:0 
Connection to 0.35,0.8,0:10000 failed - System.Net.Sockets.SocketException (0x80004005): Could not resolve host '0.35,0.8,0'
  at System.Net.Dns.Error_11001 (System.String hostName) [0x00015] in <b6d85684387445d1bc2505c6de8fed9f>:0 
  at System.Net.Dns.GetHostByName (System.String hostName) [0x00021] in <b6d85684387445d1bc2505c6de8fed9f>:0 
  at System.Net.Dns.GetHostEntry (System.String hostNameOrAddress) [0x00052] in <b6d85684387445d1bc2505c6de8fed9f>:0 
  at System.Net.Dns.GetHostAddresses (System.String hostNameOrAddress) [0x00056] in <b6d85684387445d1bc2505c6de8fed9f>:0 
  at System.Net.Sockets.TcpClient.Connect (System.String hostname, System.Int32 port) [0x00053] in <b6d85684387445d1bc2505c6de8fed9f>:0 
  at Unity.Robotics.ROSTCPConnector.ROSConnection.ConnectionThread (System.String rosIPAddress, System.Int32 rosPort, System.Single networkTimeoutSeconds, System.Single keepaliveTime, System.Int32 sleepMilliseconds, System.Action`1[T] OnConnectionStartedCallback, System.Action DeregisterAll, Unity.Robotics.ROSTCPConnector.ROSConnection+OutgoingMessageQueue outgoingQueue, System.Collections.Concurrent.ConcurrentQueue`1[T] incomingQueue, System.Threading.CancellationToken token) [0x000b2] in <34d69507a0c34618b01cadecb365fdd8>:0 
Connection to 0.35,0.8,0:10000 failed - System.Net.Sockets.SocketException (0x80004005): Could not resolve host '0.35,0.8,0'
  at System.Net.Dns.Error_11001 (System.String hostName) [0x00015] in <b6d85684387445d1bc2505c6de8fed9f>:0 
  at System.Net.Dns.GetHostByName (System.String hostName) [0x00021] in <b6d85684387445d1bc2505c6de8fed9f>:0 
  at System.Net.Dns.GetHostEntry (System.String hostNameOrAddress) [0x00052] in <b6d85684387445d1bc2505c6de8fed9f>:0 
  at System.Net.Dns.GetHostAddresses (System.String hostNameOrAddress) [0x00056] in <b6d85684387445d1bc2505c6de8fed9f>:0 
  at System.Net.Sockets.TcpClient.Connect (System.String hostname, System.Int32 port) [0x00053] in <b6d85684387445d1bc2505c6de8fed9f>:0 
  at Unity.Robotics.ROSTCPConnector.ROSConnection.ConnectionThread (System.String rosIPAddress, System.Int32 rosPort, System.Single networkTimeoutSeconds, System.Single keepaliveTime, System.Int32 sleepMilliseconds, System.Action`1[T] OnConnectionStartedCallback, System.Action DeregisterAll, Unity.Robotics.ROSTCPConnector.ROSConnection+OutgoingMessageQueue outgoingQueue, System.Collections.Concurrent.ConcurrentQueue`1[T] incomingQueue, System.Threading.CancellationToken token) [0x000b2] in <34d69507a0c34618b01cadecb365fdd8>:0 
[DemoDirector] progress frame=810 captured=810 virtualTime=26.97s wall=49.9s lastCapture=59.2ms avgCapture=59.3ms worst=253.1ms
Connection to 0.35,0.8,0:10000 failed - System.Net.Sockets.SocketException (0x80004005): Could not resolve host '0.35,0.8,0'
  at System.Net.Dns.Error_11001 (System.String hostName) [0x00015] in <b6d85684387445d1bc2505c6de8fed9f>:0 
  at System.Net.Dns.GetHostByName (System.String hostName) [0x00021] in <b6d85684387445d1bc2505c6de8fed9f>:0 
  at System.Net.Dns.GetHostEntry (System.String hostNameOrAddress) [0x00052] in <b6d85684387445d1bc2505c6de8fed9f>:0 
  at System.Net.Dns.GetHostAddresses (System.String hostNameOrAddress) [0x00056] in <b6d85684387445d1bc2505c6de8fed9f>:0 
  at System.Net.Sockets.TcpClient.Connect (System.String hostname, System.Int32 port) [0x00053] in <b6d85684387445d1bc2505c6de8fed9f>:0 
  at Unity.Robotics.ROSTCPConnector.ROSConnection.ConnectionThread (System.String rosIPAddress, System.Int32 rosPort, System.Single networkTimeoutSeconds, System.Single keepaliveTime, System.Int32 sleepMilliseconds, System.Action`1[T] OnConnectionStartedCallback, System.Action DeregisterAll, Unity.Robotics.ROSTCPConnector.ROSConnection+OutgoingMessageQueue outgoingQueue, System.Collections.Concurrent.ConcurrentQueue`1[T] incomingQueue, System.Threading.CancellationToken token) [0x000b2] in <34d69507a0c34618b01cadecb365fdd8>:0 
Connection to 0.35,0.8,0:10000 failed - System.Net.Sockets.SocketException (0x80004005): Could not resolve host '0.35,0.8,0'
  at System.Net.Dns.Error_11001 (System.String hostName) [0x00015] in <b6d85684387445d1bc2505c6de8fed9f>:0 
  at System.Net.Dns.GetHostByName (System.String hostName) [0x00021] in <b6d85684387445d1bc2505c6de8fed9f>:0 
  at System.Net.Dns.GetHostEntry (System.String hostNameOrAddress) [0x00052] in <b6d85684387445d1bc2505c6de8fed9f>:0 
  at System.Net.Dns.GetHostAddresses (System.String hostNameOrAddress) [0x00056] in <b6d85684387445d1bc2505c6de8fed9f>:0 
  at System.Net.Sockets.TcpClient.Connect (System.String hostname, System.Int32 port) [0x00053] in <b6d85684387445d1bc2505c6de8fed9f>:0 
  at Unity.Robotics.ROSTCPConnector.ROSConnection.ConnectionThread (System.String rosIPAddress, System.Int32 rosPort, System.Single networkTimeoutSeconds, System.Single keepaliveTime, System.Int32 sleepMilliseconds, System.Action`1[T] OnConnectionStartedCallback, System.Action DeregisterAll, Unity.Robotics.ROSTCPConnector.ROSConnection+OutgoingMessageQueue outgoingQueue, System.Collections.Concurrent.ConcurrentQueue`1[T] incomingQueue, System.Threading.CancellationToken token) [0x000b2] in <34d69507a0c34618b01cadecb365fdd8>:0 
Connection to 0.35,0.8,0:10000 failed - System.Net.Sockets.SocketException (0x80004005): Could not resolve host '0.35,0.8,0'
  at System.Net.Dns.Error_11001 (System.String hostName) [0x00015] in <b6d85684387445d1bc2505c6de8fed9f>:0 
  at System.Net.Dns.GetHostByName (System.String hostName) [0x00021] in <b6d85684387445d1bc2505c6de8fed9f>:0 
  at System.Net.Dns.GetHostEntry (System.String hostNameOrAddress) [0x00052] in <b6d85684387445d1bc2505c6de8fed9f>:0 
  at System.Net.Dns.GetHostAddresses (System.String hostNameOrAddress) [0x00056] in <b6d85684387445d1bc2505c6de8fed9f>:0 
  at System.Net.Sockets.TcpClient.Connect (System.String hostname, System.Int32 port) [0x00053] in <b6d85684387445d1bc2505c6de8fed9f>:0 
  at Unity.Robotics.ROSTCPConnector.ROSConnection.ConnectionThread (System.String rosIPAddress, System.Int32 rosPort, System.Single networkTimeoutSeconds, System.Single keepaliveTime, System.Int32 sleepMilliseconds, System.Action`1[T] OnConnectionStartedCallback, System.Action DeregisterAll, Unity.Robotics.ROSTCPConnector.ROSConnection+OutgoingMessageQueue outgoingQueue, System.Collections.Concurrent.ConcurrentQueue`1[T] incomingQueue, System.Threading.CancellationToken token) [0x000b2] in <34d69507a0c34618b01cadecb365fdd8>:0 
Connection to 0.35,0.8,0:10000 failed - System.Net.Sockets.SocketException (0x80004005): Could not resolve host '0.35,0.8,0'
  at System.Net.Dns.Error_11001 (System.String hostName) [0x00015] in <b6d85684387445d1bc2505c6de8fed9f>:0 
  at System.Net.Dns.GetHostByName (System.String hostName) [0x00021] in <b6d85684387445d1bc2505c6de8fed9f>:0 
  at System.Net.Dns.GetHostEntry (System.String hostNameOrAddress) [0x00052] in <b6d85684387445d1bc2505c6de8fed9f>:0 
  at System.Net.Dns.GetHostAddresses (System.String hostNameOrAddress) [0x00056] in <b6d85684387445d1bc2505c6de8fed9f>:0 
  at System.Net.Sockets.TcpClient.Connect (System.String hostname, System.Int32 port) [0x00053] in <b6d85684387445d1bc2505c6de8fed9f>:0 
  at Unity.Robotics.ROSTCPConnector.ROSConnection.ConnectionThread (System.String rosIPAddress, System.Int32 rosPort, System.Single networkTimeoutSeconds, System.Single keepaliveTime, System.Int32 sleepMilliseconds, System.Action`1[T] OnConnectionStartedCallback, System.Action DeregisterAll, Unity.Robotics.ROSTCPConnector.ROSConnection+OutgoingMessageQueue outgoingQueue, System.Collections.Concurrent.ConcurrentQueue`1[T] incomingQueue, System.Threading.CancellationToken token) [0x000b2] in <34d69507a0c34618b01cadecb365fdd8>:0 
Connection to 0.35,0.8,0:10000 failed - System.Net.Sockets.SocketException (0x80004005): Could not resolve host '0.35,0.8,0'
  at System.Net.Dns.Error_11001 (System.String hostName) [0x00015] in <b6d85684387445d1bc2505c6de8fed9f>:0 
  at System.Net.Dns.GetHostByName (System.String hostName) [0x00021] in <b6d85684387445d1bc2505c6de8fed9f>:0 
  at System.Net.Dns.GetHostEntry (System.String hostNameOrAddress) [0x00052] in <b6d85684387445d1bc2505c6de8fed9f>:0 
  at System.Net.Dns.GetHostAddresses (System.String hostNameOrAddress) [0x00056] in <b6d85684387445d1bc2505c6de8fed9f>:0 
  at System.Net.Sockets.TcpClient.Connect (System.String hostname, System.Int32 port) [0x00053] in <b6d85684387445d1bc2505c6de8fed9f>:0 
  at Unity.Robotics.ROSTCPConnector.ROSConnection.ConnectionThread (System.String rosIPAddress, System.Int32 rosPort, System.Single networkTimeoutSeconds, System.Single keepaliveTime, System.Int32 sleepMilliseconds, System.Action`1[T] OnConnectionStartedCallback, System.Action DeregisterAll, Unity.Robotics.ROSTCPConnector.ROSConnection+OutgoingMessageQueue outgoingQueue, System.Collections.Concurrent.ConcurrentQueue`1[T] incomingQueue, System.Threading.CancellationToken token) [0x000b2] in <34d69507a0c34618b01cadecb365fdd8>:0 
Connection to 0.35,0.8,0:10000 failed - System.Net.Sockets.SocketException (0x80004005): Could not resolve host '0.35,0.8,0'
  at System.Net.Dns.Error_11001 (System.String hostName) [0x00015] in <b6d85684387445d1bc2505c6de8fed9f>:0 
  at System.Net.Dns.GetHostByName (System.String hostName) [0x00021] in <b6d85684387445d1bc2505c6de8fed9f>:0 
  at System.Net.Dns.GetHostEntry (System.String hostNameOrAddress) [0x00052] in <b6d85684387445d1bc2505c6de8fed9f>:0 
  at System.Net.Dns.GetHostAddresses (System.String hostNameOrAddress) [0x00056] in <b6d85684387445d1bc2505c6de8fed9f>:0 
  at System.Net.Sockets.TcpClient.Connect (System.String hostname, System.Int32 port) [0x00053] in <b6d85684387445d1bc2505c6de8fed9f>:0 
  at Unity.Robotics.ROSTCPConnector.ROSConnection.ConnectionThread (System.String rosIPAddress, System.Int32 rosPort, System.Single networkTimeoutSeconds, System.Single keepaliveTime, System.Int32 sleepMilliseconds, System.Action`1[T] OnConnectionStartedCallback, System.Action DeregisterAll, Unity.Robotics.ROSTCPConnector.ROSConnection+OutgoingMessageQueue outgoingQueue, System.Collections.Concurrent.ConcurrentQueue`1[T] incomingQueue, System.Threading.CancellationToken token) [0x000b2] in <34d69507a0c34618b01cadecb365fdd8>:0 
[DemoDirector] progress frame=840 captured=840 virtualTime=27.97s wall=51.7s lastCapture=56.3ms avgCapture=59.3ms worst=253.1ms
Connection to 0.35,0.8,0:10000 failed - System.Net.Sockets.SocketException (0x80004005): Could not resolve host '0.35,0.8,0'
  at System.Net.Dns.Error_11001 (System.String hostName) [0x00015] in <b6d85684387445d1bc2505c6de8fed9f>:0 
  at System.Net.Dns.GetHostByName (System.String hostName) [0x00021] in <b6d85684387445d1bc2505c6de8fed9f>:0 
  at System.Net.Dns.GetHostEntry (System.String hostNameOrAddress) [0x00052] in <b6d85684387445d1bc2505c6de8fed9f>:0 
  at System.Net.Dns.GetHostAddresses (System.String hostNameOrAddress) [0x00056] in <b6d85684387445d1bc2505c6de8fed9f>:0 
  at System.Net.Sockets.TcpClient.Connect (System.String hostname, System.Int32 port) [0x00053] in <b6d85684387445d1bc2505c6de8fed9f>:0 
  at Unity.Robotics.ROSTCPConnector.ROSConnection.ConnectionThread (System.String rosIPAddress, System.Int32 rosPort, System.Single networkTimeoutSeconds, System.Single keepaliveTime, System.Int32 sleepMilliseconds, System.Action`1[T] OnConnectionStartedCallback, System.Action DeregisterAll, Unity.Robotics.ROSTCPConnector.ROSConnection+OutgoingMessageQueue outgoingQueue, System.Collections.Concurrent.ConcurrentQueue`1[T] incomingQueue, System.Threading.CancellationToken token) [0x000b2] in <34d69507a0c34618b01cadecb365fdd8>:0 
Connection to 0.35,0.8,0:10000 failed - System.Net.Sockets.SocketException (0x80004005): Could not resolve host '0.35,0.8,0'
  at System.Net.Dns.Error_11001 (System.String hostName) [0x00015] in <b6d85684387445d1bc2505c6de8fed9f>:0 
  at System.Net.Dns.GetHostByName (System.String hostName) [0x00021] in <b6d85684387445d1bc2505c6de8fed9f>:0 
  at System.Net.Dns.GetHostEntry (System.String hostNameOrAddress) [0x00052] in <b6d85684387445d1bc2505c6de8fed9f>:0 
  at System.Net.Dns.GetHostAddresses (System.String hostNameOrAddress) [0x00056] in <b6d85684387445d1bc2505c6de8fed9f>:0 
  at System.Net.Sockets.TcpClient.Connect (System.String hostname, System.Int32 port) [0x00053] in <b6d85684387445d1bc2505c6de8fed9f>:0 
  at Unity.Robotics.ROSTCPConnector.ROSConnection.ConnectionThread (System.String rosIPAddress, System.Int32 rosPort, System.Single networkTimeoutSeconds, System.Single keepaliveTime, System.Int32 sleepMilliseconds, System.Action`1[T] OnConnectionStartedCallback, System.Action DeregisterAll, Unity.Robotics.ROSTCPConnector.ROSConnection+OutgoingMessageQueue outgoingQueue, System.Collections.Concurrent.ConcurrentQueue`1[T] incomingQueue, System.Threading.CancellationToken token) [0x000b2] in <34d69507a0c34618b01cadecb365fdd8>:0 
Connection to 0.35,0.8,0:10000 failed - System.Net.Sockets.SocketException (0x80004005): Could not resolve host '0.35,0.8,0'
  at System.Net.Dns.Error_11001 (System.String hostName) [0x00015] in <b6d85684387445d1bc2505c6de8fed9f>:0 
  at System.Net.Dns.GetHostByName (System.String hostName) [0x00021] in <b6d85684387445d1bc2505c6de8fed9f>:0 
  at System.Net.Dns.GetHostEntry (System.String hostNameOrAddress) [0x00052] in <b6d85684387445d1bc2505c6de8fed9f>:0 
  at System.Net.Dns.GetHostAddresses (System.String hostNameOrAddress) [0x00056] in <b6d85684387445d1bc2505c6de8fed9f>:0 
  at System.Net.Sockets.TcpClient.Connect (System.String hostname, System.Int32 port) [0x00053] in <b6d85684387445d1bc2505c6de8fed9f>:0 
  at Unity.Robotics.ROSTCPConnector.ROSConnection.ConnectionThread (System.String rosIPAddress, System.Int32 rosPort, System.Single networkTimeoutSeconds, System.Single keepaliveTime, System.Int32 sleepMilliseconds, System.Action`1[T] OnConnectionStartedCallback, System.Action DeregisterAll, Unity.Robotics.ROSTCPConnector.ROSConnection+OutgoingMessageQueue outgoingQueue, System.Collections.Concurrent.ConcurrentQueue`1[T] incomingQueue, System.Threading.CancellationToken token) [0x000b2] in <34d69507a0c34618b01cadecb365fdd8>:0 
Connection to 0.35,0.8,0:10000 failed - System.Net.Sockets.SocketException (0x80004005): Could not resolve host '0.35,0.8,0'
  at System.Net.Dns.Error_11001 (System.String hostName) [0x00015] in <b6d85684387445d1bc2505c6de8fed9f>:0 
  at System.Net.Dns.GetHostByName (System.String hostName) [0x00021] in <b6d85684387445d1bc2505c6de8fed9f>:0 
  at System.Net.Dns.GetHostEntry (System.String hostNameOrAddress) [0x00052] in <b6d85684387445d1bc2505c6de8fed9f>:0 
  at System.Net.Dns.GetHostAddresses (System.String hostNameOrAddress) [0x00056] in <b6d85684387445d1bc2505c6de8fed9f>:0 
  at System.Net.Sockets.TcpClient.Connect (System.String hostname, System.Int32 port) [0x00053] in <b6d85684387445d1bc2505c6de8fed9f>:0 
  at Unity.Robotics.ROSTCPConnector.ROSConnection.ConnectionThread (System.String rosIPAddress, System.Int32 rosPort, System.Single networkTimeoutSeconds, System.Single keepaliveTime, System.Int32 sleepMilliseconds, System.Action`1[T] OnConnectionStartedCallback, System.Action DeregisterAll, Unity.Robotics.ROSTCPConnector.ROSConnection+OutgoingMessageQueue outgoingQueue, System.Collections.Concurrent.ConcurrentQueue`1[T] incomingQueue, System.Threading.CancellationToken token) [0x000b2] in <34d69507a0c34618b01cadecb365fdd8>:0 
Connection to 0.35,0.8,0:10000 failed - System.Net.Sockets.SocketException (0x80004005): Could not resolve host '0.35,0.8,0'
  at System.Net.Dns.Error_11001 (System.String hostName) [0x00015] in <b6d85684387445d1bc2505c6de8fed9f>:0 
  at System.Net.Dns.GetHostByName (System.String hostName) [0x00021] in <b6d85684387445d1bc2505c6de8fed9f>:0 
  at System.Net.Dns.GetHostEntry (System.String hostNameOrAddress) [0x00052] in <b6d85684387445d1bc2505c6de8fed9f>:0 
  at System.Net.Dns.GetHostAddresses (System.String hostNameOrAddress) [0x00056] in <b6d85684387445d1bc2505c6de8fed9f>:0 
  at System.Net.Sockets.TcpClient.Connect (System.String hostname, System.Int32 port) [0x00053] in <b6d85684387445d1bc2505c6de8fed9f>:0 
  at Unity.Robotics.ROSTCPConnector.ROSConnection.ConnectionThread (System.String rosIPAddress, System.Int32 rosPort, System.Single networkTimeoutSeconds, System.Single keepaliveTime, System.Int32 sleepMilliseconds, System.Action`1[T] OnConnectionStartedCallback, System.Action DeregisterAll, Unity.Robotics.ROSTCPConnector.ROSConnection+OutgoingMessageQueue outgoingQueue, System.Collections.Concurrent.ConcurrentQueue`1[T] incomingQueue, System.Threading.CancellationToken token) [0x000b2] in <34d69507a0c34618b01cadecb365fdd8>:0 
Connection to 0.35,0.8,0:10000 failed - System.Net.Sockets.SocketException (0x80004005): Could not resolve host '0.35,0.8,0'
  at System.Net.Dns.Error_11001 (System.String hostName) [0x00015] in <b6d85684387445d1bc2505c6de8fed9f>:0 
  at System.Net.Dns.GetHostByName (System.String hostName) [0x00021] in <b6d85684387445d1bc2505c6de8fed9f>:0 
  at System.Net.Dns.GetHostEntry (System.String hostNameOrAddress) [0x00052] in <b6d85684387445d1bc2505c6de8fed9f>:0 
  at System.Net.Dns.GetHostAddresses (System.String hostNameOrAddress) [0x00056] in <b6d85684387445d1bc2505c6de8fed9f>:0 
  at System.Net.Sockets.TcpClient.Connect (System.String hostname, System.Int32 port) [0x00053] in <b6d85684387445d1bc2505c6de8fed9f>:0 
  at Unity.Robotics.ROSTCPConnector.ROSConnection.ConnectionThread (System.String rosIPAddress, System.Int32 rosPort, System.Single networkTimeoutSeconds, System.Single keepaliveTime, System.Int32 sleepMilliseconds, System.Action`1[T] OnConnectionStartedCallback, System.Action DeregisterAll, Unity.Robotics.ROSTCPConnector.ROSConnection+OutgoingMessageQueue outgoingQueue, System.Collections.Concurrent.ConcurrentQueue`1[T] incomingQueue, System.Threading.CancellationToken token) [0x000b2] in <34d69507a0c34618b01cadecb365fdd8>:0 
[DemoDirector] progress frame=870 captured=870 virtualTime=28.97s wall=53.5s lastCapture=59.3ms avgCapture=59.3ms worst=253.1ms
Connection to 0.35,0.8,0:10000 failed - System.Net.Sockets.SocketException (0x80004005): Could not resolve host '0.35,0.8,0'
  at System.Net.Dns.Error_11001 (System.String hostName) [0x00015] in <b6d85684387445d1bc2505c6de8fed9f>:0 
  at System.Net.Dns.GetHostByName (System.String hostName) [0x00021] in <b6d85684387445d1bc2505c6de8fed9f>:0 
  at System.Net.Dns.GetHostEntry (System.String hostNameOrAddress) [0x00052] in <b6d85684387445d1bc2505c6de8fed9f>:0 
  at System.Net.Dns.GetHostAddresses (System.String hostNameOrAddress) [0x00056] in <b6d85684387445d1bc2505c6de8fed9f>:0 
  at System.Net.Sockets.TcpClient.Connect (System.String hostname, System.Int32 port) [0x00053] in <b6d85684387445d1bc2505c6de8fed9f>:0 
  at Unity.Robotics.ROSTCPConnector.ROSConnection.ConnectionThread (System.String rosIPAddress, System.Int32 rosPort, System.Single networkTimeoutSeconds, System.Single keepaliveTime, System.Int32 sleepMilliseconds, System.Action`1[T] OnConnectionStartedCallback, System.Action DeregisterAll, Unity.Robotics.ROSTCPConnector.ROSConnection+OutgoingMessageQueue outgoingQueue, System.Collections.Concurrent.ConcurrentQueue`1[T] incomingQueue, System.Threading.CancellationToken token) [0x000b2] in <34d69507a0c34618b01cadecb365fdd8>:0 
Connection to 0.35,0.8,0:10000 failed - System.Net.Sockets.SocketException (0x80004005): Could not resolve host '0.35,0.8,0'
  at System.Net.Dns.Error_11001 (System.String hostName) [0x00015] in <b6d85684387445d1bc2505c6de8fed9f>:0 
  at System.Net.Dns.GetHostByName (System.String hostName) [0x00021] in <b6d85684387445d1bc2505c6de8fed9f>:0 
  at System.Net.Dns.GetHostEntry (System.String hostNameOrAddress) [0x00052] in <b6d85684387445d1bc2505c6de8fed9f>:0 
  at System.Net.Dns.GetHostAddresses (System.String hostNameOrAddress) [0x00056] in <b6d85684387445d1bc2505c6de8fed9f>:0 
  at System.Net.Sockets.TcpClient.Connect (System.String hostname, System.Int32 port) [0x00053] in <b6d85684387445d1bc2505c6de8fed9f>:0 
  at Unity.Robotics.ROSTCPConnector.ROSConnection.ConnectionThread (System.String rosIPAddress, System.Int32 rosPort, System.Single networkTimeoutSeconds, System.Single keepaliveTime, System.Int32 sleepMilliseconds, System.Action`1[T] OnConnectionStartedCallback, System.Action DeregisterAll, Unity.Robotics.ROSTCPConnector.ROSConnection+OutgoingMessageQueue outgoingQueue, System.Collections.Concurrent.ConcurrentQueue`1[T] incomingQueue, System.Threading.CancellationToken token) [0x000b2] in <34d69507a0c34618b01cadecb365fdd8>:0 
Connection to 0.35,0.8,0:10000 failed - System.Net.Sockets.SocketException (0x80004005): Could not resolve host '0.35,0.8,0'
  at System.Net.Dns.Error_11001 (System.String hostName) [0x00015] in <b6d85684387445d1bc2505c6de8fed9f>:0 
  at System.Net.Dns.GetHostByName (System.String hostName) [0x00021] in <b6d85684387445d1bc2505c6de8fed9f>:0 
  at System.Net.Dns.GetHostEntry (System.String hostNameOrAddress) [0x00052] in <b6d85684387445d1bc2505c6de8fed9f>:0 
  at System.Net.Dns.GetHostAddresses (System.String hostNameOrAddress) [0x00056] in <b6d85684387445d1bc2505c6de8fed9f>:0 
  at System.Net.Sockets.TcpClient.Connect (System.String hostname, System.Int32 port) [0x00053] in <b6d85684387445d1bc2505c6de8fed9f>:0 
  at Unity.Robotics.ROSTCPConnector.ROSConnection.ConnectionThread (System.String rosIPAddress, System.Int32 rosPort, System.Single networkTimeoutSeconds, System.Single keepaliveTime, System.Int32 sleepMilliseconds, System.Action`1[T] OnConnectionStartedCallback, System.Action DeregisterAll, Unity.Robotics.ROSTCPConnector.ROSConnection+OutgoingMessageQueue outgoingQueue, System.Collections.Concurrent.ConcurrentQueue`1[T] incomingQueue, System.Threading.CancellationToken token) [0x000b2] in <34d69507a0c34618b01cadecb365fdd8>:0 
[DemoDirector] progress frame=900 captured=900 virtualTime=29.97s wall=55.3s lastCapture=58.7ms avgCapture=59.2ms worst=253.1ms
[DemoDirector] captured 900 frames -> /data1/chh/project/robosupport/software/sim/Rubble_Pile_Simulator/tools/demo_render/.work/seed505_orbit/frames
Input System module state changed to: ShutdownInProgress.
Input System polling thread exited.
Input System module state changed to: Shutdown.
Vulkan PSO: data extracted [new size=518477, old size=518477, incomplete=0]
Vulkan PSO: Pipeline cache has not changed skipping save handle[236b340]
Memory Statistics:
[ALLOC_TEMP_TLS] TLS Allocator
  StackAllocators : 
    [ALLOC_TEMP_MAIN]
      Peak usage frame count: [1.0 MB-2.0 MB]: 899 frames, [2.0 MB-4.0 MB]: 1 frames
      Initial Block Size 4.0 MB
      Current Block Size 4.0 MB
      Peak Allocated Bytes 2.7 MB
      Overflow Count 0
    [ALLOC_TEMP_Job.Worker 18]
      Initial Block Size 256.0 KB
      Current Block Size 256.0 KB
      Peak Allocated Bytes 0 B
      Overflow Count 0
    [ALLOC_TEMP_Job.Worker 42]
      Initial Block Size 256.0 KB
      Current Block Size 256.0 KB
      Peak Allocated Bytes 0 B
      Overflow Count 0
    [ALLOC_TEMP_Job.Worker 58]
      Initial Block Size 256.0 KB
      Current Block Size 256.0 KB
      Peak Allocated Bytes 0 B
      Overflow Count 0
    [ALLOC_TEMP_Job.Worker 44]
      Initial Block Size 256.0 KB
      Current Block Size 256.0 KB
      Peak Allocated Bytes 0 B
      Overflow Count 0
    [ALLOC_TEMP_Job.Worker 73]
      Initial Block Size 256.0 KB
      Current Block Size 256.0 KB
      Peak Allocated Bytes 0 B
      Overflow Count 0
    [ALLOC_TEMP_Background Job.Worker 8]
      Initial Block Size 32.0 KB
      Current Block Size 32.0 KB
      Peak Allocated Bytes 0 B
      Overflow Count 0
    [ALLOC_TEMP_Job.Worker 40]
      Initial Block Size 256.0 KB
      Current Block Size 256.0 KB
      Peak Allocated Bytes 0 B
      Overflow Count 0
    [ALLOC_TEMP_Job.Worker 36]
      Initial Block Size 256.0 KB
      Current Block Size 256.0 KB
      Peak Allocated Bytes 0 B
      Overflow Count 0
    [ALLOC_TEMP_Job.Worker 77]
      Initial Block Size 256.0 KB
      Current Block Size 256.0 KB
      Peak Allocated Bytes 1.5 KB
      Overflow Count 0
    [ALLOC_TEMP_Job.Worker 16]
      Initial Block Size 256.0 KB
      Current Block Size 256.0 KB
      Peak Allocated Bytes 0 B
      Overflow Count 0
    [ALLOC_TEMP_Background Job.Worker 6]
      Initial Block Size 32.0 KB
      Current Block Size 32.0 KB
      Peak Allocated Bytes 0 B
      Overflow Count 0
    [ALLOC_TEMP_Job.Worker 4]
      Initial Block Size 256.0 KB
      Current Block Size 256.0 KB
      Peak Allocated Bytes 1.5 KB
      Overflow Count 0
    [ALLOC_TEMP_Job.Worker 27]
      Initial Block Size 256.0 KB
      Current Block Size 256.0 KB
      Peak Allocated Bytes 0 B
      Overflow Count 0
    [ALLOC_TEMP_Job.Worker 52]
      Initial Block Size 256.0 KB
      Current Block Size 256.0 KB
      Peak Allocated Bytes 0 B
      Overflow Count 0
    [ALLOC_TEMP_Job.Worker 60]
      Initial Block Size 256.0 KB
      Current Block Size 256.0 KB
      Peak Allocated Bytes 0 B
      Overflow Count 0
    [ALLOC_TEMP_Job.Worker 110]
      Initial Block Size 256.0 KB
      Current Block Size 256.0 KB
      Peak Allocated Bytes 0 B
      Overflow Count 0
    [ALLOC_TEMP_Background Job.Worker 10]
      Initial Block Size 32.0 KB
      Current Block Size 32.0 KB
      Peak Allocated Bytes 0 B
      Overflow Count 0
    [ALLOC_TEMP_Job.Worker 85]
      Initial Block Size 256.0 KB
      Current Block Size 256.0 KB
      Peak Allocated Bytes 0 B
      Overflow Count 0
    [ALLOC_TEMP_Job.Worker 103]
      Initial Block Size 256.0 KB
      Current Block Size 256.0 KB
      Peak Allocated Bytes 0 B
      Overflow Count 0
    [ALLOC_TEMP_Job.Worker 70]
      Initial Block Size 256.0 KB
      Current Block Size 256.0 KB
      Peak Allocated Bytes 0 B
      Overflow Count 0
    [ALLOC_TEMP_Job.Worker 79]
      Initial Block Size 256.0 KB
      Current Block Size 256.0 KB
      Peak Allocated Bytes 0 B
      Overflow Count 0
    [ALLOC_TEMP_Background Job.Worker 1]
      Initial Block Size 32.0 KB
      Current Block Size 32.0 KB
      Peak Allocated Bytes 0 B
      Overflow Count 0
    [ALLOC_TEMP_Job.Worker 78]
      Initial Block Size 256.0 KB
      Current Block Size 256.0 KB
      Peak Allocated Bytes 0 B
      Overflow Count 0
    [ALLOC_TEMP_Job.Worker 66]
      Initial Block Size 256.0 KB
      Current Block Size 256.0 KB
      Peak Allocated Bytes 0 B
      Overflow Count 0
    [ALLOC_TEMP_Job.Worker 74]
      Initial Block Size 256.0 KB
      Current Block Size 256.0 KB
      Peak Allocated Bytes 0 B
      Overflow Count 0
    [ALLOC_TEMP_Job.Worker 101]
      Initial Block Size 256.0 KB
      Current Block Size 256.0 KB
      Peak Allocated Bytes 0 B
      Overflow Count 0
    [ALLOC_TEMP_Job.Worker 53]
      Initial Block Size 256.0 KB
      Current Block Size 256.0 KB
      Peak Allocated Bytes 0 B
      Overflow Count 0
    [ALLOC_TEMP_Job.Worker 38]
      Initial Block Size 256.0 KB
      Current Block Size 256.0 KB
      Peak Allocated Bytes 0 B
      Overflow Count 0
    [ALLOC_TEMP_Background Job.Worker 11]
      Initial Block Size 32.0 KB
      Current Block Size 32.0 KB
      Peak Allocated Bytes 0 B
      Overflow Count 0
    [ALLOC_TEMP_Background Job.Worker 3]
      Initial Block Size 32.0 KB
      Current Block Size 32.0 KB
      Peak Allocated Bytes 0 B
      Overflow Count 0
    [ALLOC_TEMP_Job.Worker 20]
      Initial Block Size 256.0 KB
      Current Block Size 256.0 KB
      Peak Allocated Bytes 0 B
      Overflow Count 0
    [ALLOC_TEMP_Job.Worker 46]
      Initial Block Size 256.0 KB
      Current Block Size 256.0 KB
      Peak Allocated Bytes 0 B
      Overflow Count 0
    [ALLOC_TEMP_BatchDeleteObjects]
      Initial Block Size 64.0 KB
      Current Block Size 64.0 KB
      Peak Allocated Bytes 0 B
      Overflow Count 0
    [ALLOC_TEMP_Job.Worker 43]
      Initial Block Size 256.0 KB
      Current Block Size 256.0 KB
      Peak Allocated Bytes 0 B
      Overflow Count 0
    [ALLOC_TEMP_Job.Worker 51]
      Initial Block Size 256.0 KB
      Current Block Size 256.0 KB
      Peak Allocated Bytes 0 B
      Overflow Count 0
    [ALLOC_TEMP_Job.Worker 96]
      Initial Block Size 256.0 KB
      Current Block Size 256.0 KB
      Peak Allocated Bytes 0 B
      Overflow Count 0
    [ALLOC_TEMP_Job.Worker 30]
      Initial Block Size 256.0 KB
      Current Block Size 256.0 KB
      Peak Allocated Bytes 0 B
      Overflow Count 0
    [ALLOC_TEMP_Job.Worker 106]
      Initial Block Size 256.0 KB
      Current Block Size 256.0 KB
      Peak Allocated Bytes 0 B
      Overflow Count 0
    [ALLOC_TEMP_Job.Worker 63]
      Initial Block Size 256.0 KB
      Current Block Size 256.0 KB
      Peak Allocated Bytes 0 B
      Overflow Count 0
    [ALLOC_TEMP_Job.Worker 26]
      Initial Block Size 256.0 KB
      Current Block Size 256.0 KB
      Peak Allocated Bytes 0 B
      Overflow Count 0
    [ALLOC_TEMP_Job.Worker 21]
      Initial Block Size 256.0 KB
      Current Block Size 256.0 KB
      Peak Allocated Bytes 0 B
      Overflow Count 0
    [ALLOC_TEMP_Job.Worker 82]
      Initial Block Size 256.0 KB
      Current Block Size 256.0 KB
      Peak Allocated Bytes 0 B
      Overflow Count 0
    [ALLOC_TEMP_Job.Worker 86]
      Initial Block Size 256.0 KB
      Current Block Size 256.0 KB
      Peak Allocated Bytes 0 B
      Overflow Count 0
    [ALLOC_TEMP_Job.Worker 25]
      Initial Block Size 256.0 KB
      Current Block Size 256.0 KB
      Peak Allocated Bytes 14.3 KB
      Overflow Count 0
    [ALLOC_TEMP_Job.Worker 39]
      Initial Block Size 256.0 KB
      Current Block Size 256.0 KB
      Peak Allocated Bytes 0 B
      Overflow Count 0
    [ALLOC_TEMP_Job.Worker 92]
      Initial Block Size 256.0 KB
      Current Block Size 256.0 KB
      Peak Allocated Bytes 0 B
      Overflow Count 0
    [ALLOC_TEMP_Job.Worker 111]
      Initial Block Size 256.0 KB
      Current Block Size 256.0 KB
      Peak Allocated Bytes 0 B
      Overflow Count 0
    [ALLOC_TEMP_Job.Worker 100]
      Initial Block Size 256.0 KB
      Current Block Size 256.0 KB
      Peak Allocated Bytes 0 B
      Overflow Count 0
    [ALLOC_TEMP_Job.Worker 71]
      Initial Block Size 256.0 KB
      Current Block Size 256.0 KB
      Peak Allocated Bytes 0 B
      Overflow Count 0
    [ALLOC_TEMP_Job.Worker 31]
      Initial Block Size 256.0 KB
      Current Block Size 256.0 KB
      Peak Allocated Bytes 0 B
      Overflow Count 0
    [ALLOC_TEMP_Job.Worker 47]
      Initial Block Size 256.0 KB
      Current Block Size 256.0 KB
      Peak Allocated Bytes 0 B
      Overflow Count 0
    [ALLOC_TEMP_Job.Worker 29]
      Initial Block Size 256.0 KB
      Current Block Size 256.0 KB
      Peak Allocated Bytes 0 B
      Overflow Count 0
    [ALLOC_TEMP_Job.Worker 13]
      Initial Block Size 256.0 KB
      Current Block Size 256.0 KB
      Peak Allocated Bytes 1.5 KB
      Overflow Count 0
    [ALLOC_TEMP_Background Job.Worker 15]
      Initial Block Size 32.0 KB
      Current Block Size 32.0 KB
      Peak Allocated Bytes 0 B
      Overflow Count 0
    [ALLOC_TEMP_Job.Worker 55]
      Initial Block Size 256.0 KB
      Current Block Size 256.0 KB
      Peak Allocated Bytes 0 B
      Overflow Count 0
    [ALLOC_TEMP_Job.Worker 76]
      Initial Block Size 256.0 KB
      Current Block Size 256.0 KB
      Peak Allocated Bytes 0 B
      Overflow Count 0
    [ALLOC_TEMP_Job.Worker 98]
      Initial Block Size 256.0 KB
      Current Block Size 256.0 KB
      Peak Allocated Bytes 0 B
      Overflow Count 0
    [ALLOC_TEMP_Background Job.Worker 7]
      Initial Block Size 32.0 KB
      Current Block Size 32.0 KB
      Peak Allocated Bytes 0 B
      Overflow Count 0
    [ALLOC_TEMP_Job.Worker 22]
      Initial Block Size 256.0 KB
      Current Block Size 256.0 KB
      Peak Allocated Bytes 0 B
      Overflow Count 0
    [ALLOC_TEMP_Job.Worker 75]
      Initial Block Size 256.0 KB
      Current Block Size 256.0 KB
      Peak Allocated Bytes 0 B
      Overflow Count 0
    [ALLOC_TEMP_Job.Worker 80]
      Initial Block Size 256.0 KB
      Current Block Size 256.0 KB
      Peak Allocated Bytes 0.8 KB
      Overflow Count 0
    [ALLOC_TEMP_Job.Worker 35]
      Initial Block Size 256.0 KB
      Current Block Size 256.0 KB
      Peak Allocated Bytes 0 B
      Overflow Count 0
    [ALLOC_TEMP_Job.Worker 67]
      Initial Block Size 256.0 KB
      Current Block Size 256.0 KB
      Peak Allocated Bytes 0 B
      Overflow Count 0
    [ALLOC_TEMP_Background Job.Worker 2]
      Initial Block Size 32.0 KB
      Current Block Size 32.0 KB
      Peak Allocated Bytes 0 B
      Overflow Count 0
    [ALLOC_TEMP_Job.Worker 8]
      Initial Block Size 256.0 KB
      Current Block Size 256.0 KB
      Peak Allocated Bytes 8.6 KB
      Overflow Count 0
    [ALLOC_TEMP_Job.Worker 90]
      Initial Block Size 256.0 KB
      Current Block Size 256.0 KB
      Peak Allocated Bytes 0 B
      Overflow Count 0
    [ALLOC_TEMP_Job.Worker 59]
      Initial Block Size 256.0 KB
      Current Block Size 256.0 KB
      Peak Allocated Bytes 0 B
      Overflow Count 0
    [ALLOC_TEMP_Job.Worker 23]
      Initial Block Size 256.0 KB
      Current Block Size 256.0 KB
      Peak Allocated Bytes 0 B
      Overflow Count 0
    [ALLOC_TEMP_Job.Worker 1]
      Initial Block Size 256.0 KB
      Current Block Size 256.0 KB
      Peak Allocated Bytes 14.0 KB
      Overflow Count 0
    [ALLOC_TEMP_Job.Worker 32]
      Initial Block Size 256.0 KB
      Current Block Size 256.0 KB
      Peak Allocated Bytes 0 B
      Overflow Count 0
    [ALLOC_TEMP_Job.Worker 33]
      Initial Block Size 256.0 KB
      Current Block Size 256.0 KB
      Peak Allocated Bytes 0 B
      Overflow Count 0
    [ALLOC_TEMP_Job.Worker 49]
      Initial Block Size 256.0 KB
      Current Block Size 256.0 KB
      Peak Allocated Bytes 0 B
      Overflow Count 0
    [ALLOC_TEMP_Job.Worker 10]
      Initial Block Size 256.0 KB
      Current Block Size 256.0 KB
      Peak Allocated Bytes 1.5 KB
      Overflow Count 0
    [ALLOC_TEMP_Job.Worker 15]
      Initial Block Size 256.0 KB
      Current Block Size 256.0 KB
      Peak Allocated Bytes 0 B
      Overflow Count 0
    [ALLOC_TEMP_Job.Worker 24]
      Initial Block Size 256.0 KB
      Current Block Size 256.0 KB
      Peak Allocated Bytes 0 B
      Overflow Count 0
    [ALLOC_TEMP_Job.Worker 12]
      Initial Block Size 256.0 KB
      Current Block Size 256.0 KB
      Peak Allocated Bytes 14.3 KB
      Overflow Count 0
    [ALLOC_TEMP_Job.Worker 83]
      Initial Block Size 256.0 KB
      Current Block Size 256.0 KB
      Peak Allocated Bytes 0 B
      Overflow Count 0
    [ALLOC_TEMP_Loading.PreloadManager]
      Initial Block Size 256.0 KB
      Current Block Size 256.0 KB
      Peak Allocated Bytes 118.4 KB
      Overflow Count 5
    [ALLOC_TEMP_Job.Worker 107]
      Initial Block Size 256.0 KB
      Current Block Size 256.0 KB
      Peak Allocated Bytes 0 B
      Overflow Count 0
    [ALLOC_TEMP_Job.Worker 87]
      Initial Block Size 256.0 KB
      Current Block Size 256.0 KB
      Peak Allocated Bytes 0 B
      Overflow Count 0
    [ALLOC_TEMP_Job.Worker 99]
      Initial Block Size 256.0 KB
      Current Block Size 256.0 KB
      Peak Allocated Bytes 0 B
      Overflow Count 0
    [ALLOC_TEMP_Job.Worker 109]
      Initial Block Size 256.0 KB
      Current Block Size 256.0 KB
      Peak Allocated Bytes 0 B
      Overflow Count 0
    [ALLOC_TEMP_Job.Worker 108]
      Initial Block Size 256.0 KB
      Current Block Size 256.0 KB
      Peak Allocated Bytes 0 B
      Overflow Count 0
    [ALLOC_TEMP_Job.Worker 14]
      Initial Block Size 256.0 KB
      Current Block Size 256.0 KB
      Peak Allocated Bytes 0 B
      Overflow Count 0
    [ALLOC_TEMP_Job.Worker 17]
      Initial Block Size 256.0 KB
      Current Block Size 256.0 KB
      Peak Allocated Bytes 0 B
      Overflow Count 0
    [ALLOC_TEMP_Job.Worker 65]
      Initial Block Size 256.0 KB
      Current Block Size 256.0 KB
      Peak Allocated Bytes 0 B
      Overflow Count 0
    [ALLOC_TEMP_Job.Worker 3]
      Initial Block Size 256.0 KB
      Current Block Size 256.0 KB
      Peak Allocated Bytes 1.5 KB
      Overflow Count 0
    [ALLOC_TEMP_Job.Worker 97]
      Initial Block Size 256.0 KB
      Current Block Size 256.0 KB
      Peak Allocated Bytes 0 B
      Overflow Count 0
    [ALLOC_TEMP_Background Job.Worker 12]
      Initial Block Size 32.0 KB
      Current Block Size 32.0 KB
      Peak Allocated Bytes 0 B
      Overflow Count 0
    [ALLOC_TEMP_AssetGarbageCollectorHelper] x 127
      Initial Block Size 64.0 KB
      Current Block Size 64.0 KB
      Peak Allocated Bytes 0 B
      Overflow Count 0
    [ALLOC_TEMP_Background Job.Worker 5]
      Initial Block Size 32.0 KB
      Current Block Size 32.0 KB
      Peak Allocated Bytes 0 B
      Overflow Count 0
    [ALLOC_TEMP_Job.Worker 56]
      Initial Block Size 256.0 KB
      Current Block Size 256.0 KB
      Peak Allocated Bytes 0 B
      Overflow Count 0
    [ALLOC_TEMP_Background Job.Worker 13]
      Initial Block Size 32.0 KB
      Current Block Size 32.0 KB
      Peak Allocated Bytes 0 B
      Overflow Count 0
    [ALLOC_TEMP_Job.Worker 37]
      Initial Block Size 256.0 KB
      Current Block Size 256.0 KB
      Peak Allocated Bytes 0 B
      Overflow Count 0
    [ALLOC_TEMP_Job.Worker 62]
      Initial Block Size 256.0 KB
      Current Block Size 256.0 KB
      Peak Allocated Bytes 0 B
      Overflow Count 0
    [ALLOC_TEMP_Job.Worker 84]
      Initial Block Size 256.0 KB
      Current Block Size 256.0 KB
      Peak Allocated Bytes 0 B
      Overflow Count 0
    [ALLOC_TEMP_Job.Worker 88]
      Initial Block Size 256.0 KB
      Current Block Size 256.0 KB
      Peak Allocated Bytes 0 B
      Overflow Count 0
    [ALLOC_TEMP_Job.Worker 50]
      Initial Block Size 256.0 KB
      Current Block Size 256.0 KB
      Peak Allocated Bytes 0 B
      Overflow Count 0
    [ALLOC_TEMP_Job.Worker 2]
      Initial Block Size 256.0 KB
      Current Block Size 256.0 KB
      Peak Allocated Bytes 14.6 KB
      Overflow Count 0
    [ALLOC_TEMP_Job.Worker 54]
      Initial Block Size 256.0 KB
      Current Block Size 256.0 KB
      Peak Allocated Bytes 0 B
      Overflow Count 0
    [ALLOC_TEMP_Job.Worker 94]
      Initial Block Size 256.0 KB
      Current Block Size 256.0 KB
      Peak Allocated Bytes 0 B
      Overflow Count 0
    [ALLOC_TEMP_Background Job.Worker 0]
      Initial Block Size 32.0 KB
      Current Block Size 32.0 KB
      Peak Allocated Bytes 0 B
      Overflow Count 0
    [ALLOC_TEMP_Job.Worker 41]
      Initial Block Size 256.0 KB
      Current Block Size 256.0 KB
      Peak Allocated Bytes 0 B
      Overflow Count 0
    [ALLOC_TEMP_Job.Worker 11]
      Initial Block Size 256.0 KB
      Current Block Size 256.0 KB
      Peak Allocated Bytes 1.5 KB
      Overflow Count 0
    [ALLOC_TEMP_Background Job.Worker 4]
      Initial Block Size 32.0 KB
      Current Block Size 32.0 KB
      Peak Allocated Bytes 0 B
      Overflow Count 0
    [ALLOC_TEMP_Job.Worker 81]
      Initial Block Size 256.0 KB
      Current Block Size 256.0 KB
      Peak Allocated Bytes 0 B
      Overflow Count 0
    [ALLOC_TEMP_Job.Worker 6]
      Initial Block Size 256.0 KB
      Current Block Size 256.0 KB
      Peak Allocated Bytes 1.5 KB
      Overflow Count 0
    [ALLOC_TEMP_Job.Worker 0]
      Initial Block Size 256.0 KB
      Current Block Size 256.0 KB
      Peak Allocated Bytes 0 B
      Overflow Count 0
    [ALLOC_TEMP_Background Job.Worker 9]
      Initial Block Size 32.0 KB
      Current Block Size 32.0 KB
      Peak Allocated Bytes 0 B
      Overflow Count 0
    [ALLOC_TEMP_Job.Worker 5]
      Initial Block Size 256.0 KB
      Current Block Size 256.0 KB
      Peak Allocated Bytes 1.5 KB
      Overflow Count 0
    [ALLOC_TEMP_Job.Worker 64]
      Initial Block Size 256.0 KB
      Current Block Size 256.0 KB
      Peak Allocated Bytes 0 B
      Overflow Count 0
    [ALLOC_TEMP_Background Job.Worker 14]
      Initial Block Size 32.0 KB
      Current Block Size 32.0 KB
      Peak Allocated Bytes 0 B
      Overflow Count 0
    [ALLOC_TEMP_Job.Worker 34]
      Initial Block Size 256.0 KB
      Current Block Size 256.0 KB
      Peak Allocated Bytes 0 B
      Overflow Count 0
    [ALLOC_TEMP_Job.Worker 57]
      Initial Block Size 256.0 KB
      Current Block Size 256.0 KB
      Peak Allocated Bytes 0 B
      Overflow Count 0
    [ALLOC_TEMP_Job.Worker 95]
      Initial Block Size 256.0 KB
      Current Block Size 256.0 KB
      Peak Allocated Bytes 0 B
      Overflow Count 0
    [ALLOC_TEMP_Job.Worker 48]
      Initial Block Size 256.0 KB
      Current Block Size 256.0 KB
      Peak Allocated Bytes 0 B
      Overflow Count 0
    [ALLOC_TEMP_Job.Worker 68]
      Initial Block Size 256.0 KB
      Current Block Size 256.0 KB
      Peak Allocated Bytes 14.6 KB
      Overflow Count 0
    [ALLOC_TEMP_Job.Worker 91]
      Initial Block Size 256.0 KB
      Current Block Size 256.0 KB
      Peak Allocated Bytes 0 B
      Overflow Count 0
    [ALLOC_TEMP_Job.Worker 89]
      Initial Block Size 256.0 KB
      Current Block Size 256.0 KB
      Peak Allocated Bytes 0 B
      Overflow Count 0
    [ALLOC_TEMP_Job.Worker 72]
      Initial Block Size 256.0 KB
      Current Block Size 256.0 KB
      Peak Allocated Bytes 0 B
      Overflow Count 0
    [ALLOC_TEMP_EnlightenWorker] x 32
      Initial Block Size 64.0 KB
      Current Block Size 64.0 KB
      Peak Allocated Bytes 0 B
      Overflow Count 0
    [ALLOC_TEMP_Job.Worker 104]
      Initial Block Size 256.0 KB
      Current Block Size 256.0 KB
      Peak Allocated Bytes 0 B
      Overflow Count 0
    [ALLOC_TEMP_Job.Worker 28]
      Initial Block Size 256.0 KB
      Current Block Size 256.0 KB
      Peak Allocated Bytes 0 B
      Overflow Count 0
    [ALLOC_TEMP_Job.Worker 69]
      Initial Block Size 256.0 KB
      Current Block Size 256.0 KB
      Peak Allocated Bytes 0 B
      Overflow Count 0
    [ALLOC_TEMP_Job.Worker 61]
      Initial Block Size 256.0 KB
      Current Block Size 256.0 KB
      Peak Allocated Bytes 0 B
      Overflow Count 0
    [ALLOC_TEMP_Job.Worker 9]
      Initial Block Size 256.0 KB
      Current Block Size 256.0 KB
      Peak Allocated Bytes 1.5 KB
      Overflow Count 0
    [ALLOC_TEMP_Job.Worker 102]
      Initial Block Size 256.0 KB
      Current Block Size 256.0 KB
      Peak Allocated Bytes 0 B
      Overflow Count 0
    [ALLOC_TEMP_Job.Worker 93]
      Initial Block Size 256.0 KB
      Current Block Size 256.0 KB
      Peak Allocated Bytes 0 B
      Overflow Count 0
    [ALLOC_TEMP_Job.Worker 7]
      Initial Block Size 256.0 KB
      Current Block Size 256.0 KB
      Peak Allocated Bytes 1.5 KB
      Overflow Count 0
    [ALLOC_TEMP_Job.Worker 105]
      Initial Block Size 256.0 KB
      Current Block Size 256.0 KB
      Peak Allocated Bytes 0 B
      Overflow Count 0
    [ALLOC_TEMP_Job.Worker 19]
      Initial Block Size 256.0 KB
      Current Block Size 256.0 KB
      Peak Allocated Bytes 0 B
      Overflow Count 0
    [ALLOC_TEMP_Job.Worker 45]
      Initial Block Size 256.0 KB
      Current Block Size 256.0 KB
      Peak Allocated Bytes 0 B
      Overflow Count 0
    [ALLOC_TEMP_Loading.AsyncRead]
      Initial Block Size 64.0 KB
      Current Block Size 64.0 KB
      Peak Allocated Bytes 232 B
      Overflow Count 0
[ALLOC_DEFAULT] Dual Thread Allocator
  Peak main deferred allocation count 184
    [ALLOC_BUCKET]
      Large Block size 4.0 MB
      Used Block count 1
      Peak Allocated bytes 2.1 MB
    [ALLOC_DEFAULT_MAIN]
      Peak usage frame count: [64.0 MB-128.0 MB]: 900 frames
      Requested Block Size 16.0 MB
      Peak Block count 2
      Peak Allocated memory 79.7 MB
      Peak Large allocation bytes 48.0 MB
    [ALLOC_DEFAULT_THREAD]
      Peak usage frame count: [16.0 MB-32.0 MB]: 900 frames
      Requested Block Size 16.0 MB
      Peak Block count 2
      Peak Allocated memory 30.0 MB
      Peak Large allocation bytes 0 B
[ALLOC_TEMP_JOB_1_FRAME]
  Initial Block Size 2.0 MB
  Used Block Count 0
  Overflow Count (too large) 0
  Overflow Count (full) 0
[ALLOC_TEMP_JOB_2_FRAMES]
  Initial Block Size 2.0 MB
  Used Block Count 0
  Overflow Count (too large) 0
  Overflow Count (full) 0
[ALLOC_TEMP_JOB_4_FRAMES (JobTemp)]
  Initial Block Size 2.0 MB
  Used Block Count 1
  Overflow Count (too large) 0
  Overflow Count (full) 0
[ALLOC_TEMP_JOB_ASYNC (Background)]
  Initial Block Size 1.0 MB
  Used Block Count 1
  Overflow Count (too large) 0
  Overflow Count (full) 0
[ALLOC_GFX] Dual Thread Allocator
  Peak main deferred allocation count 0
    [ALLOC_BUCKET]
      Large Block size 4.0 MB
      Used Block count 1
      Peak Allocated bytes 2.1 MB
    [ALLOC_GFX_MAIN]
      Peak usage frame count: [2.0 MB-4.0 MB]: 900 frames
      Requested Block Size 16.0 MB
      Peak Block count 1
      Peak Allocated memory 2.7 MB
      Peak Large allocation bytes 0 B
    [ALLOC_GFX_THREAD]
      Peak usage frame count: [128.0 KB-256.0 KB]: 899 frames, [1.0 MB-2.0 MB]: 1 frames
      Requested Block Size 16.0 MB
      Peak Block count 1
      Peak Allocated memory 1.5 MB
      Peak Large allocation bytes 0 B
[ALLOC_CACHEOBJECTS] Dual Thread Allocator
  Peak main deferred allocation count 16
    [ALLOC_BUCKET]
      Large Block size 4.0 MB
      Used Block count 1
      Peak Allocated bytes 2.1 MB
    [ALLOC_CACHEOBJECTS_MAIN]
      Peak usage frame count: [8.0 MB-16.0 MB]: 899 frames, [16.0 MB-32.0 MB]: 1 frames
      Requested Block Size 4.0 MB
      Peak Block count 4
      Peak Allocated memory 21.0 MB
      Peak Large allocation bytes 6.8 MB
    [ALLOC_CACHEOBJECTS_THREAD]
      Peak usage frame count: [4.0 MB-8.0 MB]: 899 frames, [8.0 MB-16.0 MB]: 1 frames
      Requested Block Size 4.0 MB
      Peak Block count 2
      Peak Allocated memory 10.7 MB
      Peak Large allocation bytes 3.9 MB
[ALLOC_TYPETREE] Dual Thread Allocator
  Peak main deferred allocation count 0
    [ALLOC_BUCKET]
      Large Block size 4.0 MB
      Used Block count 1
      Peak Allocated bytes 2.1 MB
    [ALLOC_TYPETREE_MAIN]
      Peak usage frame count: [16.0 KB-32.0 KB]: 900 frames
      Requested Block Size 2.0 MB
      Peak Block count 1
      Peak Allocated memory 17.9 KB
      Peak Large allocation bytes 0 B
    [ALLOC_TYPETREE_THREAD]
      Peak usage frame count: [1.0 KB-2.0 KB]: 900 frames
      Requested Block Size 2.0 MB
      Peak Block count 1
      Peak Allocated memory 1.9 KB
      Peak Large allocation bytes 0 B
