Unity Editor version:    2022.3.62f2 (7670c08855a9)
Branch:                  2022.3/respin/2022.3.62f2-4af31df585-v2
Build type:              Release
Batch mode:              YES
System name:             Linux
Distro version:          #104-Ubuntu SMP Tue Jan 9 15:25:40 UTC 2024
Kernel version:          5.15.0-94-generic
Architecture:            x86_64
Available memory:        1030922 MB
[Licensing::Module] Trying to connect to existing licensing client channel...
[Licensing::IpcConnector] Channel LicenseClient-chh doesn't exist
[Licensing::Module] Successfully launched the LicensingClient (PId: 3478622)
[Licensing::IpcConnector] Successfully connected to: "LicenseClient-chh" at "2026-09-18T10:00:15.648129Z"
[SignatureVerifier] Application signature verification not supported on this platform.
[Licensing::Client] Handshaking with LicensingClient:
  Version:                 1.16.2+bdef8f5
  Session Id:              e22c6c9daf9344c3982c049f8f4b838b
  Correlation Id:          737dc5b49f337287018d50225b625239
  External correlation Id: 3653098366228227083
  Machine Id:              JJYHMMP4/Pq8Nda/RBnV42onR04=
[Licensing::Module] Successfully connected to LicensingClient on channel: "LicenseClient-chh" (connect: 0.57s, validation: 0.06s, handshake: 0.00s)
[Licensing::IpcConnector] Successfully connected to: "LicenseClient-chh-notifications" at "2026-09-18T10:00:15.710533Z"
[Licensing::Module] Connected to LicensingClient (PId: 3478622, launch time: 0.00, total connection time: 0.63s)
[Licensing::Module] Error: Access token is unavailable; failed to update
[Licensing::Client] Error: Code 500 while processing request (status: Unable to update licenses. Errors: No ULF license found.,Token not found in cache)
[Licensing::Client] Error: Code 500 while updating license in client (status: Unable to update licenses. Errors: No ULF license found.,Token not found in cache)
[Licensing::Client] Successfully resolved entitlement details
[Licensing::Module] Serial number assigned to: "ewogICJzdWJzR3JvdXAiIDogInVuaXR5IGVkaXRvciIsCiAgIm5hbWVzcGFjZSIgOiAidW5pdHlfZWRpdG9yIiwKICAidHlwZSIgOiAiRURJVE9SIiwKICAidGFnIiA6ICJVbml0eVBlcnNvbmFsXXXX"
Pro License: NO
Desktop is 1280 x 720 @ 60 Hz
Initialize udev device monitor.
[Licensing::Client] Successfully resolved entitlement details

COMMAND LINE ARGUMENTS:
/home/chh/.local/bin/unity2022
-batchmode
-quit
-accept-apiupdate
-force-vulkan
-projectPath
/data1/chh/project/robosupport/software/sim/Rubble_Pile_Simulator
-executeMethod
DemoBuild.PerformBuild
-buildout
/data1/chh/project/robosupport/software/sim/Rubble_Pile_Simulator/Builds/Linux
-logFile
/data1/chh/project/robosupport/software/sim/Rubble_Pile_Simulator/tools/demo_render/logs/build.log
Successfully changed project path to: /data1/chh/project/robosupport/software/sim/Rubble_Pile_Simulator
/data1/chh/project/robosupport/software/sim/Rubble_Pile_Simulator
[UnityMemory] Configuration Parameters - Can be set up in boot.config
    "memorysetup-bucket-allocator-granularity=16"
    "memorysetup-bucket-allocator-bucket-count=8"
    "memorysetup-bucket-allocator-block-size=33554432"
    "memorysetup-bucket-allocator-block-count=8"
    "memorysetup-main-allocator-block-size=16777216"
    "memorysetup-thread-allocator-block-size=16777216"
    "memorysetup-gfx-main-allocator-block-size=16777216"
    "memorysetup-gfx-thread-allocator-block-size=16777216"
    "memorysetup-cache-allocator-block-size=4194304"
    "memorysetup-typetree-allocator-block-size=2097152"
    "memorysetup-profiler-bucket-allocator-granularity=16"
    "memorysetup-profiler-bucket-allocator-bucket-count=8"
    "memorysetup-profiler-bucket-allocator-block-size=33554432"
    "memorysetup-profiler-bucket-allocator-block-count=8"
    "memorysetup-profiler-allocator-block-size=16777216"
    "memorysetup-profiler-editor-allocator-block-size=1048576"
    "memorysetup-temp-allocator-size-main=16777216"
    "memorysetup-job-temp-allocator-block-size=2097152"
    "memorysetup-job-temp-allocator-block-size-background=1048576"
    "memorysetup-job-temp-allocator-reduction-small-platforms=262144"
    "memorysetup-allocator-temp-initial-block-size-main=262144"
    "memorysetup-allocator-temp-initial-block-size-worker=262144"
    "memorysetup-temp-allocator-size-background-worker=32768"
    "memorysetup-temp-allocator-size-job-worker=262144"
    "memorysetup-temp-allocator-size-preload-manager=33554432"
    "memorysetup-temp-allocator-size-nav-mesh-worker=65536"
    "memorysetup-temp-allocator-size-audio-worker=65536"
    "memorysetup-temp-allocator-size-cloud-worker=32768"
    "memorysetup-temp-allocator-size-gi-baking-worker=262144"
    "memorysetup-temp-allocator-size-gfx=262144"
Player connection [140160987157440]  Target information:

Player connection [140160987157440]  * "[IP] 10.0.1.3 [Port] 55504 [Flags] 2 [Guid] 130225633 [EditorId] 130225633 [Version] 1048832 [Id] LinuxEditor(16,10.0.1.3) [Debug] 1 [PackageName] LinuxEditor [ProjectName] Editor" 

Player connection [140160987157440]  * "[IP] 100.96.1.73 [Port] 55504 [Flags] 2 [Guid] 130225633 [EditorId] 130225633 [Version] 1048832 [Id] LinuxEditor(16,10.0.1.3) [Debug] 1 [PackageName] LinuxEditor [ProjectName] Editor" 

Player connection [140160987157440]  * "[IP] 172.17.0.1 [Port] 55504 [Flags] 2 [Guid] 130225633 [EditorId] 130225633 [Version] 1048832 [Id] LinuxEditor(16,10.0.1.3) [Debug] 1 [PackageName] LinuxEditor [ProjectName] Editor" 

Player connection [140160987157440]  * "[IP] 10.8.0.1 [Port] 55504 [Flags] 2 [Guid] 130225633 [EditorId] 130225633 [Version] 1048832 [Id] LinuxEditor(16,10.0.1.3) [Debug] 1 [PackageName] LinuxEditor [ProjectName] Editor" 

Player connection [140160987157440]  * "[IP] 192.168.122.1 [Port] 55504 [Flags] 2 [Guid] 130225633 [EditorId] 130225633 [Version] 1048832 [Id] LinuxEditor(16,10.0.1.3) [Debug] 1 [PackageName] LinuxEditor [ProjectName] Editor" 

Player connection [140160987157440] Host joined multi-casting on [225.0.0.222:54997]...
Player connection [140160987157440] Host joined alternative multi-casting on [225.0.0.222:34997]...
Input System module state changed to: Initialized.
[PhysX] Initialized MultithreadedTaskDispatcher with 113 workers.
Error opening a HTTP REST server port between 38000 and 38100
[Package Manager] UpmClient::Connect -- Connected to IPC stream "Upm-3478492" after 0.2 seconds.
[Package Manager] Restoring resolved packages state from cache
[Licensing::Client] Successfully resolved entitlement details
[Package Manager] Registered 58 packages:
  Packages from [https://packages.unity.com]:
    com.unity.collab-proxy@2.7.1 (location: /data1/chh/project/robosupport/software/sim/Rubble_Pile_Simulator/Library/PackageCache/com.unity.collab-proxy@2.7.1)
    com.unity.ide.rider@3.0.36 (location: /data1/chh/project/robosupport/software/sim/Rubble_Pile_Simulator/Library/PackageCache/com.unity.ide.rider@3.0.36)
    com.unity.ide.visualstudio@2.0.22 (location: /data1/chh/project/robosupport/software/sim/Rubble_Pile_Simulator/Library/PackageCache/com.unity.ide.visualstudio@2.0.22)
    com.unity.ide.vscode@1.2.5 (location: /data1/chh/project/robosupport/software/sim/Rubble_Pile_Simulator/Library/PackageCache/com.unity.ide.vscode@1.2.5)
    com.unity.inputsystem@1.14.0 (location: /data1/chh/project/robosupport/software/sim/Rubble_Pile_Simulator/Library/PackageCache/com.unity.inputsystem@1.14.0)
    com.unity.recorder@4.0.3 (location: /data1/chh/project/robosupport/software/sim/Rubble_Pile_Simulator/Library/PackageCache/com.unity.recorder@4.0.3)
    com.unity.test-framework@1.1.33 (location: /data1/chh/project/robosupport/software/sim/Rubble_Pile_Simulator/Library/PackageCache/com.unity.test-framework@1.1.33)
    com.unity.textmeshpro@3.0.7 (location: /data1/chh/project/robosupport/software/sim/Rubble_Pile_Simulator/Library/PackageCache/com.unity.textmeshpro@3.0.7)
    com.unity.timeline@1.7.7 (location: /data1/chh/project/robosupport/software/sim/Rubble_Pile_Simulator/Library/PackageCache/com.unity.timeline@1.7.7)
    com.unity.toolchain.win-x86_64-linux-x86_64@2.0.10 (location: /data1/chh/project/robosupport/software/sim/Rubble_Pile_Simulator/Library/PackageCache/com.unity.toolchain.win-x86_64-linux-x86_64@2.0.10)
    com.unity.visualscripting@1.9.4 (location: /data1/chh/project/robosupport/software/sim/Rubble_Pile_Simulator/Library/PackageCache/com.unity.visualscripting@1.9.4)
    com.unity.sysroot@2.0.10 (location: /data1/chh/project/robosupport/software/sim/Rubble_Pile_Simulator/Library/PackageCache/com.unity.sysroot@2.0.10)
    com.unity.sysroot.linux-x86_64@2.0.9 (location: /data1/chh/project/robosupport/software/sim/Rubble_Pile_Simulator/Library/PackageCache/com.unity.sysroot.linux-x86_64@2.0.9)
    com.unity.ext.nunit@1.0.6 (location: /data1/chh/project/robosupport/software/sim/Rubble_Pile_Simulator/Library/PackageCache/com.unity.ext.nunit@1.0.6)
    com.unity.editorcoroutines@1.0.0 (location: /data1/chh/project/robosupport/software/sim/Rubble_Pile_Simulator/Library/PackageCache/com.unity.editorcoroutines@1.0.0)
    com.unity.mathematics@1.2.6 (location: /data1/chh/project/robosupport/software/sim/Rubble_Pile_Simulator/Library/PackageCache/com.unity.mathematics@1.2.6)
    com.unity.burst@1.8.21 (location: /data1/chh/project/robosupport/software/sim/Rubble_Pile_Simulator/Library/PackageCache/com.unity.burst@1.8.21)
    com.unity.searcher@4.9.2 (location: /data1/chh/project/robosupport/software/sim/Rubble_Pile_Simulator/Library/PackageCache/com.unity.searcher@4.9.2)
  Built-in packages:
    com.unity.render-pipelines.universal@14.0.12 (location: /data1/chh/project/robosupport/software/sim/Rubble_Pile_Simulator/Library/PackageCache/com.unity.render-pipelines.universal@14.0.12)
    com.unity.ugui@1.0.0 (location: /data1/chh/project/robosupport/software/sim/Rubble_Pile_Simulator/Library/PackageCache/com.unity.ugui@1.0.0)
    com.unity.modules.ai@1.0.0 (location: /data1/chh/project/robosupport/software/sim/Rubble_Pile_Simulator/Library/PackageCache/com.unity.modules.ai@1.0.0)
    com.unity.modules.androidjni@1.0.0 (location: /data1/chh/project/robosupport/software/sim/Rubble_Pile_Simulator/Library/PackageCache/com.unity.modules.androidjni@1.0.0)
    com.unity.modules.animation@1.0.0 (location: /data1/chh/project/robosupport/software/sim/Rubble_Pile_Simulator/Library/PackageCache/com.unity.modules.animation@1.0.0)
    com.unity.modules.assetbundle@1.0.0 (location: /data1/chh/project/robosupport/software/sim/Rubble_Pile_Simulator/Library/PackageCache/com.unity.modules.assetbundle@1.0.0)
    com.unity.modules.audio@1.0.0 (location: /data1/chh/project/robosupport/software/sim/Rubble_Pile_Simulator/Library/PackageCache/com.unity.modules.audio@1.0.0)
    com.unity.modules.cloth@1.0.0 (location: /data1/chh/project/robosupport/software/sim/Rubble_Pile_Simulator/Library/PackageCache/com.unity.modules.cloth@1.0.0)
    com.unity.modules.director@1.0.0 (location: /data1/chh/project/robosupport/software/sim/Rubble_Pile_Simulator/Library/PackageCache/com.unity.modules.director@1.0.0)
    com.unity.modules.imageconversion@1.0.0 (location: /data1/chh/project/robosupport/software/sim/Rubble_Pile_Simulator/Library/PackageCache/com.unity.modules.imageconversion@1.0.0)
    com.unity.modules.imgui@1.0.0 (location: /data1/chh/project/robosupport/software/sim/Rubble_Pile_Simulator/Library/PackageCache/com.unity.modules.imgui@1.0.0)
    com.unity.modules.jsonserialize@1.0.0 (location: /data1/chh/project/robosupport/software/sim/Rubble_Pile_Simulator/Library/PackageCache/com.unity.modules.jsonserialize@1.0.0)
    com.unity.modules.particlesystem@1.0.0 (location: /data1/chh/project/robosupport/software/sim/Rubble_Pile_Simulator/Library/PackageCache/com.unity.modules.particlesystem@1.0.0)
    com.unity.modules.physics@1.0.0 (location: /data1/chh/project/robosupport/software/sim/Rubble_Pile_Simulator/Library/PackageCache/com.unity.modules.physics@1.0.0)
    com.unity.modules.physics2d@1.0.0 (location: /data1/chh/project/robosupport/software/sim/Rubble_Pile_Simulator/Library/PackageCache/com.unity.modules.physics2d@1.0.0)
    com.unity.modules.screencapture@1.0.0 (location: /data1/chh/project/robosupport/software/sim/Rubble_Pile_Simulator/Library/PackageCache/com.unity.modules.screencapture@1.0.0)
    com.unity.modules.terrain@1.0.0 (location: /data1/chh/project/robosupport/software/sim/Rubble_Pile_Simulator/Library/PackageCache/com.unity.modules.terrain@1.0.0)
    com.unity.modules.terrainphysics@1.0.0 (location: /data1/chh/project/robosupport/software/sim/Rubble_Pile_Simulator/Library/PackageCache/com.unity.modules.terrainphysics@1.0.0)
    com.unity.modules.tilemap@1.0.0 (location: /data1/chh/project/robosupport/software/sim/Rubble_Pile_Simulator/Library/PackageCache/com.unity.modules.tilemap@1.0.0)
    com.unity.modules.ui@1.0.0 (location: /data1/chh/project/robosupport/software/sim/Rubble_Pile_Simulator/Library/PackageCache/com.unity.modules.ui@1.0.0)
    com.unity.modules.uielements@1.0.0 (location: /data1/chh/project/robosupport/software/sim/Rubble_Pile_Simulator/Library/PackageCache/com.unity.modules.uielements@1.0.0)
    com.unity.modules.umbra@1.0.0 (location: /data1/chh/project/robosupport/software/sim/Rubble_Pile_Simulator/Library/PackageCache/com.unity.modules.umbra@1.0.0)
    com.unity.modules.unityanalytics@1.0.0 (location: /data1/chh/project/robosupport/software/sim/Rubble_Pile_Simulator/Library/PackageCache/com.unity.modules.unityanalytics@1.0.0)
    com.unity.modules.unitywebrequest@1.0.0 (location: /data1/chh/project/robosupport/software/sim/Rubble_Pile_Simulator/Library/PackageCache/com.unity.modules.unitywebrequest@1.0.0)
    com.unity.modules.unitywebrequestassetbundle@1.0.0 (location: /data1/chh/project/robosupport/software/sim/Rubble_Pile_Simulator/Library/PackageCache/com.unity.modules.unitywebrequestassetbundle@1.0.0)
    com.unity.modules.unitywebrequestaudio@1.0.0 (location: /data1/chh/project/robosupport/software/sim/Rubble_Pile_Simulator/Library/PackageCache/com.unity.modules.unitywebrequestaudio@1.0.0)
    com.unity.modules.unitywebrequesttexture@1.0.0 (location: /data1/chh/project/robosupport/software/sim/Rubble_Pile_Simulator/Library/PackageCache/com.unity.modules.unitywebrequesttexture@1.0.0)
    com.unity.modules.unitywebrequestwww@1.0.0 (location: /data1/chh/project/robosupport/software/sim/Rubble_Pile_Simulator/Library/PackageCache/com.unity.modules.unitywebrequestwww@1.0.0)
    com.unity.modules.vehicles@1.0.0 (location: /data1/chh/project/robosupport/software/sim/Rubble_Pile_Simulator/Library/PackageCache/com.unity.modules.vehicles@1.0.0)
    com.unity.modules.video@1.0.0 (location: /data1/chh/project/robosupport/software/sim/Rubble_Pile_Simulator/Library/PackageCache/com.unity.modules.video@1.0.0)
    com.unity.modules.vr@1.0.0 (location: /data1/chh/project/robosupport/software/sim/Rubble_Pile_Simulator/Library/PackageCache/com.unity.modules.vr@1.0.0)
    com.unity.modules.wind@1.0.0 (location: /data1/chh/project/robosupport/software/sim/Rubble_Pile_Simulator/Library/PackageCache/com.unity.modules.wind@1.0.0)
    com.unity.modules.xr@1.0.0 (location: /data1/chh/project/robosupport/software/sim/Rubble_Pile_Simulator/Library/PackageCache/com.unity.modules.xr@1.0.0)
    com.unity.modules.subsystems@1.0.0 (location: /data1/chh/project/robosupport/software/sim/Rubble_Pile_Simulator/Library/PackageCache/com.unity.modules.subsystems@1.0.0)
    com.unity.render-pipelines.core@14.0.12 (location: /data1/chh/project/robosupport/software/sim/Rubble_Pile_Simulator/Library/PackageCache/com.unity.render-pipelines.core@14.0.12)
    com.unity.shadergraph@14.0.12 (location: /data1/chh/project/robosupport/software/sim/Rubble_Pile_Simulator/Library/PackageCache/com.unity.shadergraph@14.0.12)
    com.unity.render-pipelines.universal-config@14.0.10 (location: /data1/chh/project/robosupport/software/sim/Rubble_Pile_Simulator/Library/PackageCache/com.unity.render-pipelines.universal-config@14.0.10)
  Git packages:
    com.unity.robotics.ros-tcp-connector@https://github.com/Unity-Technologies/ROS-TCP-Connector.git?path=/com.unity.robotics.ros-tcp-connector (location: /data1/chh/project/robosupport/software/sim/Rubble_Pile_Simulator/Library/PackageCache/com.unity.robotics.ros-tcp-connector@c27f00c6cf)
    com.unity.robotics.urdf-importer@https://github.com/Unity-Technologies/URDF-Importer.git?path=/com.unity.robotics.urdf-importer (location: /data1/chh/project/robosupport/software/sim/Rubble_Pile_Simulator/Library/PackageCache/com.unity.robotics.urdf-importer@90f353e435)
    moe.meryuhi.effects.fog@https://github.com/meryuhi/URPFog.git?path=Packages/Fog#urp14 (location: /data1/chh/project/robosupport/software/sim/Rubble_Pile_Simulator/Library/PackageCache/moe.meryuhi.effects.fog@dbc32b61ef)
ALSA lib confmisc.c:855:(parse_card) cannot find card '0'
ALSA lib conf.c:5182:(_snd_config_evaluate) function snd_func_card_inum returned error: No such file or directory
ALSA lib confmisc.c:422:(snd_func_concat) error evaluating strings
ALSA lib conf.c:5182:(_snd_config_evaluate) function snd_func_concat returned error: No such file or directory
ALSA lib confmisc.c:1334:(snd_func_refer) error evaluating name
ALSA lib conf.c:5182:(_snd_config_evaluate) function snd_func_refer returned error: No such file or directory
ALSA lib conf.c:5705:(snd_config_expand) Evaluate error: No such file or directory
ALSA lib pcm.c:2664:(snd_pcm_open_noupdate) Unknown PCM default
FMOD failed to initialize the output device.: "Error initializing output device. " (60)
Forced to initialize FMOD to to the device driver's system output rate 48000, this may impact performance and/or give inconsistent experiences compared to selected sample rate 48000
ALSA lib confmisc.c:855:(parse_card) cannot find card '0'
ALSA lib conf.c:5182:(_snd_config_evaluate) function snd_func_card_inum returned error: No such file or directory
ALSA lib confmisc.c:422:(snd_func_concat) error evaluating strings
ALSA lib conf.c:5182:(_snd_config_evaluate) function snd_func_concat returned error: No such file or directory
ALSA lib confmisc.c:1334:(snd_func_refer) error evaluating name
ALSA lib conf.c:5182:(_snd_config_evaluate) function snd_func_refer returned error: No such file or directory
ALSA lib conf.c:5705:(snd_config_expand) Evaluate error: No such file or directory
ALSA lib pcm.c:2664:(snd_pcm_open_noupdate) Unknown PCM default
FMOD failed to initialize the output device.: "Error initializing output device. " (60)
FMOD initialized on nosound output
[Subsystems] No new subsystems found in resolved package list.
Package Manager log level set to [2]
[Package Manager] Done registering packages in 0.04 seconds
Refreshing native plugins compatible for Editor in 2.92 ms, found 3 plugins.
Preloading 0 native plugins for Editor in 0.00 ms.
Initialize engine version: 2022.3.62f2 (7670c08855a9)
[Subsystems] Discovering subsystems at path /data1/chh/dependency/unity/2022.3.62f2/Editor/Data/Resources/UnitySubsystems
[Subsystems] Discovering subsystems at path /data1/chh/project/robosupport/software/sim/Rubble_Pile_Simulator/Assets
Forcing GfxDevice: Vulkan
GfxDevice: creating device client; threaded=0; jobified=0
[vulkan] LoadVulkanLibrary libvulkan.so.1[vulkan] Loaded instance function vkGetInstanceProcAddr
[vulkan] Loaded instance function vkGetInstanceProcAddr
[vulkan] Loaded instance function vkCreateInstance
[vulkan] Loaded instance function vkEnumerateInstanceExtensionProperties
[vulkan] Loaded instance function vkEnumerateInstanceLayerProperties
[vulkan] Loaded instance function vkEnumerateInstanceVersion
[Vulkan init] extensions: count=20
[Vulkan init] extensions: name=VK_EXT_acquire_drm_display [enabled=0, external=0]
[Vulkan init] extensions: name=VK_EXT_acquire_xlib_display [enabled=0, external=0]
[Vulkan init] extensions: name=VK_EXT_debug_report [enabled=0, external=0]
[Vulkan init] extensions: name=VK_EXT_debug_utils [enabled=1, external=0]
[Vulkan init] extensions: name=VK_EXT_direct_mode_display [enabled=0, external=0]
[Vulkan init] extensions: name=VK_EXT_display_surface_counter [enabled=0, external=0]
[Vulkan init] extensions: name=VK_EXT_swapchain_colorspace [enabled=1, external=0]
[Vulkan init] extensions: name=VK_KHR_device_group_creation [enabled=0, external=0]
[Vulkan init] extensions: name=VK_KHR_display [enabled=1, external=0]
[Vulkan init] extensions: name=VK_KHR_external_fence_capabilities [enabled=1, external=0]
[Vulkan init] extensions: name=VK_KHR_external_memory_capabilities [enabled=1, external=0]
[Vulkan init] extensions: name=VK_KHR_external_semaphore_capabilities [enabled=1, external=0]
[Vulkan init] extensions: name=VK_KHR_get_display_properties2 [enabled=0, external=0]
[Vulkan init] extensions: name=VK_KHR_get_physical_device_properties2 [enabled=1, external=0]
[Vulkan init] extensions: name=VK_KHR_get_surface_capabilities2 [enabled=0, external=0]
[Vulkan init] extensions: name=VK_KHR_surface [enabled=1, external=0]
[Vulkan init] extensions: name=VK_KHR_surface_protected_capabilities [enabled=0, external=0]
[Vulkan init] extensions: name=VK_KHR_wayland_surface [enabled=1, external=0]
[Vulkan init] extensions: name=VK_KHR_xcb_surface [enabled=0, external=0]
[Vulkan init] extensions: name=VK_KHR_xlib_surface [enabled=1, external=0]
[vulkan] Loaded instance function vkDestroyInstance
[vulkan] Loaded instance function vkGetPhysicalDeviceProperties
[vulkan] Loaded instance function vkEnumeratePhysicalDevices
Vulkan detection: 2
[Vulkan init] extensions: count=20
[Vulkan init] extensions: name=VK_EXT_acquire_drm_display [enabled=0, external=0]
[Vulkan init] extensions: name=VK_EXT_acquire_xlib_display [enabled=0, external=0]
[Vulkan init] extensions: name=VK_EXT_debug_report [enabled=0, external=0]
[Vulkan init] extensions: name=VK_EXT_debug_utils [enabled=1, external=0]
[Vulkan init] extensions: name=VK_EXT_direct_mode_display [enabled=0, external=0]
[Vulkan init] extensions: name=VK_EXT_display_surface_counter [enabled=0, external=0]
[Vulkan init] extensions: name=VK_EXT_swapchain_colorspace [enabled=1, external=0]
[Vulkan init] extensions: name=VK_KHR_device_group_creation [enabled=0, external=0]
[Vulkan init] extensions: name=VK_KHR_display [enabled=1, external=0]
[Vulkan init] extensions: name=VK_KHR_external_fence_capabilities [enabled=1, external=0]
[Vulkan init] extensions: name=VK_KHR_external_memory_capabilities [enabled=1, external=0]
[Vulkan init] extensions: name=VK_KHR_external_semaphore_capabilities [enabled=1, external=0]
[Vulkan init] extensions: name=VK_KHR_get_display_properties2 [enabled=0, external=0]
[Vulkan init] extensions: name=VK_KHR_get_physical_device_properties2 [enabled=1, external=0]
[Vulkan init] extensions: name=VK_KHR_get_surface_capabilities2 [enabled=0, external=0]
[Vulkan init] extensions: name=VK_KHR_surface [enabled=1, external=0]
[Vulkan init] extensions: name=VK_KHR_surface_protected_capabilities [enabled=0, external=0]
[Vulkan init] extensions: name=VK_KHR_wayland_surface [enabled=1, external=0]
[Vulkan init] extensions: name=VK_KHR_xcb_surface [enabled=0, external=0]
[Vulkan init] extensions: name=VK_KHR_xlib_surface [enabled=1, external=0]
[vulkan] Loaded instance function vkDestroyInstance
[vulkan] Loaded instance function vkGetPhysicalDeviceProperties
[vulkan] Loaded instance function vkEnumeratePhysicalDevices
[vulkan] Loaded instance function vkGetDeviceProcAddr
[vulkan] Loaded instance function vkGetPhysicalDeviceFeatures
[vulkan] Loaded instance function vkGetPhysicalDeviceFormatProperties
[vulkan] Loaded instance function vkGetPhysicalDeviceImageFormatProperties
[vulkan] Loaded instance function vkGetPhysicalDeviceQueueFamilyProperties
[vulkan] Loaded instance function vkGetPhysicalDeviceMemoryProperties
[vulkan] Loaded instance function vkCreateDevice
[vulkan] Loaded instance function vkEnumerateDeviceExtensionProperties
[vulkan] Loaded instance function vkEnumerateDeviceLayerProperties
[vulkan] Loaded instance function vkGetPhysicalDeviceSparseImageFormatProperties
[vulkan] Loaded instance function vkDestroySurfaceKHR
[vulkan] Loaded instance function vkGetPhysicalDeviceSurfaceSupportKHR
[vulkan] Loaded instance function vkGetPhysicalDeviceSurfaceCapabilitiesKHR
[vulkan] Loaded instance function vkGetPhysicalDeviceSurfaceFormatsKHR
[vulkan] Loaded instance function vkGetPhysicalDeviceSurfacePresentModesKHR
[vulkan] Loaded instance function vkCreateSwapchainKHR
[vulkan] Loaded instance function vkDestroySwapchainKHR
[vulkan] Loaded instance function vkGetSwapchainImagesKHR
[vulkan] Loaded instance function vkAcquireNextImageKHR
[vulkan] Loaded instance function vkQueuePresentKHR
[vulkan] Loaded instance function vkGetPhysicalDeviceDisplayPropertiesKHR
[vulkan] Loaded instance function vkGetPhysicalDeviceDisplayPlanePropertiesKHR
[vulkan] Loaded instance function vkGetDisplayPlaneSupportedDisplaysKHR
[vulkan] Loaded instance function vkGetDisplayModePropertiesKHR
[vulkan] Loaded instance function vkCreateDisplayModeKHR
[vulkan] Loaded instance function vkGetDisplayPlaneCapabilitiesKHR
[vulkan] Loaded instance function vkCreateDisplayPlaneSurfaceKHR
[vulkan] Loaded instance function vkCreateSharedSwapchainsKHR
[vulkan] Loaded instance function vkCreateXlibSurfaceKHR
[vulkan] Loaded instance function vkGetPhysicalDeviceXlibPresentationSupportKHR
[vulkan] Loaded instance function vkSetHdrMetadataEXT
[vulkan] Loaded instance function vkGetPhysicalDeviceFeatures2KHR
[vulkan] Loaded instance function vkGetPhysicalDeviceProperties2KHR
[vulkan] Loaded instance function vkGetPhysicalDeviceFormatProperties2KHR
[vulkan] Loaded instance function vkGetPhysicalDeviceImageFormatProperties2KHR
[vulkan] Loaded instance function vkGetPhysicalDeviceQueueFamilyProperties2KHR
[vulkan] Loaded instance function vkGetPhysicalDeviceMemoryProperties2KHR
[vulkan] Loaded instance function vkGetPhysicalDeviceSparseImageFormatProperties2KHR
[vulkan] Loaded instance function vkGetSemaphoreFdKHR
[vulkan] Loaded instance function vkImportSemaphoreFdKHR
[vulkan] Loaded instance function vkGetFenceFdKHR
[vulkan] Loaded instance function vkImportFenceFdKHR
[vulkan] Loaded instance function vkCreateSamplerYcbcrConversionKHR
[vulkan] Loaded instance function vkDestroySamplerYcbcrConversionKHR
[vulkan] Loaded instance function vkBindBufferMemory2KHR
[vulkan] Loaded instance function vkBindImageMemory2KHR
[vulkan] Loaded instance function vkGetPhysicalDeviceExternalSemaphorePropertiesKHR
[vulkan] Loaded instance function vkGetPhysicalDeviceExternalFencePropertiesKHR
[vulkan] Loaded instance function vkGetPhysicalDeviceFragmentShadingRatesKHR
[vulkan] Loaded instance function vkSetDebugUtilsObjectNameEXT
[vulkan] Loaded instance function vkSetDebugUtilsObjectTagEXT
[vulkan] Loaded instance function vkQueueBeginDebugUtilsLabelEXT
[vulkan] Loaded instance function vkQueueEndDebugUtilsLabelEXT
[vulkan] Loaded instance function vkQueueInsertDebugUtilsLabelEXT
[vulkan] Loaded instance function vkCmdBeginDebugUtilsLabelEXT
[vulkan] Loaded instance function vkCmdEndDebugUtilsLabelEXT
[vulkan] Loaded instance function vkCmdInsertDebugUtilsLabelEXT
[Vulkan init] SelectPhysicalDevice requestedDeviceIndex=-1 xrDevice=(nil)
[Vulkan init] Physical Device 0x55f06450aae0 [0]: "NVIDIA A800-SXM4-80GB" deviceType=2 vendorID=10de deviceID=20f3
[Vulkan init] Physical Device 0x55f0645087b0 [1]: "llvmpipe (LLVM 15.0.7, 256 bits)" deviceType=4 vendorID=10005 deviceID=0
[Vulkan init] Physical Device 0x55f0645087e0 [2]: "NVIDIA A800-SXM4-80GB" deviceType=2 vendorID=10de deviceID=20f3
[Vulkan init] Physical Device 0x55f064508810 [3]: "NVIDIA A800-SXM4-80GB" deviceType=2 vendorID=10de deviceID=20f3
[Vulkan init] Physical Device 0x55f064508840 [4]: "NVIDIA A800-SXM4-80GB" deviceType=2 vendorID=10de deviceID=20f3
[Vulkan init] Physical Device 0x55f064508870 [5]: "NVIDIA A800-SXM4-80GB" deviceType=2 vendorID=10de deviceID=20f3
[Vulkan init] Physical Device 0x55f06451a6c0 [6]: "NVIDIA A800-SXM4-80GB" deviceType=2 vendorID=10de deviceID=20f3
[Vulkan init] Physical Device 0x55f06451a6f0 [7]: "NVIDIA A800-SXM4-80GB" deviceType=2 vendorID=10de deviceID=20f3
[Vulkan init] Physical Device 0x55f06451a720 [8]: "NVIDIA A800-SXM4-80GB" deviceType=2 vendorID=10de deviceID=20f3
[Vulkan init] Selected physical device 0x55f06450aae0
[Vulkan init] Graphics queue count=1
[Vulkan init] extensions: count=264
[Vulkan init] extensions: name=VK_AMD_buffer_marker [enabled=0, external=0]
[Vulkan init] extensions: name=VK_EXT_4444_formats [enabled=1, external=0]
[Vulkan init] extensions: name=VK_EXT_attachment_feedback_loop_dynamic_state [enabled=0, external=0]
[Vulkan init] extensions: name=VK_EXT_attachment_feedback_loop_layout [enabled=0, external=0]
[Vulkan init] extensions: name=VK_EXT_blend_operation_advanced [enabled=0, external=0]
[Vulkan init] extensions: name=VK_EXT_border_color_swizzle [enabled=0, external=0]
[Vulkan init] extensions: name=VK_EXT_buffer_device_address [enabled=0, external=0]
[Vulkan init] extensions: name=VK_EXT_calibrated_timestamps [enabled=0, external=0]
[Vulkan init] extensions: name=VK_EXT_color_write_enable [enabled=0, external=0]
[Vulkan init] extensions: name=VK_EXT_conditional_rendering [enabled=0, external=0]
[Vulkan init] extensions: name=VK_EXT_conservative_rasterization [enabled=1, external=0]
[Vulkan init] extensions: name=VK_EXT_custom_border_color [enabled=0, external=0]
[Vulkan init] extensions: name=VK_EXT_custom_resolve [enabled=0, external=0]
[Vulkan init] extensions: name=VK_EXT_depth_bias_control [enabled=0, external=0]
[Vulkan init] extensions: name=VK_EXT_depth_clamp_control [enabled=0, external=0]
[Vulkan init] extensions: name=VK_EXT_depth_clamp_zero_one [enabled=0, external=0]
[Vulkan init] extensions: name=VK_EXT_depth_clip_control [enabled=0, external=0]
[Vulkan init] extensions: name=VK_EXT_depth_clip_enable [enabled=0, external=0]
[Vulkan init] extensions: name=VK_EXT_depth_range_unrestricted [enabled=0, external=0]
[Vulkan init] extensions: name=VK_EXT_descriptor_buffer [enabled=0, external=0]
[Vulkan init] extensions: name=VK_EXT_descriptor_heap [enabled=0, external=0]
[Vulkan init] extensions: name=VK_EXT_descriptor_indexing [enabled=0, external=0]
[Vulkan init] extensions: name=VK_EXT_device_address_binding_report [enabled=0, external=0]
[Vulkan init] extensions: name=VK_EXT_device_fault [enabled=0, external=0]
[Vulkan init] extensions: name=VK_EXT_device_generated_commands [enabled=0, external=0]
[Vulkan init] extensions: name=VK_EXT_discard_rectangles [enabled=0, external=0]
[Vulkan init] extensions: name=VK_EXT_display_control [enabled=0, external=0]
[Vulkan init] extensions: name=VK_EXT_dynamic_rendering_unused_attachments [enabled=0, external=0]
[Vulkan init] extensions: name=VK_EXT_extended_dynamic_state [enabled=0, external=0]
[Vulkan init] extensions: name=VK_EXT_extended_dynamic_state2 [enabled=0, external=0]
[Vulkan init] extensions: name=VK_EXT_extended_dynamic_state3 [enabled=0, external=0]
[Vulkan init] extensions: name=VK_EXT_external_memory_host [enabled=1, external=0]
[Vulkan init] extensions: name=VK_EXT_fragment_shader_interlock [enabled=0, external=0]
[Vulkan init] extensions: name=VK_EXT_global_priority [enabled=0, external=0]
[Vulkan init] extensions: name=VK_EXT_global_priority_query [enabled=0, external=0]
[Vulkan init] extensions: name=VK_EXT_graphics_pipeline_library [enabled=0, external=0]
[Vulkan init] extensions: name=VK_EXT_hdr_metadata [enabled=1, external=0]
[Vulkan init] extensions: name=VK_EXT_host_image_copy [enabled=0, external=0]
[Vulkan init] extensions: name=VK_EXT_host_query_reset [enabled=0, external=0]
[Vulkan init] extensions: name=VK_EXT_image_2d_view_of_3d [enabled=0, external=0]
[Vulkan init] extensions: name=VK_EXT_image_drm_format_modifier [enabled=0, external=0]
[Vulkan init] extensions: name=VK_EXT_image_robustness [enabled=0, external=0]
[Vulkan init] extensions: name=VK_EXT_image_sliced_view_of_3d [enabled=0, external=0]
[Vulkan init] extensions: name=VK_EXT_image_view_min_lod [enabled=0, external=0]
[Vulkan init] extensions: name=VK_EXT_index_type_uint8 [enabled=0, external=0]
[Vulkan init] extensions: name=VK_EXT_inline_uniform_block [enabled=0, external=0]
[Vulkan init] extensions: name=VK_EXT_legacy_vertex_attributes [enabled=0, external=0]
[Vulkan init] extensions: name=VK_EXT_line_rasterization [enabled=0, external=0]
[Vulkan init] extensions: name=VK_EXT_load_store_op_none [enabled=1, external=0]
[Vulkan init] extensions: name=VK_EXT_map_memory_placed [enabled=0, external=0]
[Vulkan init] extensions: name=VK_EXT_memory_budget [enabled=1, external=0]
[Vulkan init] extensions: name=VK_EXT_memory_decompression [enabled=0, external=0]
[Vulkan init] extensions: name=VK_EXT_memory_priority [enabled=1, external=0]
[Vulkan init] extensions: name=VK_EXT_mesh_shader [enabled=0, external=0]
[Vulkan init] extensions: name=VK_EXT_multi_draw [enabled=0, external=0]
[Vulkan init] extensions: name=VK_EXT_mutable_descriptor_type [enabled=0, external=0]
[Vulkan init] extensions: name=VK_EXT_nested_command_buffer [enabled=0, external=0]
[Vulkan init] extensions: name=VK_EXT_non_seamless_cube_map [enabled=0, external=0]
[Vulkan init] extensions: name=VK_EXT_pageable_device_local_memory [enabled=0, external=0]
[Vulkan init] extensions: name=VK_EXT_pci_bus_info [enabled=0, external=0]
[Vulkan init] extensions: name=VK_EXT_physical_device_drm [enabled=0, external=0]
[Vulkan init] extensions: name=VK_EXT_pipeline_creation_cache_control [enabled=0, external=0]
[Vulkan init] extensions: name=VK_EXT_pipeline_creation_feedback [enabled=0, external=0]
[Vulkan init] extensions: name=VK_EXT_pipeline_library_group_handles [enabled=0, external=0]
[Vulkan init] extensions: name=VK_EXT_pipeline_robustness [enabled=0, external=0]
[Vulkan init] extensions: name=VK_EXT_post_depth_coverage [enabled=0, external=0]
[Vulkan init] extensions: name=VK_EXT_present_mode_fifo_latest_ready [enabled=0, external=0]
[Vulkan init] extensions: name=VK_EXT_present_timing [enabled=0, external=0]
[Vulkan init] extensions: name=VK_EXT_primitive_topology_list_restart [enabled=0, external=0]
[Vulkan init] extensions: name=VK_EXT_primitives_generated_query [enabled=0, external=0]
[Vulkan init] extensions: name=VK_EXT_private_data [enabled=0, external=0]
[Vulkan init] extensions: name=VK_EXT_provoking_vertex [enabled=0, external=0]
[Vulkan init] extensions: name=VK_EXT_queue_family_foreign [enabled=1, external=0]
[Vulkan init] extensions: name=VK_EXT_ray_tracing_invocation_reorder [enabled=0, external=0]
[Vulkan init] extensions: name=VK_EXT_robustness2 [enabled=0, external=0]
[Vulkan init] extensions: name=VK_EXT_sample_locations [enabled=0, external=0]
[Vulkan init] extensions: name=VK_EXT_sampler_filter_minmax [enabled=0, external=0]
[Vulkan init] extensions: name=VK_EXT_scalar_block_layout [enabled=1, external=0]
[Vulkan init] extensions: name=VK_EXT_separate_stencil_usage [enabled=0, external=0]
[Vulkan init] extensions: name=VK_EXT_shader_64bit_indexing [enabled=0, external=0]
[Vulkan init] extensions: name=VK_EXT_shader_atomic_float [enabled=0, external=0]
[Vulkan init] extensions: name=VK_EXT_shader_demote_to_helper_invocation [enabled=0, external=0]
[Vulkan init] extensions: name=VK_EXT_shader_image_atomic_int64 [enabled=0, external=0]
[Vulkan init] extensions: name=VK_EXT_shader_long_vector [enabled=0, external=0]
[Vulkan init] extensions: name=VK_EXT_shader_module_identifier [enabled=0, external=0]
[Vulkan init] extensions: name=VK_EXT_shader_object [enabled=0, external=0]
[Vulkan init] extensions: name=VK_EXT_shader_replicated_composites [enabled=0, external=0]
[Vulkan init] extensions: name=VK_EXT_shader_subgroup_ballot [enabled=0, external=0]
[Vulkan init] extensions: name=VK_EXT_shader_subgroup_partitioned [enabled=0, external=0]
[Vulkan init] extensions: name=VK_EXT_shader_subgroup_vote [enabled=0, external=0]
[Vulkan init] extensions: name=VK_EXT_shader_uniform_buffer_unsized_array [enabled=0, external=0]
[Vulkan init] extensions: name=VK_EXT_shader_viewport_index_layer [enabled=1, external=0]
[Vulkan init] extensions: name=VK_EXT_subgroup_size_control [enabled=0, external=0]
[Vulkan init] extensions: name=VK_EXT_swapchain_maintenance1 [enabled=0, external=0]
[Vulkan init] extensions: name=VK_EXT_texel_buffer_alignment [enabled=0, external=0]
[Vulkan init] extensions: name=VK_EXT_tooling_info [enabled=0, external=0]
[Vulkan init] extensions: name=VK_EXT_transform_feedback [enabled=0, external=0]
[Vulkan init] extensions: name=VK_EXT_vertex_attribute_divisor [enabled=0, external=0]
[Vulkan init] extensions: name=VK_EXT_vertex_attribute_robustness [enabled=0, external=0]
[Vulkan init] extensions: name=VK_EXT_vertex_input_dynamic_state [enabled=0, external=0]
[Vulkan init] extensions: name=VK_EXT_ycbcr_2plane_444_formats [enabled=0, external=0]
[Vulkan init] extensions: name=VK_EXT_ycbcr_image_arrays [enabled=0, external=0]
[Vulkan init] extensions: name=VK_EXT_zero_initialize_device_memory [enabled=0, external=0]
[Vulkan init] extensions: name=VK_GOOGLE_hlsl_functionality1 [enabled=0, external=0]
[Vulkan init] extensions: name=VK_GOOGLE_user_type [enabled=0, external=0]
[Vulkan init] extensions: name=VK_KHR_16bit_storage [enabled=1, external=0]
[Vulkan init] extensions: name=VK_KHR_8bit_storage [enabled=0, external=0]
[Vulkan init] extensions: name=VK_KHR_acceleration_structure [enabled=0, external=0]
[Vulkan init] extensions: name=VK_KHR_bind_memory2 [enabled=1, external=0]
[Vulkan init] extensions: name=VK_KHR_buffer_device_address [enabled=0, external=0]
[Vulkan init] extensions: name=VK_KHR_calibrated_timestamps [enabled=0, external=0]
[Vulkan init] extensions: name=VK_KHR_compute_shader_derivatives [enabled=0, external=0]
[Vulkan init] extensions: name=VK_KHR_cooperative_matrix [enabled=0, external=0]
[Vulkan init] extensions: name=VK_KHR_copy_commands2 [enabled=0, external=0]
[Vulkan init] extensions: name=VK_KHR_copy_memory_indirect [enabled=0, external=0]
[Vulkan init] extensions: name=VK_KHR_create_renderpass2 [enabled=1, external=0]
[Vulkan init] extensions: name=VK_KHR_dedicated_allocation [enabled=1, external=0]
[Vulkan init] extensions: name=VK_KHR_deferred_host_operations [enabled=0, external=0]
[Vulkan init] extensions: name=VK_KHR_depth_clamp_zero_one [enabled=0, external=0]
[Vulkan init] extensions: name=VK_KHR_depth_stencil_resolve [enabled=1, external=0]
[Vulkan init] extensions: name=VK_KHR_descriptor_update_template [enabled=1, external=0]
[Vulkan init] extensions: name=VK_KHR_device_group [enabled=0, external=0]
[Vulkan init] extensions: name=VK_KHR_draw_indirect_count [enabled=0, external=0]
[Vulkan init] extensions: name=VK_KHR_driver_properties [enabled=1, external=0]
[Vulkan init] extensions: name=VK_KHR_dynamic_rendering [enabled=0, external=0]
[Vulkan init] extensions: name=VK_KHR_dynamic_rendering_local_read [enabled=0, external=0]
[Vulkan init] extensions: name=VK_KHR_external_fence [enabled=1, external=0]
[Vulkan init] extensions: name=VK_KHR_external_fence_fd [enabled=1, external=0]
[Vulkan init] extensions: name=VK_KHR_external_memory [enabled=1, external=0]
[Vulkan init] extensions: name=VK_KHR_external_memory_fd [enabled=1, external=0]
[Vulkan init] extensions: name=VK_KHR_external_semaphore [enabled=1, external=0]
[Vulkan init] extensions: name=VK_KHR_external_semaphore_fd [enabled=1, external=0]
[Vulkan init] extensions: name=VK_KHR_format_feature_flags2 [enabled=0, external=0]
[Vulkan init] extensions: name=VK_KHR_fragment_shader_barycentric [enabled=0, external=0]
[Vulkan init] extensions: name=VK_KHR_fragment_shading_rate [enabled=1, external=0]
[Vulkan init] extensions: name=VK_KHR_get_memory_requirements2 [enabled=1, external=0]
[Vulkan init] extensions: name=VK_KHR_global_priority [enabled=0, external=0]
[Vulkan init] extensions: name=VK_KHR_image_format_list [enabled=1, external=0]
[Vulkan init] extensions: name=VK_KHR_imageless_framebuffer [enabled=0, external=0]
[Vulkan init] extensions: name=VK_KHR_incremental_present [enabled=0, external=0]
[Vulkan init] extensions: name=VK_KHR_index_type_uint8 [enabled=0, external=0]
[Vulkan init] extensions: name=VK_KHR_internally_synchronized_queues [enabled=0, external=0]
[Vulkan init] extensions: name=VK_KHR_line_rasterization [enabled=0, external=0]
[Vulkan init] extensions: name=VK_KHR_load_store_op_none [enabled=0, external=0]
[Vulkan init] extensions: name=VK_KHR_maintenance1 [enabled=1, external=0]
[Vulkan init] extensions: name=VK_KHR_maintenance10 [enabled=0, external=0]
[Vulkan init] extensions: name=VK_KHR_maintenance2 [enabled=1, external=0]
[Vulkan init] extensions: name=VK_KHR_maintenance3 [enabled=0, external=0]
[Vulkan init] extensions: name=VK_KHR_maintenance4 [enabled=0, external=0]
[Vulkan init] extensions: name=VK_KHR_maintenance5 [enabled=0, external=0]
[Vulkan init] extensions: name=VK_KHR_maintenance6 [enabled=0, external=0]
[Vulkan init] extensions: name=VK_KHR_maintenance7 [enabled=0, external=0]
[Vulkan init] extensions: name=VK_KHR_maintenance8 [enabled=0, external=0]
[Vulkan init] extensions: name=VK_KHR_maintenance9 [enabled=0, external=0]
[Vulkan init] extensions: name=VK_KHR_map_memory2 [enabled=0, external=0]
[Vulkan init] extensions: name=VK_KHR_multiview [enabled=1, external=0]
[Vulkan init] extensions: name=VK_KHR_pipeline_binary [enabled=0, external=0]
[Vulkan init] extensions: name=VK_KHR_pipeline_executable_properties [enabled=0, external=0]
[Vulkan init] extensions: name=VK_KHR_pipeline_library [enabled=0, external=0]
[Vulkan init] extensions: name=VK_KHR_present_id [enabled=1, external=0]
[Vulkan init] extensions: name=VK_KHR_present_id2 [enabled=0, external=0]
[Vulkan init] extensions: name=VK_KHR_present_mode_fifo_latest_ready [enabled=0, external=0]
[Vulkan init] extensions: name=VK_KHR_present_wait [enabled=1, external=0]
[Vulkan init] extensions: name=VK_KHR_present_wait2 [enabled=0, external=0]
[Vulkan init] extensions: name=VK_KHR_push_descriptor [enabled=0, external=0]
[Vulkan init] extensions: name=VK_KHR_ray_tracing_maintenance1 [enabled=0, external=0]
[Vulkan init] extensions: name=VK_KHR_ray_tracing_pipeline [enabled=0, external=0]
[Vulkan init] extensions: name=VK_KHR_relaxed_block_layout [enabled=0, external=0]
[Vulkan init] extensions: name=VK_KHR_robustness2 [enabled=0, external=0]
[Vulkan init] extensions: name=VK_KHR_sampler_mirror_clamp_to_edge [enabled=1, external=0]
[Vulkan init] extensions: name=VK_KHR_sampler_ycbcr_conversion [enabled=1, external=0]
[Vulkan init] extensions: name=VK_KHR_separate_depth_stencil_layouts [enabled=0, external=0]
[Vulkan init] extensions: name=VK_KHR_shader_atomic_int64 [enabled=1, external=0]
[Vulkan init] extensions: name=VK_KHR_shader_bfloat16 [enabled=0, external=0]
[Vulkan init] extensions: name=VK_KHR_shader_clock [enabled=0, external=0]
[Vulkan init] extensions: name=VK_KHR_shader_draw_parameters [enabled=0, external=0]
[Vulkan init] extensions: name=VK_KHR_shader_expect_assume [enabled=0, external=0]
[Vulkan init] extensions: name=VK_KHR_shader_float16_int8 [enabled=1, external=0]
[Vulkan init] extensions: name=VK_KHR_shader_float_controls [enabled=0, external=0]
[Vulkan init] extensions: name=VK_KHR_shader_float_controls2 [enabled=0, external=0]
[Vulkan init] extensions: name=VK_KHR_shader_fma [enabled=0, external=0]
[Vulkan init] extensions: name=VK_KHR_shader_integer_dot_product [enabled=0, external=0]
[Vulkan init] extensions: name=VK_KHR_shader_maximal_reconvergence [enabled=0, external=0]
[Vulkan init] extensions: name=VK_KHR_shader_non_semantic_info [enabled=1, external=0]
[Vulkan init] extensions: name=VK_KHR_shader_quad_control [enabled=0, external=0]
[Vulkan init] extensions: name=VK_KHR_shader_relaxed_extended_instruction [enabled=0, external=0]
[Vulkan init] extensions: name=VK_KHR_shader_subgroup_extended_types [enabled=0, external=0]
[Vulkan init] extensions: name=VK_KHR_shader_subgroup_rotate [enabled=0, external=0]
[Vulkan init] extensions: name=VK_KHR_shader_subgroup_uniform_control_flow [enabled=0, external=0]
[Vulkan init] extensions: name=VK_KHR_shader_terminate_invocation [enabled=0, external=0]
[Vulkan init] extensions: name=VK_KHR_shader_untyped_pointers [enabled=0, external=0]
[Vulkan init] extensions: name=VK_KHR_shared_presentable_image [enabled=0, external=0]
[Vulkan init] extensions: name=VK_KHR_spirv_1_4 [enabled=0, external=0]
[Vulkan init] extensions: name=VK_KHR_storage_buffer_storage_class [enabled=1, external=0]
[Vulkan init] extensions: name=VK_KHR_swapchain [enabled=1, external=0]
[Vulkan init] extensions: name=VK_KHR_swapchain_maintenance1 [enabled=0, external=0]
[Vulkan init] extensions: name=VK_KHR_swapchain_mutable_format [enabled=1, external=0]
[Vulkan init] extensions: name=VK_KHR_synchronization2 [enabled=0, external=0]
[Vulkan init] extensions: name=VK_KHR_timeline_semaphore [enabled=0, external=0]
[Vulkan init] extensions: name=VK_KHR_unified_image_layouts [enabled=0, external=0]
[Vulkan init] extensions: name=VK_KHR_uniform_buffer_standard_layout [enabled=0, external=0]
[Vulkan init] extensions: name=VK_KHR_variable_pointers [enabled=0, external=0]
[Vulkan init] extensions: name=VK_KHR_vertex_attribute_divisor [enabled=0, external=0]
[Vulkan init] extensions: name=VK_KHR_video_decode_h264 [enabled=0, external=0]
[Vulkan init] extensions: name=VK_KHR_video_decode_h265 [enabled=0, external=0]
[Vulkan init] extensions: name=VK_KHR_video_decode_queue [enabled=0, external=0]
[Vulkan init] extensions: name=VK_KHR_video_decode_vp9 [enabled=0, external=0]
[Vulkan init] extensions: name=VK_KHR_video_maintenance1 [enabled=0, external=0]
[Vulkan init] extensions: name=VK_KHR_video_maintenance2 [enabled=0, external=0]
[Vulkan init] extensions: name=VK_KHR_video_queue [enabled=0, external=0]
[Vulkan init] extensions: name=VK_KHR_vulkan_memory_model [enabled=0, external=0]
[Vulkan init] extensions: name=VK_KHR_workgroup_memory_explicit_layout [enabled=0, external=0]
[Vulkan init] extensions: name=VK_KHR_zero_initialize_workgroup_memory [enabled=0, external=0]
[Vulkan init] extensions: name=VK_NVX_binary_import [enabled=0, external=0]
[Vulkan init] extensions: name=VK_NVX_image_view_handle [enabled=0, external=0]
[Vulkan init] extensions: name=VK_NVX_multiview_per_view_attributes [enabled=0, external=0]
[Vulkan init] extensions: name=VK_NV_clip_space_w_scaling [enabled=0, external=0]
[Vulkan init] extensions: name=VK_NV_compute_shader_derivatives [enabled=0, external=0]
[Vulkan init] extensions: name=VK_NV_cooperative_matrix [enabled=0, external=0]
[Vulkan init] extensions: name=VK_NV_cooperative_matrix2 [enabled=0, external=0]
[Vulkan init] extensions: name=VK_NV_cooperative_vector [enabled=0, external=0]
[Vulkan init] extensions: name=VK_NV_copy_memory_indirect [enabled=0, external=0]
[Vulkan init] extensions: name=VK_NV_corner_sampled_image [enabled=0, external=0]
[Vulkan init] extensions: name=VK_NV_coverage_reduction_mode [enabled=0, external=0]
[Vulkan init] extensions: name=VK_NV_cuda_kernel_launch [enabled=0, external=0]
[Vulkan init] extensions: name=VK_NV_dedicated_allocation [enabled=0, external=0]
[Vulkan init] extensions: name=VK_NV_dedicated_allocation_image_aliasing [enabled=0, external=0]
[Vulkan init] extensions: name=VK_NV_descriptor_pool_overallocation [enabled=0, external=0]
[Vulkan init] extensions: name=VK_NV_device_diagnostic_checkpoints [enabled=0, external=0]
[Vulkan init] extensions: name=VK_NV_device_diagnostics_config [enabled=0, external=0]
[Vulkan init] extensions: name=VK_NV_device_generated_commands [enabled=0, external=0]
[Vulkan init] extensions: name=VK_NV_device_generated_commands_compute [enabled=0, external=0]
[Vulkan init] extensions: name=VK_NV_disk_cache_utils [enabled=0, external=0]
[Vulkan init] extensions: name=VK_NV_extended_sparse_address_space [enabled=0, external=0]
[Vulkan init] extensions: name=VK_NV_fill_rectangle [enabled=0, external=0]
[Vulkan init] extensions: name=VK_NV_fragment_coverage_to_color [enabled=0, external=0]
[Vulkan init] extensions: name=VK_NV_fragment_shader_barycentric [enabled=0, external=0]
[Vulkan init] extensions: name=VK_NV_fragment_shading_rate_enums [enabled=0, external=0]
[Vulkan init] extensions: name=VK_NV_framebuffer_mixed_samples [enabled=0, external=0]
[Vulkan init] extensions: name=VK_NV_geometry_shader_passthrough [enabled=0, external=0]
[Vulkan init] extensions: name=VK_NV_inherited_viewport_scissor [enabled=0, external=0]
[Vulkan init] extensions: name=VK_NV_internal_nvpresent [enabled=0, external=0]
[Vulkan init] extensions: name=VK_NV_linear_color_attachment [enabled=0, external=0]
[Vulkan init] extensions: name=VK_NV_low_latency [enabled=0, external=0]
[Vulkan init] extensions: name=VK_NV_low_latency2 [enabled=0, external=0]
[Vulkan init] extensions: name=VK_NV_memory_decompression [enabled=0, external=0]
[Vulkan init] extensions: name=VK_NV_mesh_shader [enabled=0, external=0]
[Vulkan init] extensions: name=VK_NV_optical_flow [enabled=0, external=0]
[Vulkan init] extensions: name=VK_NV_present_barrier [enabled=0, external=0]
[Vulkan init] extensions: name=VK_NV_present_metering [enabled=0, external=0]
[Vulkan init] extensions: name=VK_NV_push_constant_bank [enabled=0, external=0]
[Vulkan init] extensions: name=VK_NV_raw_access_chains [enabled=0, external=0]
[Vulkan init] extensions: name=VK_NV_ray_tracing [enabled=0, external=0]
[Vulkan init] extensions: name=VK_NV_ray_tracing_invocation_reorder [enabled=0, external=0]
[Vulkan init] extensions: name=VK_NV_representative_fragment_test [enabled=0, external=0]
[Vulkan init] extensions: name=VK_NV_sample_mask_override_coverage [enabled=0, external=0]
[Vulkan init] extensions: name=VK_NV_scissor_exclusive [enabled=0, external=0]
[Vulkan init] extensions: name=VK_NV_shader_atomic_float16_vector [enabled=0, external=0]
[Vulkan init] extensions: name=VK_NV_shader_image_footprint [enabled=0, external=0]
[Vulkan init] extensions: name=VK_NV_shader_sm_builtins [enabled=0, external=0]
[Vulkan init] extensions: name=VK_NV_shader_subgroup_partitioned [enabled=0, external=0]
[Vulkan init] extensions: name=VK_NV_shading_rate_image [enabled=0, external=0]
[Vulkan init] extensions: name=VK_NV_viewport_array2 [enabled=0, external=0]
[Vulkan init] extensions: name=VK_NV_viewport_swizzle [enabled=0, external=0]
[vulkan] Loaded device function vkDestroyDevice
[vulkan] Loaded device function vkGetDeviceQueue
[vulkan] Loaded device function vkQueueSubmit
[vulkan] Loaded device function vkQueueWaitIdle
[vulkan] Loaded device function vkDeviceWaitIdle
[vulkan] Loaded device function vkAllocateMemory
[vulkan] Loaded device function vkFreeMemory
[vulkan] Loaded device function vkMapMemory
[vulkan] Loaded device function vkUnmapMemory
[vulkan] Loaded device function vkFlushMappedMemoryRanges
[vulkan] Loaded device function vkInvalidateMappedMemoryRanges
[vulkan] Loaded device function vkGetDeviceMemoryCommitment
[vulkan] Loaded device function vkBindBufferMemory
[vulkan] Loaded device function vkBindImageMemory
[vulkan] Loaded device function vkGetBufferMemoryRequirements
[vulkan] Loaded device function vkGetImageMemoryRequirements
[vulkan] Loaded device function vkGetImageSparseMemoryRequirements
[vulkan] Loaded device function vkQueueBindSparse
[vulkan] Loaded device function vkCreateFence
[vulkan] Loaded device function vkDestroyFence
[vulkan] Loaded device function vkResetFences
[vulkan] Loaded device function vkGetFenceStatus
[vulkan] Loaded device function vkWaitForFences
[vulkan] Loaded device function vkCreateSemaphore
[vulkan] Loaded device function vkDestroySemaphore
[vulkan] Loaded device function vkCreateEvent
[vulkan] Loaded device function vkDestroyEvent
[vulkan] Loaded device function vkGetEventStatus
[vulkan] Loaded device function vkSetEvent
[vulkan] Loaded device function vkResetEvent
[vulkan] Loaded device function vkCreateQueryPool
[vulkan] Loaded device function vkDestroyQueryPool
[vulkan] Loaded device function vkGetQueryPoolResults
[vulkan] Loaded device function vkCreateBuffer
[vulkan] Loaded device function vkDestroyBuffer
[vulkan] Loaded device function vkCreateBufferView
[vulkan] Loaded device function vkDestroyBufferView
[vulkan] Loaded device function vkCreateImage
[vulkan] Loaded device function vkDestroyImage
[vulkan] Loaded device function vkGetImageSubresourceLayout
[vulkan] Loaded device function vkCreateImageView
[vulkan] Loaded device function vkDestroyImageView
[vulkan] Loaded device function vkCreateShaderModule
[vulkan] Loaded device function vkDestroyShaderModule
[vulkan] Loaded device function vkCreatePipelineCache
[vulkan] Loaded device function vkDestroyPipelineCache
[vulkan] Loaded device function vkGetPipelineCacheData
[vulkan] Loaded device function vkMergePipelineCaches
[vulkan] Loaded device function vkCreateGraphicsPipelines
[vulkan] Loaded device function vkCreateComputePipelines
[vulkan] Loaded device function vkDestroyPipeline
[vulkan] Loaded device function vkCreatePipelineLayout
[vulkan] Loaded device function vkDestroyPipelineLayout
[vulkan] Loaded device function vkCreateSampler
[vulkan] Loaded device function vkDestroySampler
[vulkan] Loaded device function vkCreateDescriptorSetLayout
[vulkan] Loaded device function vkDestroyDescriptorSetLayout
[vulkan] Loaded device function vkCreateDescriptorPool
[vulkan] Loaded device function vkDestroyDescriptorPool
[vulkan] Loaded device function vkResetDescriptorPool
[vulkan] Loaded device function vkAllocateDescriptorSets
[vulkan] Loaded device function vkFreeDescriptorSets
[vulkan] Loaded device function vkUpdateDescriptorSets
[vulkan] Loaded device function vkCreateFramebuffer
[vulkan] Loaded device function vkDestroyFramebuffer
[vulkan] Loaded device function vkCreateRenderPass
[vulkan] Loaded device function vkDestroyRenderPass
[vulkan] Loaded device function vkGetRenderAreaGranularity
[vulkan] Loaded device function vkCreateCommandPool
[vulkan] Loaded device function vkDestroyCommandPool
[vulkan] Loaded device function vkResetCommandPool
[vulkan] Loaded device function vkAllocateCommandBuffers
[vulkan] Loaded device function vkFreeCommandBuffers
[vulkan] Loaded device function vkBeginCommandBuffer
[vulkan] Loaded device function vkEndCommandBuffer
[vulkan] Loaded device function vkResetCommandBuffer
[vulkan] Loaded device function vkCmdBindPipeline
[vulkan] Loaded device function vkCmdSetViewport
[vulkan] Loaded device function vkCmdSetScissor
[vulkan] Loaded device function vkCmdSetLineWidth
[vulkan] Loaded device function vkCmdSetDepthBias
[vulkan] Loaded device function vkCmdSetBlendConstants
[vulkan] Loaded device function vkCmdSetDepthBounds
[vulkan] Loaded device function vkCmdSetStencilCompareMask
[vulkan] Loaded device function vkCmdSetStencilWriteMask
[vulkan] Loaded device function vkCmdSetStencilReference
[vulkan] Loaded device function vkCmdBindDescriptorSets
[vulkan] Loaded device function vkCmdBindIndexBuffer
[vulkan] Loaded device function vkCmdBindVertexBuffers
[vulkan] Loaded device function vkCmdDraw
[vulkan] Loaded device function vkCmdDrawIndexed
[vulkan] Loaded device function vkCmdDrawIndirect
[vulkan] Loaded device function vkCmdDrawIndexedIndirect
[vulkan] Loaded device function vkCmdDispatch
[vulkan] Loaded device function vkCmdDispatchIndirect
[vulkan] Loaded device function vkCmdCopyBuffer
[vulkan] Loaded device function vkCmdCopyImage
[vulkan] Loaded device function vkCmdBlitImage
[vulkan] Loaded device function vkCmdCopyBufferToImage
[vulkan] Loaded device function vkCmdCopyImageToBuffer
[vulkan] Loaded device function vkCmdUpdateBuffer
[vulkan] Loaded device function vkCmdFillBuffer
[vulkan] Loaded device function vkCmdClearColorImage
[vulkan] Loaded device function vkCmdClearDepthStencilImage
[vulkan] Loaded device function vkCmdClearAttachments
[vulkan] Loaded device function vkCmdResolveImage
[vulkan] Loaded device function vkCmdSetEvent
[vulkan] Loaded device function vkCmdResetEvent
[vulkan] Loaded device function vkCmdWaitEvents
[vulkan] Loaded device function vkCmdPipelineBarrier
[vulkan] Loaded device function vkCmdBeginQuery
[vulkan] Loaded device function vkCmdEndQuery
[vulkan] Loaded device function vkCmdResetQueryPool
[vulkan] Loaded device function vkCmdWriteTimestamp
[vulkan] Loaded device function vkCmdCopyQueryPoolResults
[vulkan] Loaded device function vkCmdPushConstants
[vulkan] Loaded device function vkCmdBeginRenderPass
[vulkan] Loaded device function vkCmdNextSubpass
[vulkan] Loaded device function vkCmdEndRenderPass
[vulkan] Loaded device function vkCmdExecuteCommands
[vulkan] Loaded device function vkGetImageMemoryRequirements2KHR
[vulkan] Loaded device function vkGetBufferMemoryRequirements2KHR
[vulkan] Loaded device function vkGetImageSparseMemoryRequirements2KHR
[vulkan] Loaded device function vkCreateDescriptorUpdateTemplateKHR
[vulkan] Loaded device function vkDestroyDescriptorUpdateTemplateKHR
[vulkan] Loaded device function vkUpdateDescriptorSetWithTemplateKHR
[vulkan] Loaded device function vkCmdBeginRenderPass2KHR
[vulkan] Loaded device function vkCmdEndRenderPass2KHR
[vulkan] Loaded device function vkCmdNextSubpass2KHR
[vulkan] Loaded device function vkCreateRenderPass2KHR
[vulkan] Loaded device function vkCmdSetFragmentShadingRateKHR
[vulkan] Failed to load device function vkDebugMarkerSetObjectTagEXT
[vulkan] Loaded instance function vkDebugMarkerSetObjectTagEXT
[vulkan] Failed to load device function vkDebugMarkerSetObjectNameEXT
[vulkan] Loaded instance function vkDebugMarkerSetObjectNameEXT
[vulkan] Failed to load device function vkCmdDebugMarkerBeginEXT
[vulkan] Loaded instance function vkCmdDebugMarkerBeginEXT
[vulkan] Failed to load device function vkCmdDebugMarkerEndEXT
[vulkan] Loaded instance function vkCmdDebugMarkerEndEXT
[vulkan] Failed to load device function vkCmdDebugMarkerInsertEXT
[vulkan] Loaded instance function vkCmdDebugMarkerInsertEXT
Vulkan API version 1.1.0 (1.4.341 supported by driver, 1.1.0 requested)
Vulkan vendor=[NVIDIA] id=[10de]
Vulkan renderer=[NVIDIA A800-SXM4-80GB] id=[20f3]
Vulkan device type 2
Vulkan driverversion=[0x988e4100] uint=[-1735507712]
Vulkan PSO: Cache data successfully loaded [size=503792,path=/tmp/MIT Lincoln Laboratory/RubbleSim/vulkan_pso_cache.bin]
[Licensing::Client] Successfully resolved entitlement details
Initialize mono
Mono path[0] = '/data1/chh/dependency/unity/2022.3.62f2/Editor/Data/Managed'
Mono path[1] = '/data1/chh/dependency/unity/2022.3.62f2/Editor/Data/MonoBleedingEdge/lib/mono/unityjit-linux'
Mono config path = '/data1/chh/dependency/unity/2022.3.62f2/Editor/Data/MonoBleedingEdge/etc'
Using monoOptions --debugger-agent=transport=dt_socket,embedding=1,server=y,suspend=n,address=127.0.0.1:56492
Using cacheserver namespaces - metadata:defaultmetadata, artifacts:defaultartifacts
Using cacheserver namespaces - metadata:defaultmetadata, artifacts:defaultartifacts
ImportWorker Server TCP listen port: 0
Begin MonoManager ReloadAssembly
Registering precompiled unity dll's ...
Register platform support module: /data1/chh/dependency/unity/2022.3.62f2/Editor/Data/PlaybackEngines/LinuxStandaloneSupport/UnityEditor.LinuxStandalone.Extensions.dll
Registered in 0.003783 seconds.
- Loaded All Assemblies, in  0.283 seconds
Native extension for LinuxStandalone target not found
Mono: successfully reloaded assembly
- Finished resetting the current domain, in  0.254 seconds
Domain Reload Profiling: 537ms
	BeginReloadAssembly (68ms)
		ExecutionOrderSort (0ms)
		DisableScriptedObjects (0ms)
		BackupInstance (0ms)
		ReleaseScriptingObjects (0ms)
		CreateAndSetChildDomain (1ms)
	RebuildCommonClasses (31ms)
	RebuildNativeTypeToScriptingClass (7ms)
	initialDomainReloadingComplete (55ms)
	LoadAllAssembliesAndSetupDomain (122ms)
		LoadAssemblies (67ms)
		RebuildTransferFunctionScriptingTraits (0ms)
		AnalyzeDomain (121ms)
			TypeCache.Refresh (119ms)
				TypeCache.ScanAssembly (107ms)
			ScanForSourceGeneratedMonoScriptInfo (0ms)
			ResolveRequiredComponents (0ms)
	FinalizeReload (254ms)
		ReleaseScriptCaches (0ms)
		RebuildScriptCaches (0ms)
		SetupLoadedEditorAssemblies (208ms)
			LogAssemblyErrors (0ms)
			InitializePlatformSupportModulesInManaged (9ms)
			SetLoadedEditorAssemblies (7ms)
			RefreshPlugins (0ms)
			BeforeProcessingInitializeOnLoad (2ms)
			ProcessInitializeOnLoadAttributes (142ms)
			ProcessInitializeOnLoadMethodAttributes (48ms)
			AfterProcessingInitializeOnLoad (0ms)
			EditorAssembliesLoaded (0ms)
		ExecutionOrderSort2 (0ms)
		AwakeInstancesAfterBackupRestoration (0ms)
[Licensing::Client] Successfully resolved entitlement details
Application.AssetDatabase Initial Refresh Start
[ScriptCompilation] Requested script compilation because: Assetdatabase observed changes in script compilation related files
[40m[32minfo[39m[22m[49m: Microsoft.Hosting.Lifetime[14]
      Now listening on: http://unix:/tmp/ilpp.sock-13f86f85fa1e1a531299485fb6e51c4f
[40m[32minfo[39m[22m[49m: Microsoft.Hosting.Lifetime[0]
      Application started. Press Ctrl+C to shut down.
[40m[32minfo[39m[22m[49m: Microsoft.Hosting.Lifetime[0]
      Hosting environment: Production
[40m[32minfo[39m[22m[49m: Microsoft.Hosting.Lifetime[0]
      Content root path: /data1/chh/project/robosupport/software/sim/Rubble_Pile_Simulator/
[40m[32minfo[39m[22m[49m: Microsoft.AspNetCore.Hosting.Diagnostics[1]
      Request starting HTTP/2 POST http://ilpp/UnityILPP.PostProcessing/Ping application/grpc -
[40m[32minfo[39m[22m[49m: Microsoft.AspNetCore.Routing.EndpointMiddleware[0]
      Executing endpoint 'gRPC - /UnityILPP.PostProcessing/Ping'
[40m[32minfo[39m[22m[49m: Microsoft.AspNetCore.Routing.EndpointMiddleware[1]
      Executed endpoint 'gRPC - /UnityILPP.PostProcessing/Ping'
[40m[32minfo[39m[22m[49m: Microsoft.AspNetCore.Hosting.Diagnostics[2]
      Request finished HTTP/2 POST http://ilpp/UnityILPP.PostProcessing/Ping application/grpc - - 200 - application/grpc 39.7244ms
Starting: /data1/chh/dependency/unity/2022.3.62f2/Editor/Data/bee_backend --ipc --defer-dag-verification --dagfile="Library/Bee/2400b0aE.dag" --continue-on-failure --profile="Library/Bee/backend1.traceevents" ScriptAssemblies
WorkingDir: /data1/chh/project/robosupport/software/sim/Rubble_Pile_Simulator
[40m[32minfo[39m[22m[49m: Microsoft.AspNetCore.Hosting.Diagnostics[1]
      Request starting HTTP/2 POST http://ilpp/UnityILPP.PostProcessing/ConfigurePostProcessors application/grpc -
[40m[32minfo[39m[22m[49m: Microsoft.AspNetCore.Routing.EndpointMiddleware[0]
      Executing endpoint 'gRPC - /UnityILPP.PostProcessing/ConfigurePostProcessors'
[40m[1m[33mwarn[39m[22m[49m: Unity.ILPP.Runner.PostProcessingAssemblyLoadContext[0]
      Assembly system.runtime.interopservices.windowsruntime has duplicate hint path. Ignoring "/data1/chh/dependency/unity/2022.3.62f2/Editor/Data/UnityReferenceAssemblies/unity-4.8-api/Facades/System.Runtime.InteropServices.WindowsRuntime.dll" in favor of "/data1/chh/dependency/unity/2022.3.62f2/Editor/Data/NetStandard/Extensions/2.0.0/System.Runtime.InteropServices.WindowsRuntime.dll"
[40m[1m[33mwarn[39m[22m[49m: Unity.ILPP.Runner.PostProcessingAssemblyLoadContext[0]
      Assembly system.componentmodel.composition has duplicate hint path. Ignoring "/data1/chh/dependency/unity/2022.3.62f2/Editor/Data/UnityReferenceAssemblies/unity-4.8-api/System.ComponentModel.Composition.dll" in favor of "/data1/chh/dependency/unity/2022.3.62f2/Editor/Data/NetStandard/compat/2.1.0/shims/netfx/System.ComponentModel.Composition.dll"
[40m[32minfo[39m[22m[49m: Unity.ILPP.Runner.PostProcessingAssemblyLoadContext[0]
      Resolved Unity.Burst.Cecil, Version=0.11.4.0, Culture=neutral, PublicKeyToken=50cebf1cceb9d05e with Library/PackageCache/com.unity.burst@1.8.21/Unity.Burst.CodeGen/Unity.Burst.Cecil.dll
[40m[32minfo[39m[22m[49m: Microsoft.AspNetCore.Routing.EndpointMiddleware[1]
      Executed endpoint 'gRPC - /UnityILPP.PostProcessing/ConfigurePostProcessors'
[40m[32minfo[39m[22m[49m: Microsoft.AspNetCore.Hosting.Diagnostics[2]
      Request finished HTTP/2 POST http://ilpp/UnityILPP.PostProcessing/ConfigurePostProcessors application/grpc - - 200 - application/grpc 18.7955ms
DisplayProgressbar: Compiling Scripts
[40m[32minfo[39m[22m[49m: Microsoft.AspNetCore.Hosting.Diagnostics[1]
      Request starting HTTP/2 POST http://ilpp/UnityILPP.PostProcessing/PostProcessAssembly application/grpc -
[40m[32minfo[39m[22m[49m: Microsoft.AspNetCore.Hosting.Diagnostics[1]
      Request starting HTTP/2 POST http://ilpp/UnityILPP.PostProcessing/PostProcessAssembly application/grpc -
[40m[32minfo[39m[22m[49m: Microsoft.AspNetCore.Routing.EndpointMiddleware[0]
      Executing endpoint 'gRPC - /UnityILPP.PostProcessing/PostProcessAssembly'
[40m[32minfo[39m[22m[49m: Microsoft.AspNetCore.Routing.EndpointMiddleware[0]
      Executing endpoint 'gRPC - /UnityILPP.PostProcessing/PostProcessAssembly'
[40m[32minfo[39m[22m[49m: Unity.ILPP.Runner.PostProcessingPipeline[0]
      Processing assembly Library/Bee/artifacts/2400b0aE.dag/Assembly-CSharp.dll, with 117 defines and 259 references
[40m[32minfo[39m[22m[49m: Unity.ILPP.Runner.PostProcessingPipeline[0]
      Processing assembly Library/Bee/artifacts/2400b0aE.dag/Assembly-CSharp-Editor.dll, with 115 defines and 277 references
[40m[32minfo[39m[22m[49m: Unity.ILPP.Runner.PostProcessingPipeline[0]
      processors: zzzUnity.Burst.CodeGen.BurstILPostProcessor
[40m[32minfo[39m[22m[49m: Unity.ILPP.Runner.PostProcessingPipeline[0]
      processors: zzzUnity.Burst.CodeGen.BurstILPostProcessor
[40m[32minfo[39m[22m[49m: Unity.ILPP.Runner.PostProcessingPipeline[0]
      running zzzUnity.Burst.CodeGen.BurstILPostProcessor
[40m[32minfo[39m[22m[49m: Unity.ILPP.Runner.PostProcessingPipeline[0]
      running zzzUnity.Burst.CodeGen.BurstILPostProcessor
[40m[32minfo[39m[22m[49m: Unity.ILPP.Runner.PostProcessingAssemblyLoadContext[0]
      Resolved Unity.Burst.Cecil.Rocks, Version=0.11.4.0, Culture=neutral, PublicKeyToken=50cebf1cceb9d05e with Library/PackageCache/com.unity.burst@1.8.21/Unity.Burst.CodeGen/Unity.Burst.Cecil.Rocks.dll
[40m[32minfo[39m[22m[49m: Microsoft.AspNetCore.Routing.EndpointMiddleware[1]
      Executed endpoint 'gRPC - /UnityILPP.PostProcessing/PostProcessAssembly'
[40m[32minfo[39m[22m[49m: Microsoft.AspNetCore.Routing.EndpointMiddleware[1]
      Executed endpoint 'gRPC - /UnityILPP.PostProcessing/PostProcessAssembly'
[40m[32minfo[39m[22m[49m: Microsoft.AspNetCore.Hosting.Diagnostics[2]
      Request finished HTTP/2 POST http://ilpp/UnityILPP.PostProcessing/PostProcessAssembly application/grpc - - 200 - application/grpc 163.7193ms
[40m[32minfo[39m[22m[49m: Microsoft.AspNetCore.Hosting.Diagnostics[2]
      Request finished HTTP/2 POST http://ilpp/UnityILPP.PostProcessing/PostProcessAssembly application/grpc - - 200 - application/grpc 163.6448ms
ExitCode: 0 Duration: 1s306ms
[533/704    0s] ILPP-Configuration Library/ilpp-configuration.nevergeneratedoutput
[696/704    1s] Csc Library/Bee/artifacts/2400b0aE.dag/Assembly-CSharp.dll (+2 others)
[698/704    0s] ILPostProcess Library/Bee/artifacts/2400b0aE.dag/post-processed/Assembly-CSharp-Editor.dll (+pdb)
Processing assembly Library/Bee/artifacts/2400b0aE.dag/Assembly-CSharp-Editor.dll, with 115 defines and 277 references
processors: zzzUnity.Burst.CodeGen.BurstILPostProcessor
running zzzUnity.Burst.CodeGen.BurstILPostProcessor
[699/704    0s] ILPostProcess Library/Bee/artifacts/2400b0aE.dag/post-processed/Assembly-CSharp.dll (+pdb)
Processing assembly Library/Bee/artifacts/2400b0aE.dag/Assembly-CSharp.dll, with 117 defines and 259 references
processors: zzzUnity.Burst.CodeGen.BurstILPostProcessor
running zzzUnity.Burst.CodeGen.BurstILPostProcessor
[702/704    0s] CopyFiles Library/ScriptAssemblies/Assembly-CSharp.pdb
[703/704    0s] CopyFiles Library/ScriptAssemblies/Assembly-CSharp.dll
*** Tundra build success (1.28 seconds), 6 items updated, 704 evaluated
Total cache size 40504648
Total cache size after purge 40504648
AssetDatabase: script compilation time: 1.856326s
Begin MonoManager ReloadAssembly
- Loaded All Assemblies, in  0.613 seconds
Refreshing native plugins compatible for Editor in 1.68 ms, found 3 plugins.
Preloading 0 native plugins for Editor in 0.00 ms.
Start importing Assets/DemoRender/DemoDirector.cs using Guid(89f2c3a6fe8fb4fa58715f2839d48ae9) Importer(-1,00000000000000000000000000000000) [PhysX] Initialized MultithreadedTaskDispatcher with 113 workers.
 -> (artifact id: '79033fe7f3f710ffd6b023bded36bed5') in 0.009497 seconds
Refreshing native plugins compatible for Editor in 1.68 ms, found 3 plugins.
Native extension for LinuxStandalone target not found
Mono: successfully reloaded assembly
- Finished resetting the current domain, in  2.463 seconds
Domain Reload Profiling: 3075ms
	BeginReloadAssembly (122ms)
		ExecutionOrderSort (0ms)
		DisableScriptedObjects (5ms)
		BackupInstance (0ms)
		ReleaseScriptingObjects (0ms)
		CreateAndSetChildDomain (29ms)
	RebuildCommonClasses (35ms)
	RebuildNativeTypeToScriptingClass (7ms)
	initialDomainReloadingComplete (28ms)
	LoadAllAssembliesAndSetupDomain (420ms)
		LoadAssemblies (267ms)
		RebuildTransferFunctionScriptingTraits (0ms)
		AnalyzeDomain (205ms)
			TypeCache.Refresh (164ms)
				TypeCache.ScanAssembly (150ms)
			ScanForSourceGeneratedMonoScriptInfo (27ms)
			ResolveRequiredComponents (13ms)
	FinalizeReload (2463ms)
		ReleaseScriptCaches (0ms)
		RebuildScriptCaches (0ms)
		SetupLoadedEditorAssemblies (1985ms)
			LogAssemblyErrors (0ms)
			InitializePlatformSupportModulesInManaged (7ms)
			SetLoadedEditorAssemblies (7ms)
			RefreshPlugins (0ms)
			BeforeProcessingInitializeOnLoad (80ms)
			ProcessInitializeOnLoadAttributes (1803ms)
			ProcessInitializeOnLoadMethodAttributes (85ms)
			AfterProcessingInitializeOnLoad (3ms)
			EditorAssembliesLoaded (0ms)
		ExecutionOrderSort2 (0ms)
		AwakeInstancesAfterBackupRestoration (15ms)
Start importing Assets/DemoRender/render_shots.sh using Guid(463ea5088925c1bd98eb2329fa3dec03) Importer(-1,00000000000000000000000000000000) [PhysX] Initialized MultithreadedTaskDispatcher with 113 workers.
 -> (artifact id: 'e91f451f16fc42b831c41e27d071d534') in 0.001642 seconds
Start importing Assets/DemoRender/logs/build.log using Guid(ae35e10453491ac8ab8196bb8b9b338e) Importer(-1,00000000000000000000000000000000) [PhysX] Initialized MultithreadedTaskDispatcher with 113 workers.
 -> (artifact id: '00000000000000000000000000000000') in 0.000947 seconds
Import Error Code:(4)
Message: Build asset version error: 
Start importing Assets/DemoRender/logs/build.log using Guid(ae35e10453491ac8ab8196bb8b9b338e) Importer(-1,00000000000000000000000000000000) [PhysX] Initialized MultithreadedTaskDispatcher with 113 workers.
 -> (artifact id: '00000000000000000000000000000000') in 0.001259 seconds
Import Error Code:(4)
Message: Build asset version error: 
Start importing Assets/DemoRender/logs/build.log using Guid(ae35e10453491ac8ab8196bb8b9b338e) Importer(-1,00000000000000000000000000000000) [PhysX] Initialized MultithreadedTaskDispatcher with 113 workers.
 -> (artifact id: '00000000000000000000000000000000') in 0.000716 seconds
Import Error Code:(4)
Message: Build asset version error: assets/demorender/logs/build.log in SourceAssetDB has modification time of '2026-09-18T10:00:24Z' while content on disk has modification time of '2026-09-18T10:00:25Z'
Start importing Assets/DemoRender/logs/build.log using Guid(ae35e10453491ac8ab8196bb8b9b338e) Importer(-1,00000000000000000000000000000000) [PhysX] Initialized MultithreadedTaskDispatcher with 113 workers.
 -> (artifact id: '00000000000000000000000000000000') in 0.000799 seconds
Import Error Code:(4)
Message: Build asset version error: 
Start importing Assets/DemoRender/logs/build.log using Guid(ae35e10453491ac8ab8196bb8b9b338e) Importer(-1,00000000000000000000000000000000) [PhysX] Initialized MultithreadedTaskDispatcher with 113 workers.
 -> (artifact id: '00000000000000000000000000000000') in 0.072704 seconds
Import Error Code:(4)
Message: Build asset version error: 
Start importing Assets/DemoRender/logs/build.log using Guid(ae35e10453491ac8ab8196bb8b9b338e) Importer(-1,00000000000000000000000000000000) [PhysX] Initialized MultithreadedTaskDispatcher with 113 workers.
 -> (artifact id: '00000000000000000000000000000000') in 0.000777 seconds
Import Error Code:(4)
Message: Build asset version error: 
Start importing Assets/DemoRender/logs/build.log using Guid(ae35e10453491ac8ab8196bb8b9b338e) Importer(-1,00000000000000000000000000000000) [PhysX] Initialized MultithreadedTaskDispatcher with 113 workers.
 -> (artifact id: '00000000000000000000000000000000') in 0.000793 seconds
Import Error Code:(4)
Message: Build asset version error: 
An infinite import loop has been detected. The following Assets were imported multiple times, but no changes to them have been detected. Please check if any custom code is trying to import them:
Assets/DemoRender/README.md(modified date 2026-09-18T09:40:32Z)
Assets/DemoRender/logs/build.log(modified date 2026-09-18T10:00:25Z)
Refreshing native plugins compatible for Editor in 1.76 ms, found 3 plugins.
Preloading 0 native plugins for Editor in 0.00 ms.
Asset Pipeline Refresh (id=b6bc6b09c4f4dd01ebfa298d65b32ba9): Total: 8.528 seconds - Initiated by InitialRefreshV2(ForceSynchronousImport)
	Summary:
		Imports: total=3 (actual=8, local cache=18446744073709551611, cache server=0)
		Asset DB Process Time: managed=75 ms, native=3240 ms
		Asset DB Callback time: managed=155 ms, native=7 ms
		Scripting: domain reloads=1, domain reload time=3142 ms, compile time=1858 ms, other=47 ms
		Project Asset Count: scripts=6889, non-scripts=1830
		Asset File Changes: new=0, changed=12, moved=0, deleted=0
		Scan Filter Count: 1
	InvokeBeforeRefreshCallbacks: 0.126ms
	ApplyChangesToAssetFolders: 0.065ms
	Scan: 2044.595ms
	OnSourceAssetsModified: 3.415ms
	GetAllGuidsForCategorization: 3.256ms
	CategorizeAssets: 306.796ms
	ImportOutOfDateAssets: 2637.788ms (626.536ms without children)
		ImportManagerImport: 102.323ms (11.432ms without children)
			ImportInProcess: 90.832ms
			UpdateCategorizedAssets: 0.059ms
		CompileScripts: 1858.465ms
		ReloadNativeAssets: 0.252ms
		UnloadImportedAssets: 36.983ms
		ReloadImportedAssets: 0.213ms
		EnsureUptoDateAssetsAreRegisteredWithGuidPM: 11.131ms
		InitializingProgressBar: 0.067ms
		PostProcessAllAssetNotificationsAddChangedAssets: 0.001ms
		OnDemandSchedulerStart: 1.816ms
	PostProcessAllAssets: 156.493ms
	Hotreload: 3.398ms
	GatherAllCurrentPrimaryArtifactRevisions: 0.001ms
	UnloadStreamsBegin: 0.197ms
	UnloadStreamsEnd: 0.035ms
	GenerateScriptTypeHashes: 15.009ms
	Untracked: 3371.600ms
Application.AssetDatabase Initial Refresh End
Launched and connected shader compiler UnityShaderCompiler after 0.04 seconds
Scanning for USB devices : 1.169ms
Initializing Unity extensions:
[Licensing::Client] Successfully resolved entitlement details
UpdateMenuTitleForLanguage: 10
[MODES] ModeService[none].Initialize
[MODES] ModeService[none].LoadModes
[MODES] Loading mode Default (0) for mode-current-id-RubbleSim
[PhysX] Initialized MultithreadedTaskDispatcher with 113 workers.
ProgressiveSceneManager::Cancel()
Unloading 48 Unused Serialized files (Serialized files now loaded: 0)
Unloading 143 unused Assets / (2.8 MB). Loaded Objects now: 6305.
Memory consumption went from 177.9 MB to 175.1 MB.
Total: 12.429889 ms (FindLiveObjects: 0.396304 ms CreateObjectMapping: 0.294080 ms MarkObjects: 8.602421 ms  DeleteObjects: 3.135958 ms)

[DemoBuild] building scenes: Assets/MITLL/Scenes/MainScene_OS.unity
UnityEngine.StackTraceUtility:ExtractStackTrace () (at /home/bokken/build/output/unity/unity/Runtime/Export/Scripting/StackTrace.cs:37)
UnityEngine.DebugLogHandler:LogFormat (UnityEngine.LogType,UnityEngine.Object,string,object[])
UnityEngine.Logger:Log (UnityEngine.LogType,object)
UnityEngine.Debug:Log (object)
DemoBuild:PerformBuild () (at Assets/DemoRender/Editor/DemoBuild.cs:42)

(Filename: Assets/DemoRender/Editor/DemoBuild.cs Line: 42)

[DemoBuild] output: /data1/chh/project/robosupport/software/sim/Rubble_Pile_Simulator/Builds/Linux/RubbleSim.x86_64
UnityEngine.StackTraceUtility:ExtractStackTrace () (at /home/bokken/build/output/unity/unity/Runtime/Export/Scripting/StackTrace.cs:37)
UnityEngine.DebugLogHandler:LogFormat (UnityEngine.LogType,UnityEngine.Object,string,object[])
UnityEngine.Logger:Log (UnityEngine.LogType,object)
UnityEngine.Debug:Log (object)
DemoBuild:PerformBuild () (at Assets/DemoRender/Editor/DemoBuild.cs:43)

(Filename: Assets/DemoRender/Editor/DemoBuild.cs Line: 43)

Start importing Assets/DemoRender/logs/build.log using Guid(ae35e10453491ac8ab8196bb8b9b338e) Importer(-1,00000000000000000000000000000000) [PhysX] Initialized MultithreadedTaskDispatcher with 113 workers.
 -> (artifact id: '00000000000000000000000000000000') in 0.007695 seconds
Import Error Code:(4)
Message: Build asset version error: assets/demorender/logs/build.log in SourceAssetDB has modification time of '2026-09-18T10:00:25Z' while content on disk has modification time of '2026-09-18T10:00:26Z'
UnityEngine.StackTraceUtility:ExtractStackTrace () (at /home/bokken/build/output/unity/unity/Runtime/Export/Scripting/StackTrace.cs:37)
UnityEditor.BuildPipeline:BuildPlayerInternal (string[],string,string,UnityEditor.BuildTargetGroup,UnityEditor.BuildTarget,int,UnityEditor.BuildOptions,string[]) (at /home/bokken/build/output/unity/unity/Editor/Mono/BuildPipeline.bindings.cs:531)
UnityEditor.BuildPipeline:BuildPlayer (string[],string,string,UnityEditor.BuildTargetGroup,UnityEditor.BuildTarget,int,UnityEditor.BuildOptions,string[]) (at /home/bokken/build/output/unity/unity/Editor/Mono/BuildPipeline.bindings.cs:396)
UnityEditor.BuildPipeline:BuildPlayer (UnityEditor.BuildPlayerOptions) (at /home/bokken/build/output/unity/unity/Editor/Mono/BuildPipeline.bindings.cs:342)
DemoBuild:PerformBuild () (at Assets/DemoRender/Editor/DemoBuild.cs:45)

[/home/bokken/build/output/unity/unity/Editor/Mono/BuildPipeline.bindings.cs line 531]

Start importing Assets/DemoRender/logs/build.log using Guid(ae35e10453491ac8ab8196bb8b9b338e) Importer(-1,00000000000000000000000000000000) [PhysX] Initialized MultithreadedTaskDispatcher with 113 workers.
 -> (artifact id: '00000000000000000000000000000000') in 0.000794 seconds
Import Error Code:(4)
Message: Build asset version error: 
UnityEngine.StackTraceUtility:ExtractStackTrace () (at /home/bokken/build/output/unity/unity/Runtime/Export/Scripting/StackTrace.cs:37)
UnityEditor.BuildPipeline:BuildPlayerInternal (string[],string,string,UnityEditor.BuildTargetGroup,UnityEditor.BuildTarget,int,UnityEditor.BuildOptions,string[]) (at /home/bokken/build/output/unity/unity/Editor/Mono/BuildPipeline.bindings.cs:531)
UnityEditor.BuildPipeline:BuildPlayer (string[],string,string,UnityEditor.BuildTargetGroup,UnityEditor.BuildTarget,int,UnityEditor.BuildOptions,string[]) (at /home/bokken/build/output/unity/unity/Editor/Mono/BuildPipeline.bindings.cs:396)
UnityEditor.BuildPipeline:BuildPlayer (UnityEditor.BuildPlayerOptions) (at /home/bokken/build/output/unity/unity/Editor/Mono/BuildPipeline.bindings.cs:342)
DemoBuild:PerformBuild () (at Assets/DemoRender/Editor/DemoBuild.cs:45)

[/home/bokken/build/output/unity/unity/Editor/Mono/BuildPipeline.bindings.cs line 531]

Start importing Assets/DemoRender/logs/build.log using Guid(ae35e10453491ac8ab8196bb8b9b338e) Importer(-1,00000000000000000000000000000000) [PhysX] Initialized MultithreadedTaskDispatcher with 113 workers.
 -> (artifact id: '00000000000000000000000000000000') in 0.000832 seconds
Import Error Code:(4)
Message: Build asset version error: 
UnityEngine.StackTraceUtility:ExtractStackTrace () (at /home/bokken/build/output/unity/unity/Runtime/Export/Scripting/StackTrace.cs:37)
UnityEditor.BuildPipeline:BuildPlayerInternal (string[],string,string,UnityEditor.BuildTargetGroup,UnityEditor.BuildTarget,int,UnityEditor.BuildOptions,string[]) (at /home/bokken/build/output/unity/unity/Editor/Mono/BuildPipeline.bindings.cs:531)
UnityEditor.BuildPipeline:BuildPlayer (string[],string,string,UnityEditor.BuildTargetGroup,UnityEditor.BuildTarget,int,UnityEditor.BuildOptions,string[]) (at /home/bokken/build/output/unity/unity/Editor/Mono/BuildPipeline.bindings.cs:396)
UnityEditor.BuildPipeline:BuildPlayer (UnityEditor.BuildPlayerOptions) (at /home/bokken/build/output/unity/unity/Editor/Mono/BuildPipeline.bindings.cs:342)
DemoBuild:PerformBuild () (at Assets/DemoRender/Editor/DemoBuild.cs:45)

[/home/bokken/build/output/unity/unity/Editor/Mono/BuildPipeline.bindings.cs line 531]

Start importing Assets/DemoRender/logs/build.log using Guid(ae35e10453491ac8ab8196bb8b9b338e) Importer(-1,00000000000000000000000000000000) [PhysX] Initialized MultithreadedTaskDispatcher with 113 workers.
 -> (artifact id: '00000000000000000000000000000000') in 0.000768 seconds
Import Error Code:(4)
Message: Build asset version error: 
UnityEngine.StackTraceUtility:ExtractStackTrace () (at /home/bokken/build/output/unity/unity/Runtime/Export/Scripting/StackTrace.cs:37)
UnityEditor.BuildPipeline:BuildPlayerInternal (string[],string,string,UnityEditor.BuildTargetGroup,UnityEditor.BuildTarget,int,UnityEditor.BuildOptions,string[]) (at /home/bokken/build/output/unity/unity/Editor/Mono/BuildPipeline.bindings.cs:531)
UnityEditor.BuildPipeline:BuildPlayer (string[],string,string,UnityEditor.BuildTargetGroup,UnityEditor.BuildTarget,int,UnityEditor.BuildOptions,string[]) (at /home/bokken/build/output/unity/unity/Editor/Mono/BuildPipeline.bindings.cs:396)
UnityEditor.BuildPipeline:BuildPlayer (UnityEditor.BuildPlayerOptions) (at /home/bokken/build/output/unity/unity/Editor/Mono/BuildPipeline.bindings.cs:342)
DemoBuild:PerformBuild () (at Assets/DemoRender/Editor/DemoBuild.cs:45)

[/home/bokken/build/output/unity/unity/Editor/Mono/BuildPipeline.bindings.cs line 531]

Start importing Assets/DemoRender/logs/build.log using Guid(ae35e10453491ac8ab8196bb8b9b338e) Importer(-1,00000000000000000000000000000000) [PhysX] Initialized MultithreadedTaskDispatcher with 113 workers.
 -> (artifact id: '00000000000000000000000000000000') in 0.000778 seconds
Import Error Code:(4)
Message: Build asset version error: 
UnityEngine.StackTraceUtility:ExtractStackTrace () (at /home/bokken/build/output/unity/unity/Runtime/Export/Scripting/StackTrace.cs:37)
UnityEditor.BuildPipeline:BuildPlayerInternal (string[],string,string,UnityEditor.BuildTargetGroup,UnityEditor.BuildTarget,int,UnityEditor.BuildOptions,string[]) (at /home/bokken/build/output/unity/unity/Editor/Mono/BuildPipeline.bindings.cs:531)
UnityEditor.BuildPipeline:BuildPlayer (string[],string,string,UnityEditor.BuildTargetGroup,UnityEditor.BuildTarget,int,UnityEditor.BuildOptions,string[]) (at /home/bokken/build/output/unity/unity/Editor/Mono/BuildPipeline.bindings.cs:396)
UnityEditor.BuildPipeline:BuildPlayer (UnityEditor.BuildPlayerOptions) (at /home/bokken/build/output/unity/unity/Editor/Mono/BuildPipeline.bindings.cs:342)
DemoBuild:PerformBuild () (at Assets/DemoRender/Editor/DemoBuild.cs:45)

[/home/bokken/build/output/unity/unity/Editor/Mono/BuildPipeline.bindings.cs line 531]

Start importing Assets/DemoRender/logs/build.log using Guid(ae35e10453491ac8ab8196bb8b9b338e) Importer(-1,00000000000000000000000000000000) [PhysX] Initialized MultithreadedTaskDispatcher with 113 workers.
 -> (artifact id: '00000000000000000000000000000000') in 0.000663 seconds
Import Error Code:(4)
Message: Build asset version error: assets/demorender/logs/build.log in SourceAssetDB has modification time of '2026-09-18T10:00:26Z' while content on disk has modification time of '2026-09-18T10:00:27Z'
UnityEngine.StackTraceUtility:ExtractStackTrace () (at /home/bokken/build/output/unity/unity/Runtime/Export/Scripting/StackTrace.cs:37)
UnityEditor.BuildPipeline:BuildPlayerInternal (string[],string,string,UnityEditor.BuildTargetGroup,UnityEditor.BuildTarget,int,UnityEditor.BuildOptions,string[]) (at /home/bokken/build/output/unity/unity/Editor/Mono/BuildPipeline.bindings.cs:531)
UnityEditor.BuildPipeline:BuildPlayer (string[],string,string,UnityEditor.BuildTargetGroup,UnityEditor.BuildTarget,int,UnityEditor.BuildOptions,string[]) (at /home/bokken/build/output/unity/unity/Editor/Mono/BuildPipeline.bindings.cs:396)
UnityEditor.BuildPipeline:BuildPlayer (UnityEditor.BuildPlayerOptions) (at /home/bokken/build/output/unity/unity/Editor/Mono/BuildPipeline.bindings.cs:342)
DemoBuild:PerformBuild () (at Assets/DemoRender/Editor/DemoBuild.cs:45)

[/home/bokken/build/output/unity/unity/Editor/Mono/BuildPipeline.bindings.cs line 531]

Start importing Assets/DemoRender/logs/build.log using Guid(ae35e10453491ac8ab8196bb8b9b338e) Importer(-1,00000000000000000000000000000000) [PhysX] Initialized MultithreadedTaskDispatcher with 113 workers.
 -> (artifact id: '00000000000000000000000000000000') in 0.000774 seconds
Import Error Code:(4)
Message: Build asset version error: 
UnityEngine.StackTraceUtility:ExtractStackTrace () (at /home/bokken/build/output/unity/unity/Runtime/Export/Scripting/StackTrace.cs:37)
UnityEditor.BuildPipeline:BuildPlayerInternal (string[],string,string,UnityEditor.BuildTargetGroup,UnityEditor.BuildTarget,int,UnityEditor.BuildOptions,string[]) (at /home/bokken/build/output/unity/unity/Editor/Mono/BuildPipeline.bindings.cs:531)
UnityEditor.BuildPipeline:BuildPlayer (string[],string,string,UnityEditor.BuildTargetGroup,UnityEditor.BuildTarget,int,UnityEditor.BuildOptions,string[]) (at /home/bokken/build/output/unity/unity/Editor/Mono/BuildPipeline.bindings.cs:396)
UnityEditor.BuildPipeline:BuildPlayer (UnityEditor.BuildPlayerOptions) (at /home/bokken/build/output/unity/unity/Editor/Mono/BuildPipeline.bindings.cs:342)
DemoBuild:PerformBuild () (at Assets/DemoRender/Editor/DemoBuild.cs:45)

[/home/bokken/build/output/unity/unity/Editor/Mono/BuildPipeline.bindings.cs line 531]

An infinite import loop has been detected. The following Assets were imported multiple times, but no changes to them have been detected. Please check if any custom code is trying to import them:
Assets/Settings/URP-Balanced.asset - (Force Reimport)(modified date 2026-09-18T10:00:26Z)
Assets/Settings/URP-HighFidelity.asset - (Force Reimport)(modified date 2026-09-18T10:00:26Z)
Assets/DemoRender/README.md(modified date 2026-09-18T09:40:32Z)
Assets/DemoRender/logs/build.log(modified date 2026-09-18T10:00:27Z)
Assets/Settings/URP-Performant.asset - (Force Reimport)(modified date 2026-09-18T10:00:26Z)
UnityEngine.StackTraceUtility:ExtractStackTrace () (at /home/bokken/build/output/unity/unity/Runtime/Export/Scripting/StackTrace.cs:37)
UnityEditor.BuildPipeline:BuildPlayerInternal (string[],string,string,UnityEditor.BuildTargetGroup,UnityEditor.BuildTarget,int,UnityEditor.BuildOptions,string[]) (at /home/bokken/build/output/unity/unity/Editor/Mono/BuildPipeline.bindings.cs:531)
UnityEditor.BuildPipeline:BuildPlayer (string[],string,string,UnityEditor.BuildTargetGroup,UnityEditor.BuildTarget,int,UnityEditor.BuildOptions,string[]) (at /home/bokken/build/output/unity/unity/Editor/Mono/BuildPipeline.bindings.cs:396)
UnityEditor.BuildPipeline:BuildPlayer (UnityEditor.BuildPlayerOptions) (at /home/bokken/build/output/unity/unity/Editor/Mono/BuildPipeline.bindings.cs:342)
DemoBuild:PerformBuild () (at Assets/DemoRender/Editor/DemoBuild.cs:45)

[/home/bokken/build/output/unity/unity/Editor/Mono/BuildPipeline.bindings.cs line 531]

Refreshing native plugins compatible for Editor in 1.63 ms, found 3 plugins.
Preloading 0 native plugins for Editor in 0.00 ms.
Asset Pipeline Refresh (id=e7881dbd050cf76c2bea44152df8cb64): Total: 0.165 seconds - Initiated by StopAssetImportingV2(NoUpdateAssetOptions)
[40m[32minfo[39m[22m[49m: Microsoft.AspNetCore.Hosting.Diagnostics[1]
      Request starting HTTP/2 POST http://ilpp/UnityILPP.PostProcessing/Ping application/grpc -
[40m[32minfo[39m[22m[49m: Microsoft.AspNetCore.Routing.EndpointMiddleware[0]
      Executing endpoint 'gRPC - /UnityILPP.PostProcessing/Ping'
[40m[32minfo[39m[22m[49m: Microsoft.AspNetCore.Routing.EndpointMiddleware[1]
      Executed endpoint 'gRPC - /UnityILPP.PostProcessing/Ping'
[40m[32minfo[39m[22m[49m: Microsoft.AspNetCore.Hosting.Diagnostics[2]
      Request finished HTTP/2 POST http://ilpp/UnityILPP.PostProcessing/Ping application/grpc - - 200 - application/grpc 0.2576ms
Starting: /data1/chh/dependency/unity/2022.3.62f2/Editor/Data/bee_backend --ipc --defer-dag-verification --dagfile="Library/Bee/2400b0aESkipCompile.dag" --continue-on-failure --profile="Library/Bee/backend1.traceevents" ScriptAssembliesAndTypeDB
WorkingDir: /data1/chh/project/robosupport/software/sim/Rubble_Pile_Simulator
ExitCode: 0 Duration: 0s870ms
[2/3        0s] BuildPlayerDataGenerator Library/BuildPlayerData/Editor/TypeDb-All.json
*** Tundra build success (0.80 seconds), 1 items updated, 3 evaluated
Total cache size 40504648
Total cache size after purge 40504648
Start importing Assets/DemoRender/logs/build.log using Guid(ae35e10453491ac8ab8196bb8b9b338e) Importer(-1,00000000000000000000000000000000) [PhysX] Initialized MultithreadedTaskDispatcher with 113 workers.
 -> (artifact id: '00000000000000000000000000000000') in 0.001015 seconds
Import Error Code:(4)
Message: Build asset version error: 
UnityEngine.StackTraceUtility:ExtractStackTrace () (at /home/bokken/build/output/unity/unity/Runtime/Export/Scripting/StackTrace.cs:37)
UnityEditor.BuildPipeline:BuildPlayerInternal (string[],string,string,UnityEditor.BuildTargetGroup,UnityEditor.BuildTarget,int,UnityEditor.BuildOptions,string[]) (at /home/bokken/build/output/unity/unity/Editor/Mono/BuildPipeline.bindings.cs:531)
UnityEditor.BuildPipeline:BuildPlayer (string[],string,string,UnityEditor.BuildTargetGroup,UnityEditor.BuildTarget,int,UnityEditor.BuildOptions,string[]) (at /home/bokken/build/output/unity/unity/Editor/Mono/BuildPipeline.bindings.cs:396)
UnityEditor.BuildPipeline:BuildPlayer (UnityEditor.BuildPlayerOptions) (at /home/bokken/build/output/unity/unity/Editor/Mono/BuildPipeline.bindings.cs:342)
DemoBuild:PerformBuild () (at Assets/DemoRender/Editor/DemoBuild.cs:45)

[/home/bokken/build/output/unity/unity/Editor/Mono/BuildPipeline.bindings.cs line 531]

Start importing Assets/DemoRender/logs/build.log using Guid(ae35e10453491ac8ab8196bb8b9b338e) Importer(-1,00000000000000000000000000000000) [PhysX] Initialized MultithreadedTaskDispatcher with 113 workers.
 -> (artifact id: '00000000000000000000000000000000') in 0.000845 seconds
Import Error Code:(4)
Message: Build asset version error: 
UnityEngine.StackTraceUtility:ExtractStackTrace () (at /home/bokken/build/output/unity/unity/Runtime/Export/Scripting/StackTrace.cs:37)
UnityEditor.BuildPipeline:BuildPlayerInternal (string[],string,string,UnityEditor.BuildTargetGroup,UnityEditor.BuildTarget,int,UnityEditor.BuildOptions,string[]) (at /home/bokken/build/output/unity/unity/Editor/Mono/BuildPipeline.bindings.cs:531)
UnityEditor.BuildPipeline:BuildPlayer (string[],string,string,UnityEditor.BuildTargetGroup,UnityEditor.BuildTarget,int,UnityEditor.BuildOptions,string[]) (at /home/bokken/build/output/unity/unity/Editor/Mono/BuildPipeline.bindings.cs:396)
UnityEditor.BuildPipeline:BuildPlayer (UnityEditor.BuildPlayerOptions) (at /home/bokken/build/output/unity/unity/Editor/Mono/BuildPipeline.bindings.cs:342)
DemoBuild:PerformBuild () (at Assets/DemoRender/Editor/DemoBuild.cs:45)

[/home/bokken/build/output/unity/unity/Editor/Mono/BuildPipeline.bindings.cs line 531]

Start importing Assets/DemoRender/logs/build.log using Guid(ae35e10453491ac8ab8196bb8b9b338e) Importer(-1,00000000000000000000000000000000) [PhysX] Initialized MultithreadedTaskDispatcher with 113 workers.
 -> (artifact id: '00000000000000000000000000000000') in 0.000805 seconds
Import Error Code:(4)
Message: Build asset version error: 
UnityEngine.StackTraceUtility:ExtractStackTrace () (at /home/bokken/build/output/unity/unity/Runtime/Export/Scripting/StackTrace.cs:37)
UnityEditor.BuildPipeline:BuildPlayerInternal (string[],string,string,UnityEditor.BuildTargetGroup,UnityEditor.BuildTarget,int,UnityEditor.BuildOptions,string[]) (at /home/bokken/build/output/unity/unity/Editor/Mono/BuildPipeline.bindings.cs:531)
UnityEditor.BuildPipeline:BuildPlayer (string[],string,string,UnityEditor.BuildTargetGroup,UnityEditor.BuildTarget,int,UnityEditor.BuildOptions,string[]) (at /home/bokken/build/output/unity/unity/Editor/Mono/BuildPipeline.bindings.cs:396)
UnityEditor.BuildPipeline:BuildPlayer (UnityEditor.BuildPlayerOptions) (at /home/bokken/build/output/unity/unity/Editor/Mono/BuildPipeline.bindings.cs:342)
DemoBuild:PerformBuild () (at Assets/DemoRender/Editor/DemoBuild.cs:45)

[/home/bokken/build/output/unity/unity/Editor/Mono/BuildPipeline.bindings.cs line 531]

Start importing Assets/DemoRender/logs/build.log using Guid(ae35e10453491ac8ab8196bb8b9b338e) Importer(-1,00000000000000000000000000000000) [PhysX] Initialized MultithreadedTaskDispatcher with 113 workers.
 -> (artifact id: '00000000000000000000000000000000') in 0.000817 seconds
Import Error Code:(4)
Message: Build asset version error: 
UnityEngine.StackTraceUtility:ExtractStackTrace () (at /home/bokken/build/output/unity/unity/Runtime/Export/Scripting/StackTrace.cs:37)
UnityEditor.BuildPipeline:BuildPlayerInternal (string[],string,string,UnityEditor.BuildTargetGroup,UnityEditor.BuildTarget,int,UnityEditor.BuildOptions,string[]) (at /home/bokken/build/output/unity/unity/Editor/Mono/BuildPipeline.bindings.cs:531)
UnityEditor.BuildPipeline:BuildPlayer (string[],string,string,UnityEditor.BuildTargetGroup,UnityEditor.BuildTarget,int,UnityEditor.BuildOptions,string[]) (at /home/bokken/build/output/unity/unity/Editor/Mono/BuildPipeline.bindings.cs:396)
UnityEditor.BuildPipeline:BuildPlayer (UnityEditor.BuildPlayerOptions) (at /home/bokken/build/output/unity/unity/Editor/Mono/BuildPipeline.bindings.cs:342)
DemoBuild:PerformBuild () (at Assets/DemoRender/Editor/DemoBuild.cs:45)

[/home/bokken/build/output/unity/unity/Editor/Mono/BuildPipeline.bindings.cs line 531]

Start importing Assets/DemoRender/logs/build.log using Guid(ae35e10453491ac8ab8196bb8b9b338e) Importer(-1,00000000000000000000000000000000) [PhysX] Initialized MultithreadedTaskDispatcher with 113 workers.
 -> (artifact id: '00000000000000000000000000000000') in 0.000815 seconds
Import Error Code:(4)
Message: Build asset version error: 
UnityEngine.StackTraceUtility:ExtractStackTrace () (at /home/bokken/build/output/unity/unity/Runtime/Export/Scripting/StackTrace.cs:37)
UnityEditor.BuildPipeline:BuildPlayerInternal (string[],string,string,UnityEditor.BuildTargetGroup,UnityEditor.BuildTarget,int,UnityEditor.BuildOptions,string[]) (at /home/bokken/build/output/unity/unity/Editor/Mono/BuildPipeline.bindings.cs:531)
UnityEditor.BuildPipeline:BuildPlayer (string[],string,string,UnityEditor.BuildTargetGroup,UnityEditor.BuildTarget,int,UnityEditor.BuildOptions,string[]) (at /home/bokken/build/output/unity/unity/Editor/Mono/BuildPipeline.bindings.cs:396)
UnityEditor.BuildPipeline:BuildPlayer (UnityEditor.BuildPlayerOptions) (at /home/bokken/build/output/unity/unity/Editor/Mono/BuildPipeline.bindings.cs:342)
DemoBuild:PerformBuild () (at Assets/DemoRender/Editor/DemoBuild.cs:45)

[/home/bokken/build/output/unity/unity/Editor/Mono/BuildPipeline.bindings.cs line 531]

Start importing Assets/DemoRender/logs/build.log using Guid(ae35e10453491ac8ab8196bb8b9b338e) Importer(-1,00000000000000000000000000000000) [PhysX] Initialized MultithreadedTaskDispatcher with 113 workers.
 -> (artifact id: '00000000000000000000000000000000') in 0.000927 seconds
Import Error Code:(4)
Message: Build asset version error: assets/demorender/logs/build.log in SourceAssetDB has modification time of '2026-09-18T10:00:28Z' while content on disk has modification time of '2026-09-18T10:00:29Z'
UnityEngine.StackTraceUtility:ExtractStackTrace () (at /home/bokken/build/output/unity/unity/Runtime/Export/Scripting/StackTrace.cs:37)
UnityEditor.BuildPipeline:BuildPlayerInternal (string[],string,string,UnityEditor.BuildTargetGroup,UnityEditor.BuildTarget,int,UnityEditor.BuildOptions,string[]) (at /home/bokken/build/output/unity/unity/Editor/Mono/BuildPipeline.bindings.cs:531)
UnityEditor.BuildPipeline:BuildPlayer (string[],string,string,UnityEditor.BuildTargetGroup,UnityEditor.BuildTarget,int,UnityEditor.BuildOptions,string[]) (at /home/bokken/build/output/unity/unity/Editor/Mono/BuildPipeline.bindings.cs:396)
UnityEditor.BuildPipeline:BuildPlayer (UnityEditor.BuildPlayerOptions) (at /home/bokken/build/output/unity/unity/Editor/Mono/BuildPipeline.bindings.cs:342)
DemoBuild:PerformBuild () (at Assets/DemoRender/Editor/DemoBuild.cs:45)

[/home/bokken/build/output/unity/unity/Editor/Mono/BuildPipeline.bindings.cs line 531]

Start importing Assets/DemoRender/logs/build.log using Guid(ae35e10453491ac8ab8196bb8b9b338e) Importer(-1,00000000000000000000000000000000) [PhysX] Initialized MultithreadedTaskDispatcher with 113 workers.
 -> (artifact id: '00000000000000000000000000000000') in 0.000797 seconds
Import Error Code:(4)
Message: Build asset version error: 
UnityEngine.StackTraceUtility:ExtractStackTrace () (at /home/bokken/build/output/unity/unity/Runtime/Export/Scripting/StackTrace.cs:37)
UnityEditor.BuildPipeline:BuildPlayerInternal (string[],string,string,UnityEditor.BuildTargetGroup,UnityEditor.BuildTarget,int,UnityEditor.BuildOptions,string[]) (at /home/bokken/build/output/unity/unity/Editor/Mono/BuildPipeline.bindings.cs:531)
UnityEditor.BuildPipeline:BuildPlayer (string[],string,string,UnityEditor.BuildTargetGroup,UnityEditor.BuildTarget,int,UnityEditor.BuildOptions,string[]) (at /home/bokken/build/output/unity/unity/Editor/Mono/BuildPipeline.bindings.cs:396)
UnityEditor.BuildPipeline:BuildPlayer (UnityEditor.BuildPlayerOptions) (at /home/bokken/build/output/unity/unity/Editor/Mono/BuildPipeline.bindings.cs:342)
DemoBuild:PerformBuild () (at Assets/DemoRender/Editor/DemoBuild.cs:45)

[/home/bokken/build/output/unity/unity/Editor/Mono/BuildPipeline.bindings.cs line 531]

An infinite import loop has been detected. The following Assets were imported multiple times, but no changes to them have been detected. Please check if any custom code is trying to import them:
Assets/DemoRender/README.md(modified date 2026-09-18T09:40:32Z)
Assets/DemoRender/logs/build.log(modified date 2026-09-18T10:00:29Z)
UnityEngine.StackTraceUtility:ExtractStackTrace () (at /home/bokken/build/output/unity/unity/Runtime/Export/Scripting/StackTrace.cs:37)
UnityEditor.BuildPipeline:BuildPlayerInternal (string[],string,string,UnityEditor.BuildTargetGroup,UnityEditor.BuildTarget,int,UnityEditor.BuildOptions,string[]) (at /home/bokken/build/output/unity/unity/Editor/Mono/BuildPipeline.bindings.cs:531)
UnityEditor.BuildPipeline:BuildPlayer (string[],string,string,UnityEditor.BuildTargetGroup,UnityEditor.BuildTarget,int,UnityEditor.BuildOptions,string[]) (at /home/bokken/build/output/unity/unity/Editor/Mono/BuildPipeline.bindings.cs:396)
UnityEditor.BuildPipeline:BuildPlayer (UnityEditor.BuildPlayerOptions) (at /home/bokken/build/output/unity/unity/Editor/Mono/BuildPipeline.bindings.cs:342)
DemoBuild:PerformBuild () (at Assets/DemoRender/Editor/DemoBuild.cs:45)

[/home/bokken/build/output/unity/unity/Editor/Mono/BuildPipeline.bindings.cs line 531]

Refreshing native plugins compatible for Editor in 1.64 ms, found 3 plugins.
Preloading 0 native plugins for Editor in 0.00 ms.
Asset Pipeline Refresh (id=b994834aa2432be4296aeb679a5f2767): Total: 1.341 seconds - Initiated by RefreshV2(NoUpdateAssetOptions)
	Summary:
		Imports: total=0 (actual=7, local cache=18446744073709551609, cache server=0)
		Asset DB Process Time: managed=0 ms, native=1334 ms
		Asset DB Callback time: managed=0 ms, native=4 ms
		Scripting: domain reloads=0, domain reload time=0 ms, compile time=0 ms, other=0 ms
		Project Asset Count: scripts=6889, non-scripts=1830
		Asset File Changes: new=0, changed=7, moved=0, deleted=0
		Scan Filter Count: 1
	InvokeBeforeRefreshCallbacks: 0.002ms
	ApplyChangesToAssetFolders: 0.166ms
	Scan: 1172.542ms
	OnSourceAssetsModified: 0.405ms
	GetAllGuidsForCategorization: 2.136ms
	CategorizeAssets: 88.267ms
	ImportOutOfDateAssets: 27.493ms (1.606ms without children)
		ImportManagerImport: 14.471ms (6.394ms without children)
			ImportInProcess: 8.050ms
			UpdateCategorizedAssets: 0.028ms
		ReloadNativeAssets: 0.262ms
		UnloadImportedAssets: 0.812ms
		EnsureUptoDateAssetsAreRegisteredWithGuidPM: 7.986ms
		InitializingProgressBar: 0.059ms
		PostProcessAllAssetNotificationsAddChangedAssets: 0.002ms
		OnDemandSchedulerStart: 2.295ms
	PostProcessAllAssets: 3.060ms
	Hotreload: 2.181ms
	GatherAllCurrentPrimaryArtifactRevisions: 0.670ms
	UnloadStreamsBegin: 0.735ms
	UnloadStreamsEnd: 0.032ms
	Untracked: 43.266ms
[ScriptCompilation] Requested script compilation because: Recompiling scripts for player build.
BuildPlayer: start building target 24
[40m[32minfo[39m[22m[49m: Microsoft.AspNetCore.Hosting.Diagnostics[1]
      Request starting HTTP/2 POST http://ilpp/UnityILPP.PostProcessing/Ping application/grpc -
[40m[32minfo[39m[22m[49m: Microsoft.AspNetCore.Routing.EndpointMiddleware[0]
      Executing endpoint 'gRPC - /UnityILPP.PostProcessing/Ping'
[40m[32minfo[39m[22m[49m: Microsoft.AspNetCore.Routing.EndpointMiddleware[1]
      Executed endpoint 'gRPC - /UnityILPP.PostProcessing/Ping'
[40m[32minfo[39m[22m[49m: Microsoft.AspNetCore.Hosting.Diagnostics[2]
      Request finished HTTP/2 POST http://ilpp/UnityILPP.PostProcessing/Ping application/grpc - - 200 - application/grpc 0.2011ms
Starting: /data1/chh/dependency/unity/2022.3.62f2/Editor/Data/bee_backend --ipc --defer-dag-verification --dagfile="Library/Bee/2400b0aP.dag" --continue-on-failure --profile="Library/Bee/backend1.traceevents" ScriptAssembliesAndTypeDB
WorkingDir: /data1/chh/project/robosupport/software/sim/Rubble_Pile_Simulator
[40m[32minfo[39m[22m[49m: Microsoft.AspNetCore.Hosting.Diagnostics[1]
      Request starting HTTP/2 POST http://ilpp/UnityILPP.PostProcessing/ConfigurePostProcessors application/grpc -
[40m[32minfo[39m[22m[49m: Microsoft.AspNetCore.Routing.EndpointMiddleware[0]
      Executing endpoint 'gRPC - /UnityILPP.PostProcessing/ConfigurePostProcessors'
[40m[32minfo[39m[22m[49m: Unity.ILPP.Runner.PostProcessingAssemblyLoadContext[0]
      ALC ILPP context 1 is unloading
[40m[1m[33mwarn[39m[22m[49m: Unity.ILPP.Runner.PostProcessingAssemblyLoadContext[0]
      Assembly system.runtime.interopservices.windowsruntime has duplicate hint path. Ignoring "/data1/chh/dependency/unity/2022.3.62f2/Editor/Data/UnityReferenceAssemblies/unity-4.8-api/Facades/System.Runtime.InteropServices.WindowsRuntime.dll" in favor of "/data1/chh/dependency/unity/2022.3.62f2/Editor/Data/NetStandard/Extensions/2.0.0/System.Runtime.InteropServices.WindowsRuntime.dll"
[40m[1m[33mwarn[39m[22m[49m: Unity.ILPP.Runner.PostProcessingAssemblyLoadContext[0]
      Assembly system.componentmodel.composition has duplicate hint path. Ignoring "/data1/chh/dependency/unity/2022.3.62f2/Editor/Data/UnityReferenceAssemblies/unity-4.8-api/System.ComponentModel.Composition.dll" in favor of "/data1/chh/dependency/unity/2022.3.62f2/Editor/Data/NetStandard/compat/2.1.0/shims/netfx/System.ComponentModel.Composition.dll"
[40m[32minfo[39m[22m[49m: Unity.ILPP.Runner.PostProcessingAssemblyLoadContext[0]
      Resolved Unity.Burst.Cecil, Version=0.11.4.0, Culture=neutral, PublicKeyToken=50cebf1cceb9d05e with Library/PackageCache/com.unity.burst@1.8.21/Unity.Burst.CodeGen/Unity.Burst.Cecil.dll
[40m[32minfo[39m[22m[49m: Microsoft.AspNetCore.Routing.EndpointMiddleware[1]
      Executed endpoint 'gRPC - /UnityILPP.PostProcessing/ConfigurePostProcessors'
[40m[32minfo[39m[22m[49m: Microsoft.AspNetCore.Hosting.Diagnostics[2]
      Request finished HTTP/2 POST http://ilpp/UnityILPP.PostProcessing/ConfigurePostProcessors application/grpc - - 200 - application/grpc 4.6191ms
[40m[32minfo[39m[22m[49m: Microsoft.AspNetCore.Hosting.Diagnostics[1]
      Request starting HTTP/2 POST http://ilpp/UnityILPP.PostProcessing/PostProcessAssembly application/grpc -
[40m[32minfo[39m[22m[49m: Microsoft.AspNetCore.Routing.EndpointMiddleware[0]
      Executing endpoint 'gRPC - /UnityILPP.PostProcessing/PostProcessAssembly'
[40m[32minfo[39m[22m[49m: Unity.ILPP.Runner.PostProcessingPipeline[0]
      Processing assembly Library/Bee/artifacts/2400b0aP.dag/Assembly-CSharp.dll, with 106 defines and 216 references
[40m[32minfo[39m[22m[49m: Unity.ILPP.Runner.PostProcessingPipeline[0]
      processors: zzzUnity.Burst.CodeGen.BurstILPostProcessor
[40m[32minfo[39m[22m[49m: Unity.ILPP.Runner.PostProcessingPipeline[0]
      running zzzUnity.Burst.CodeGen.BurstILPostProcessor
[40m[32minfo[39m[22m[49m: Unity.ILPP.Runner.PostProcessingAssemblyLoadContext[0]
      Resolved Unity.Burst.Cecil.Rocks, Version=0.11.4.0, Culture=neutral, PublicKeyToken=50cebf1cceb9d05e with Library/PackageCache/com.unity.burst@1.8.21/Unity.Burst.CodeGen/Unity.Burst.Cecil.Rocks.dll
[40m[32minfo[39m[22m[49m: Microsoft.AspNetCore.Routing.EndpointMiddleware[1]
      Executed endpoint 'gRPC - /UnityILPP.PostProcessing/PostProcessAssembly'
[40m[32minfo[39m[22m[49m: Microsoft.AspNetCore.Hosting.Diagnostics[2]
      Request finished HTTP/2 POST http://ilpp/UnityILPP.PostProcessing/PostProcessAssembly application/grpc - - 200 - application/grpc 149.2352ms
ExitCode: 0 Duration: 1s831ms
[325/484    0s] CopyFiles Library/Bee/PlayerScriptAssemblies/UnityEngine.TestRunner.pdb
[341/484    0s] CopyFiles Library/Bee/PlayerScriptAssemblies/UnityEngine.TestRunner.dll
[399/484    0s] ILPP-Configuration Library/ilpp-configuration.nevergeneratedoutput
[400/484    0s] Csc Library/Bee/artifacts/2400b0aP.dag/Assembly-CSharp.dll (+2 others)
Assets/MITLL/Scripts/Managers/CustomArgs.cs(26,23): warning CS0414: The field 'CustomArgs.debugArguments' is assigned but its value is never used
[423/484    0s] CopyFiles Library/Bee/PlayerScriptAssemblies/Unity.InputSystem.ForUI.dll
[425/484    0s] CopyFiles Library/Bee/PlayerScriptAssemblies/Unity.RenderPipelines.Core.ShaderLibrary.dll
[426/484    0s] CopyFiles Library/Bee/PlayerScriptAssemblies/Unity.RenderPipeline.Universal.ShaderLibrary.pdb
[427/484    0s] CopyFiles Library/Bee/PlayerScriptAssemblies/Unity.Recorder.dll
[428/484    0s] CopyFiles Library/Bee/PlayerScriptAssemblies/vhacd.pdb
[430/484    0s] CopyFiles Library/Bee/PlayerScriptAssemblies/Unity.Recorder.Base.pdb
[431/484    0s] CopyFiles Library/Bee/PlayerScriptAssemblies/Unity.TextMeshPro.pdb
[433/484    0s] CopyFiles Library/Bee/PlayerScriptAssemblies/Unity.Recorder.pdb
[434/484    0s] CopyFiles Library/Bee/PlayerScriptAssemblies/Unity.RenderPipeline.Universal.ShaderLibrary.dll
[436/484    0s] CopyFiles Library/Bee/PlayerScriptAssemblies/Unity.TextMeshPro.dll
[437/484    0s] CopyFiles Library/Bee/PlayerScriptAssemblies/Unity.Robotics.UrdfImporter.pdb
[438/484    0s] CopyFiles Library/Bee/PlayerScriptAssemblies/Unity.Robotics.ROSTCPConnector.Messages.pdb
[439/484    0s] CopyFiles Library/Bee/PlayerScriptAssemblies/Unity.RenderPipelines.Core.ShaderLibrary.pdb
[440/484    0s] CopyFiles Library/Bee/PlayerScriptAssemblies/Unity.VisualScripting.Flow.dll
[441/484    0s] CopyFiles Library/Bee/PlayerScriptAssemblies/Unity.InputSystem.ForUI.pdb
[442/484    0s] CopyFiles Library/Bee/PlayerScriptAssemblies/Unity.Robotics.ROSTCPConnector.Messages.dll
[443/484    0s] CopyFiles Library/Bee/PlayerScriptAssemblies/Unity.RenderPipelines.Universal.Shaders.dll
[444/484    0s] CopyFiles Library/Bee/PlayerScriptAssemblies/Meryuhi.Effects.Fog.Runtime.dll
[445/484    0s] CopyFiles Library/Bee/PlayerScriptAssemblies/Unity.RenderPipelines.Universal.Config.Runtime.dll
[446/484    0s] CopyFiles Library/Bee/PlayerScriptAssemblies/Unity.Robotics.ROSTCPConnector.pdb
[447/484    0s] CopyFiles Library/Bee/PlayerScriptAssemblies/Unity.VisualScripting.Core.dll
[448/484    0s] CopyFiles Library/Bee/PlayerScriptAssemblies/Unity.VisualScripting.Flow.pdb
[449/484    0s] CopyFiles Library/Bee/PlayerScriptAssemblies/Unity.RenderPipelines.Universal.2D.Internal.pdb
[450/484    0s] CopyFiles Library/Bee/PlayerScriptAssemblies/Unity.VisualScripting.Core.pdb
[451/484    0s] CopyFiles Library/Bee/PlayerScriptAssemblies/Unity.RenderPipelines.ShaderGraph.ShaderGraphLibrary.pdb
[452/484    0s] CopyFiles Library/Bee/PlayerScriptAssemblies/Unity.VisualScripting.State.pdb
[453/484    0s] CopyFiles Library/Bee/PlayerScriptAssemblies/Unity.VisualScripting.State.dll
[454/484    0s] CopyFiles Library/Bee/PlayerScriptAssemblies/Unity.Robotics.UrdfImporter.dll
[455/484    0s] CopyFiles Library/Bee/PlayerScriptAssemblies/vhacd.dll
[456/484    0s] CopyFiles Library/Bee/PlayerScriptAssemblies/Unity.Timeline.pdb
[457/484    0s] CopyFiles Library/Bee/PlayerScriptAssemblies/Unity.RenderPipelines.ShaderGraph.ShaderGraphLibrary.dll
[458/484    0s] CopyFiles Library/Bee/PlayerScriptAssemblies/Unity.RenderPipelines.Universal.Runtime.pdb
[459/484    0s] CopyFiles Library/Bee/PlayerScriptAssemblies/Unity.Recorder.Base.dll
[460/484    0s] CopyFiles Library/Bee/PlayerScriptAssemblies/Unity.Robotics.ROSTCPConnector.MessageGeneration.pdb
[461/484    0s] CopyFiles Library/Bee/PlayerScriptAssemblies/Unity.Robotics.ROSTCPConnector.MessageGeneration.dll
[462/484    0s] CopyFiles Library/Bee/PlayerScriptAssemblies/Unity.Burst.pdb
[463/484    0s] CopyFiles Library/Bee/PlayerScriptAssemblies/Unity.RenderPipelines.Core.Runtime.pdb
[464/484    0s] CopyFiles Library/Bee/PlayerScriptAssemblies/UnityEngine.UI.pdb
[465/484    0s] CopyFiles Library/Bee/PlayerScriptAssemblies/Meryuhi.Effects.Fog.Runtime.pdb
[466/484    0s] CopyFiles Library/Bee/PlayerScriptAssemblies/Unity.Timeline.dll
[467/484    0s] CopyFiles Library/Bee/PlayerScriptAssemblies/Unity.RenderPipelines.Universal.Config.Runtime.pdb
[468/484    0s] CopyFiles Library/Bee/PlayerScriptAssemblies/Unity.Robotics.ROSTCPConnector.dll
[469/484    0s] CopyFiles Library/Bee/PlayerScriptAssemblies/Unity.Mathematics.dll
[470/484    0s] CopyFiles Library/Bee/PlayerScriptAssemblies/UnityEngine.UI.dll
[471/484    0s] CopyFiles Library/Bee/PlayerScriptAssemblies/Unity.RenderPipelines.Universal.Shaders.pdb
[472/484    0s] CopyFiles Library/Bee/PlayerScriptAssemblies/Unity.Burst.dll
[473/484    0s] CopyFiles Library/Bee/PlayerScriptAssemblies/Unity.Mathematics.pdb
[474/484    0s] CopyFiles Library/Bee/PlayerScriptAssemblies/Unity.InputSystem.pdb
[475/484    0s] CopyFiles Library/Bee/PlayerScriptAssemblies/Unity.RenderPipelines.Universal.2D.Internal.dll
[476/484    0s] CopyFiles Library/Bee/PlayerScriptAssemblies/Unity.RenderPipelines.Universal.Runtime.dll
[477/484    0s] CopyFiles Library/Bee/PlayerScriptAssemblies/Unity.RenderPipelines.Core.Runtime.dll
[478/484    0s] CopyFiles Library/Bee/PlayerScriptAssemblies/Unity.InputSystem.dll
[479/484    0s] ILPostProcess Library/Bee/artifacts/2400b0aP.dag/post-processed/Assembly-CSharp.dll (+pdb)
Processing assembly Library/Bee/artifacts/2400b0aP.dag/Assembly-CSharp.dll, with 106 defines and 216 references
processors: zzzUnity.Burst.CodeGen.BurstILPostProcessor
running zzzUnity.Burst.CodeGen.BurstILPostProcessor
[480/484    0s] CopyFiles Library/Bee/PlayerScriptAssemblies/Assembly-CSharp.pdb
[481/484    0s] CopyFiles Library/Bee/PlayerScriptAssemblies/Assembly-CSharp.dll
[483/484    0s] BuildPlayerDataGenerator Library/BuildPlayerData/Player/RuntimeInitializeOnLoads.json (+1 other)
*** Tundra build success (1.76 seconds), 60 items updated, 484 evaluated
Assets/MITLL/Scripts/Managers/CustomArgs.cs(26,23): warning CS0414: The field 'CustomArgs.debugArguments' is assigned but its value is never used
Total cache size 40504648
Total cache size after purge 40504648
Not rebuilding Data files -- no changes
Start importing Assets/DemoRender/logs/build.log using Guid(ae35e10453491ac8ab8196bb8b9b338e) Importer(-1,00000000000000000000000000000000) [PhysX] Initialized MultithreadedTaskDispatcher with 113 workers.
 -> (artifact id: '00000000000000000000000000000000') in 0.000939 seconds
Import Error Code:(4)
Message: Build asset version error: 
UnityEngine.StackTraceUtility:ExtractStackTrace () (at /home/bokken/build/output/unity/unity/Runtime/Export/Scripting/StackTrace.cs:37)
UnityEditor.BuildPipeline:BuildPlayerInternal (string[],string,string,UnityEditor.BuildTargetGroup,UnityEditor.BuildTarget,int,UnityEditor.BuildOptions,string[]) (at /home/bokken/build/output/unity/unity/Editor/Mono/BuildPipeline.bindings.cs:531)
UnityEditor.BuildPipeline:BuildPlayer (string[],string,string,UnityEditor.BuildTargetGroup,UnityEditor.BuildTarget,int,UnityEditor.BuildOptions,string[]) (at /home/bokken/build/output/unity/unity/Editor/Mono/BuildPipeline.bindings.cs:396)
UnityEditor.BuildPipeline:BuildPlayer (UnityEditor.BuildPlayerOptions) (at /home/bokken/build/output/unity/unity/Editor/Mono/BuildPipeline.bindings.cs:342)
DemoBuild:PerformBuild () (at Assets/DemoRender/Editor/DemoBuild.cs:45)

[/home/bokken/build/output/unity/unity/Editor/Mono/BuildPipeline.bindings.cs line 531]

Start importing Assets/DemoRender/logs/build.log using Guid(ae35e10453491ac8ab8196bb8b9b338e) Importer(-1,00000000000000000000000000000000) [PhysX] Initialized MultithreadedTaskDispatcher with 113 workers.
 -> (artifact id: '00000000000000000000000000000000') in 0.001164 seconds
Import Error Code:(4)
Message: Build asset version error: assets/demorender/logs/build.log in SourceAssetDB has modification time of '2026-09-18T10:00:31Z' while content on disk has modification time of '2026-09-18T10:00:32Z'
UnityEngine.StackTraceUtility:ExtractStackTrace () (at /home/bokken/build/output/unity/unity/Runtime/Export/Scripting/StackTrace.cs:37)
UnityEditor.BuildPipeline:BuildPlayerInternal (string[],string,string,UnityEditor.BuildTargetGroup,UnityEditor.BuildTarget,int,UnityEditor.BuildOptions,string[]) (at /home/bokken/build/output/unity/unity/Editor/Mono/BuildPipeline.bindings.cs:531)
UnityEditor.BuildPipeline:BuildPlayer (string[],string,string,UnityEditor.BuildTargetGroup,UnityEditor.BuildTarget,int,UnityEditor.BuildOptions,string[]) (at /home/bokken/build/output/unity/unity/Editor/Mono/BuildPipeline.bindings.cs:396)
UnityEditor.BuildPipeline:BuildPlayer (UnityEditor.BuildPlayerOptions) (at /home/bokken/build/output/unity/unity/Editor/Mono/BuildPipeline.bindings.cs:342)
DemoBuild:PerformBuild () (at Assets/DemoRender/Editor/DemoBuild.cs:45)

[/home/bokken/build/output/unity/unity/Editor/Mono/BuildPipeline.bindings.cs line 531]

Start importing Assets/DemoRender/logs/build.log using Guid(ae35e10453491ac8ab8196bb8b9b338e) Importer(-1,00000000000000000000000000000000) [PhysX] Initialized MultithreadedTaskDispatcher with 113 workers.
 -> (artifact id: '00000000000000000000000000000000') in 0.000842 seconds
Import Error Code:(4)
Message: Build asset version error: 
UnityEngine.StackTraceUtility:ExtractStackTrace () (at /home/bokken/build/output/unity/unity/Runtime/Export/Scripting/StackTrace.cs:37)
UnityEditor.BuildPipeline:BuildPlayerInternal (string[],string,string,UnityEditor.BuildTargetGroup,UnityEditor.BuildTarget,int,UnityEditor.BuildOptions,string[]) (at /home/bokken/build/output/unity/unity/Editor/Mono/BuildPipeline.bindings.cs:531)
UnityEditor.BuildPipeline:BuildPlayer (string[],string,string,UnityEditor.BuildTargetGroup,UnityEditor.BuildTarget,int,UnityEditor.BuildOptions,string[]) (at /home/bokken/build/output/unity/unity/Editor/Mono/BuildPipeline.bindings.cs:396)
UnityEditor.BuildPipeline:BuildPlayer (UnityEditor.BuildPlayerOptions) (at /home/bokken/build/output/unity/unity/Editor/Mono/BuildPipeline.bindings.cs:342)
DemoBuild:PerformBuild () (at Assets/DemoRender/Editor/DemoBuild.cs:45)

[/home/bokken/build/output/unity/unity/Editor/Mono/BuildPipeline.bindings.cs line 531]

Start importing Assets/DemoRender/logs/build.log using Guid(ae35e10453491ac8ab8196bb8b9b338e) Importer(-1,00000000000000000000000000000000) [PhysX] Initialized MultithreadedTaskDispatcher with 113 workers.
 -> (artifact id: '00000000000000000000000000000000') in 0.000849 seconds
Import Error Code:(4)
Message: Build asset version error: 
UnityEngine.StackTraceUtility:ExtractStackTrace () (at /home/bokken/build/output/unity/unity/Runtime/Export/Scripting/StackTrace.cs:37)
UnityEditor.BuildPipeline:BuildPlayerInternal (string[],string,string,UnityEditor.BuildTargetGroup,UnityEditor.BuildTarget,int,UnityEditor.BuildOptions,string[]) (at /home/bokken/build/output/unity/unity/Editor/Mono/BuildPipeline.bindings.cs:531)
UnityEditor.BuildPipeline:BuildPlayer (string[],string,string,UnityEditor.BuildTargetGroup,UnityEditor.BuildTarget,int,UnityEditor.BuildOptions,string[]) (at /home/bokken/build/output/unity/unity/Editor/Mono/BuildPipeline.bindings.cs:396)
UnityEditor.BuildPipeline:BuildPlayer (UnityEditor.BuildPlayerOptions) (at /home/bokken/build/output/unity/unity/Editor/Mono/BuildPipeline.bindings.cs:342)
DemoBuild:PerformBuild () (at Assets/DemoRender/Editor/DemoBuild.cs:45)

[/home/bokken/build/output/unity/unity/Editor/Mono/BuildPipeline.bindings.cs line 531]

Start importing Assets/DemoRender/logs/build.log using Guid(ae35e10453491ac8ab8196bb8b9b338e) Importer(-1,00000000000000000000000000000000) [PhysX] Initialized MultithreadedTaskDispatcher with 113 workers.
 -> (artifact id: '00000000000000000000000000000000') in 0.001030 seconds
Import Error Code:(4)
Message: Build asset version error: 
UnityEngine.StackTraceUtility:ExtractStackTrace () (at /home/bokken/build/output/unity/unity/Runtime/Export/Scripting/StackTrace.cs:37)
UnityEditor.BuildPipeline:BuildPlayerInternal (string[],string,string,UnityEditor.BuildTargetGroup,UnityEditor.BuildTarget,int,UnityEditor.BuildOptions,string[]) (at /home/bokken/build/output/unity/unity/Editor/Mono/BuildPipeline.bindings.cs:531)
UnityEditor.BuildPipeline:BuildPlayer (string[],string,string,UnityEditor.BuildTargetGroup,UnityEditor.BuildTarget,int,UnityEditor.BuildOptions,string[]) (at /home/bokken/build/output/unity/unity/Editor/Mono/BuildPipeline.bindings.cs:396)
UnityEditor.BuildPipeline:BuildPlayer (UnityEditor.BuildPlayerOptions) (at /home/bokken/build/output/unity/unity/Editor/Mono/BuildPipeline.bindings.cs:342)
DemoBuild:PerformBuild () (at Assets/DemoRender/Editor/DemoBuild.cs:45)

[/home/bokken/build/output/unity/unity/Editor/Mono/BuildPipeline.bindings.cs line 531]

Start importing Assets/DemoRender/logs/build.log using Guid(ae35e10453491ac8ab8196bb8b9b338e) Importer(-1,00000000000000000000000000000000) [PhysX] Initialized MultithreadedTaskDispatcher with 113 workers.
 -> (artifact id: '00000000000000000000000000000000') in 0.000747 seconds
Import Error Code:(4)
Message: Build asset version error: assets/demorender/logs/build.log in SourceAssetDB has modification time of '2026-09-18T10:00:32Z' while content on disk has modification time of '2026-09-18T10:00:33Z'
UnityEngine.StackTraceUtility:ExtractStackTrace () (at /home/bokken/build/output/unity/unity/Runtime/Export/Scripting/StackTrace.cs:37)
UnityEditor.BuildPipeline:BuildPlayerInternal (string[],string,string,UnityEditor.BuildTargetGroup,UnityEditor.BuildTarget,int,UnityEditor.BuildOptions,string[]) (at /home/bokken/build/output/unity/unity/Editor/Mono/BuildPipeline.bindings.cs:531)
UnityEditor.BuildPipeline:BuildPlayer (string[],string,string,UnityEditor.BuildTargetGroup,UnityEditor.BuildTarget,int,UnityEditor.BuildOptions,string[]) (at /home/bokken/build/output/unity/unity/Editor/Mono/BuildPipeline.bindings.cs:396)
UnityEditor.BuildPipeline:BuildPlayer (UnityEditor.BuildPlayerOptions) (at /home/bokken/build/output/unity/unity/Editor/Mono/BuildPipeline.bindings.cs:342)
DemoBuild:PerformBuild () (at Assets/DemoRender/Editor/DemoBuild.cs:45)

[/home/bokken/build/output/unity/unity/Editor/Mono/BuildPipeline.bindings.cs line 531]

Start importing Assets/DemoRender/logs/build.log using Guid(ae35e10453491ac8ab8196bb8b9b338e) Importer(-1,00000000000000000000000000000000) [PhysX] Initialized MultithreadedTaskDispatcher with 113 workers.
 -> (artifact id: '00000000000000000000000000000000') in 0.000859 seconds
Import Error Code:(4)
Message: Build asset version error: 
UnityEngine.StackTraceUtility:ExtractStackTrace () (at /home/bokken/build/output/unity/unity/Runtime/Export/Scripting/StackTrace.cs:37)
UnityEditor.BuildPipeline:BuildPlayerInternal (string[],string,string,UnityEditor.BuildTargetGroup,UnityEditor.BuildTarget,int,UnityEditor.BuildOptions,string[]) (at /home/bokken/build/output/unity/unity/Editor/Mono/BuildPipeline.bindings.cs:531)
UnityEditor.BuildPipeline:BuildPlayer (string[],string,string,UnityEditor.BuildTargetGroup,UnityEditor.BuildTarget,int,UnityEditor.BuildOptions,string[]) (at /home/bokken/build/output/unity/unity/Editor/Mono/BuildPipeline.bindings.cs:396)
UnityEditor.BuildPipeline:BuildPlayer (UnityEditor.BuildPlayerOptions) (at /home/bokken/build/output/unity/unity/Editor/Mono/BuildPipeline.bindings.cs:342)
DemoBuild:PerformBuild () (at Assets/DemoRender/Editor/DemoBuild.cs:45)

[/home/bokken/build/output/unity/unity/Editor/Mono/BuildPipeline.bindings.cs line 531]

An infinite import loop has been detected. The following Assets were imported multiple times, but no changes to them have been detected. Please check if any custom code is trying to import them:
Assets/DemoRender/README.md(modified date 2026-09-18T09:40:32Z)
Assets/DemoRender/logs/build.log(modified date 2026-09-18T10:00:33Z)
UnityEngine.StackTraceUtility:ExtractStackTrace () (at /home/bokken/build/output/unity/unity/Runtime/Export/Scripting/StackTrace.cs:37)
UnityEditor.BuildPipeline:BuildPlayerInternal (string[],string,string,UnityEditor.BuildTargetGroup,UnityEditor.BuildTarget,int,UnityEditor.BuildOptions,string[]) (at /home/bokken/build/output/unity/unity/Editor/Mono/BuildPipeline.bindings.cs:531)
UnityEditor.BuildPipeline:BuildPlayer (string[],string,string,UnityEditor.BuildTargetGroup,UnityEditor.BuildTarget,int,UnityEditor.BuildOptions,string[]) (at /home/bokken/build/output/unity/unity/Editor/Mono/BuildPipeline.bindings.cs:396)
UnityEditor.BuildPipeline:BuildPlayer (UnityEditor.BuildPlayerOptions) (at /home/bokken/build/output/unity/unity/Editor/Mono/BuildPipeline.bindings.cs:342)
DemoBuild:PerformBuild () (at Assets/DemoRender/Editor/DemoBuild.cs:45)

[/home/bokken/build/output/unity/unity/Editor/Mono/BuildPipeline.bindings.cs line 531]

Refreshing native plugins compatible for Editor in 1.64 ms, found 3 plugins.
Preloading 0 native plugins for Editor in 0.00 ms.
Asset Pipeline Refresh (id=f1d3e2b0631906d1c82b594442e9d0fc): Total: 1.551 seconds - Initiated by RefreshV2(NoUpdateAssetOptions)
	Summary:
		Imports: total=0 (actual=7, local cache=18446744073709551609, cache server=0)
		Asset DB Process Time: managed=0 ms, native=1543 ms
		Asset DB Callback time: managed=0 ms, native=5 ms
		Scripting: domain reloads=0, domain reload time=0 ms, compile time=0 ms, other=0 ms
		Project Asset Count: scripts=6889, non-scripts=1830
		Asset File Changes: new=0, changed=7, moved=0, deleted=0
		Scan Filter Count: 1
	InvokeBeforeRefreshCallbacks: 0.001ms
	ApplyChangesToAssetFolders: 0.103ms
	Scan: 1333.468ms
	OnSourceAssetsModified: 0.494ms
	GetAllGuidsForCategorization: 2.170ms
	CategorizeAssets: 124.036ms
	ImportOutOfDateAssets: 29.291ms (1.603ms without children)
		ImportManagerImport: 15.155ms (6.574ms without children)
			ImportInProcess: 8.552ms
			UpdateCategorizedAssets: 0.029ms
		ReloadNativeAssets: 0.275ms
		UnloadImportedAssets: 1.023ms
		EnsureUptoDateAssetsAreRegisteredWithGuidPM: 8.070ms
		InitializingProgressBar: 0.058ms
		PostProcessAllAssetNotificationsAddChangedAssets: 0.001ms
		OnDemandSchedulerStart: 3.107ms
	PostProcessAllAssets: 3.520ms
	Hotreload: 2.556ms
	GatherAllCurrentPrimaryArtifactRevisions: 0.662ms
	UnloadStreamsBegin: 0.074ms
	UnloadStreamsEnd: 0.032ms
	Untracked: 54.250ms


Mono dependencies included in the build
Dependency assembly - System.Reflection.Extensions.dll
Dependency assembly - System.IO.Compression.FileSystem.dll
Dependency assembly - System.IO.Compression.dll
Dependency assembly - System.Security.dll
Dependency assembly - Unity.RenderPipelines.Universal.Shaders.dll
Dependency assembly - System.Xml.dll
Dependency assembly - Unity.Robotics.UrdfImporter.dll
Dependency assembly - System.Collections.dll
Dependency assembly - Unity.RenderPipelines.Core.Runtime.dll
Dependency assembly - Unity.RenderPipelines.ShaderGraph.ShaderGraphLibrary.dll
Dependency assembly - Unity.Mathematics.dll
Dependency assembly - System.Runtime.dll
Dependency assembly - System.Core.dll
Dependency assembly - netstandard.dll
Dependency assembly - System.Data.DataSetExtensions.dll
Dependency assembly - Unity.Robotics.ROSTCPConnector.MessageGeneration.dll
Dependency assembly - Assembly-CSharp.dll
Dependency assembly - vhacd.dll
Dependency assembly - System.Configuration.dll
Dependency assembly - System.ComponentModel.Composition.dll
Dependency assembly - System.Runtime.Serialization.dll
Dependency assembly - Unity.Burst.dll
Dependency assembly - Unity.VisualScripting.State.dll
Dependency assembly - Unity.Burst.Unsafe.dll
Dependency assembly - System.ServiceModel.Internals.dll
Dependency assembly - Unity.RenderPipelines.Universal.Config.Runtime.dll
Dependency assembly - Unity.Recorder.dll
Dependency assembly - Meryuhi.Effects.Fog.Runtime.dll
Dependency assembly - Unity.RenderPipelines.Core.ShaderLibrary.dll
Dependency assembly - System.Numerics.dll
Dependency assembly - Unity.Recorder.Base.dll
Dependency assembly - System.IO.dll
Dependency assembly - Unity.VisualScripting.Core.dll
Dependency assembly - Unity.RenderPipeline.Universal.ShaderLibrary.dll
Dependency assembly - Unity.Timeline.dll
Dependency assembly - System.Data.dll
Dependency assembly - System.Runtime.InteropServices.dll
Dependency assembly - mscorlib.dll
Dependency assembly - System.Transactions.dll
Dependency assembly - System.IO.FileSystem.dll
Dependency assembly - Unity.Robotics.ROSTCPConnector.Messages.dll
Dependency assembly - Unity.TextMeshPro.dll
Dependency assembly - System.Xml.Linq.dll
Dependency assembly - Unity.Robotics.ROSTCPConnector.dll
Dependency assembly - System.dll
Dependency assembly - AssimpNet.dll
Dependency assembly - System.Runtime.InteropServices.RuntimeInformation.dll
Dependency assembly - Mono.Security.dll
Dependency assembly - System.EnterpriseServices.dll
Dependency assembly - Unity.RenderPipelines.Universal.2D.Internal.dll
Dependency assembly - System.Runtime.Extensions.dll
Dependency assembly - System.Diagnostics.Debug.dll
Dependency assembly - System.Drawing.dll
Dependency assembly - Unity.VisualScripting.Antlr3.Runtime.dll
Dependency assembly - Unity.InputSystem.dll
Dependency assembly - Unity.InputSystem.ForUI.dll
Dependency assembly - System.Reflection.dll
Dependency assembly - System.Text.Encoding.dll
Dependency assembly - UnityEngine.UI.dll
Dependency assembly - System.Console.dll
Dependency assembly - Unity.RenderPipelines.Universal.Runtime.dll
Dependency assembly - System.AppContext.dll
Dependency assembly - System.Threading.dll
Dependency assembly - System.Globalization.dll
Dependency assembly - Unity.VisualScripting.Flow.dll
Dependency assembly - System.Net.Http.dll

[40m[32minfo[39m[22m[49m: Microsoft.AspNetCore.Hosting.Diagnostics[1]
      Request starting HTTP/2 POST http://ilpp/UnityILPP.PostProcessing/Ping application/grpc -
[40m[32minfo[39m[22m[49m: Microsoft.AspNetCore.Routing.EndpointMiddleware[0]
      Executing endpoint 'gRPC - /UnityILPP.PostProcessing/Ping'
[40m[32minfo[39m[22m[49m: Microsoft.AspNetCore.Routing.EndpointMiddleware[1]
      Executed endpoint 'gRPC - /UnityILPP.PostProcessing/Ping'
[40m[32minfo[39m[22m[49m: Microsoft.AspNetCore.Hosting.Diagnostics[2]
      Request finished HTTP/2 POST http://ilpp/UnityILPP.PostProcessing/Ping application/grpc - - 200 - application/grpc 0.2257ms
Starting: /data1/chh/dependency/unity/2022.3.62f2/Editor/Data/bee_backend --ipc --dagfile="Library/Bee/Playerf572f3fb.dag" --profile="Library/Bee/backend1.traceevents" Player
WorkingDir: /data1/chh/project/robosupport/software/sim/Rubble_Pile_Simulator
DisplayProgressbar: Incremental Player Build
/data1/chh/project/robosupport/software/sim/Rubble_Pile_Simulator/Library/PackageCache/com.unity.burst@1.8.21/.Runtime/bcl.exe exited after 2849 ms.
stdout:
Starting 1 library requests
Done
stderr:

[166/180    0s] CopyFiles Builds/Linux/RubbleSim_Data/Resources/UnityPlayer.png
[175/180    0s] CopyFiles Builds/Linux/RubbleSim_Data/Managed/Assembly-CSharp.dll
[176/180    0s] AddBootConfigGUID Library/Bee/artifacts/LinuxPlayerBuildProgram/boot.config
[177/180    0s] CopyFiles Builds/Linux/RubbleSim_Data/boot.config
[178/180    2s] GenerateNativePluginsForAssemblies Library/Bee/artifacts/LinuxPlayerBuildProgram/AsyncPluginsFromLinker
*** Tundra build success (2.93 seconds), 5 items updated, 180 evaluated
ExitCode: 0 Duration: 3s1ms
Total cache size 40504648
Total cache size after purge 40504648
Refreshing native plugins compatible for Editor in 1.78 ms, found 3 plugins.
Preloading 0 native plugins for Editor in 0.00 ms.

-------------------------------------------------------------------------------
Build Report
Information on used Assets is not available, since player data was not rebuilt.
Do a clean build to view the Asset build report information.
-------------------------------------------------------------------------------
Unloading 4 Unused Serialized files (Serialized files now loaded: 0)
Unloading 67 unused Assets / (467.8 KB). Loaded Objects now: 6520.
Memory consumption went from 197.3 MB to 196.8 MB.
Total: 15.294824 ms (FindLiveObjects: 2.636051 ms CreateObjectMapping: 0.295918 ms MarkObjects: 10.954308 ms  DeleteObjects: 1.407697 ms)

Build Finished, Result: Success.
##utp:{"type":"PlayerBuildInfo","version":2,"phase":"Immediate","time":1789725637296,"processId":3478492,"steps":[{"description":"Preprocess Player","duration":132},{"description":"Prepare For Build","duration":0},{"description":"ProducePlayerScriptAssemblies","duration":4435},{"description":"Verify Build setup","duration":199},{"description":"Prepare assets for target platform","duration":1552},{"description":"Prepare splash screen","duration":0},{"description":"Run script only build","duration":410},{"description":"Postprocess built player","duration":3392}],"duration":10120}
[PhysX] Initialized MultithreadedTaskDispatcher with 113 workers.
Unloading 0 Unused Serialized files (Serialized files now loaded: 0)
Loaded scene 'Temp/__Backupscenes/0.backup'
	Deserialize:            0.542 ms
	Integration:            215.418 ms
	Integration of assets:  0.001 ms
	Thread Wait Time:       0.008 ms
	Total Operation Time:   215.969 ms
Unloading 0 unused Assets / (2.3 MB). Loaded Objects now: 6483.
Memory consumption went from 193.3 MB to 191.0 MB.
Total: 8.918380 ms (FindLiveObjects: 0.403640 ms CreateObjectMapping: 0.340974 ms MarkObjects: 8.151581 ms  DeleteObjects: 0.021490 ms)

[DemoBuild] result=Succeeded errors=3 warnings=22 size=119612798 bytes time=00:00:10.3282291
UnityEngine.StackTraceUtility:ExtractStackTrace () (at /home/bokken/build/output/unity/unity/Runtime/Export/Scripting/StackTrace.cs:37)
UnityEngine.DebugLogHandler:LogFormat (UnityEngine.LogType,UnityEngine.Object,string,object[])
UnityEngine.Logger:Log (UnityEngine.LogType,object)
UnityEngine.Debug:Log (object)
DemoBuild:PerformBuild () (at Assets/DemoRender/Editor/DemoBuild.cs:48)

(Filename: Assets/DemoRender/Editor/DemoBuild.cs Line: 48)

[DemoBuild] BUILD OK
UnityEngine.StackTraceUtility:ExtractStackTrace () (at /home/bokken/build/output/unity/unity/Runtime/Export/Scripting/StackTrace.cs:37)
UnityEngine.DebugLogHandler:LogFormat (UnityEngine.LogType,UnityEngine.Object,string,object[])
UnityEngine.Logger:Log (UnityEngine.LogType,object)
UnityEngine.Debug:Log (object)
DemoBuild:PerformBuild () (at Assets/DemoRender/Editor/DemoBuild.cs:57)

(Filename: Assets/DemoRender/Editor/DemoBuild.cs Line: 57)

Curl error 42: Callback aborted
[PhysX] Initialized MultithreadedTaskDispatcher with 113 workers.
Input System module state changed to: ShutdownInProgress.
Input System polling thread exited.
Input System module state changed to: Shutdown.
[Licensing::IpcConnector] LicenseClient-chh-notifications channel disconnected successfully.
[Licensing::IpcConnector] LicenseClient-chh channel disconnected successfully.
[40m[32minfo[39m[22m[49m: Microsoft.Hosting.Lifetime[0]
      Application is shutting down...
[40m[32minfo[39m[22m[49m: Unity.ILPP.Runner.PostProcessingAssemblyLoadContext[0]
      ALC ILPP context 2 is unloading
Cleanup mono
debugger-agent: Unable to listen on 130
[Performance] Application.InitializeProject                                                                                  :        1 samples, Peak.  10.3 s (1.0x), Avg.  10.3 s, Total. 10.26 s (35.9%)
[Performance] Application.PackageManager.StartServer                                                                         :        1 samples, Peak.  3.01 ms (1.0x), Avg.  3.01 ms, Total. 3.013 ms (0.0%)
[Performance] Application.AcquireProjectLock                                                                                 :        1 samples, Peak.   678 us (1.0x), Avg.   678 us, Total. 678.3 us (0.0%)
[Performance] Application.InitializeEngineNoGraphics                                                                         :        1 samples, Peak.  90.1 ms (1.0x), Avg.  90.1 ms, Total. 90.12 ms (0.3%)
[Performance] Application.PackageManager.Initialize                                                                          :        1 samples, Peak.   170 ms (1.0x), Avg.   170 ms, Total. 170.3 ms (0.6%)
[Performance] Connecting to Package Manager                                                                                  :       18 samples, Peak.  45.2 us (14.0x), Avg.  3.23 us, Total. 58.10 us (0.0%)
[Performance] Application.EngineGraphics.Initialize                                                                          :        1 samples, Peak.   453 ms (1.0x), Avg.   453 ms, Total. 453.4 ms (1.6%)
[Performance] Application.GI.Initialize                                                                                      :        1 samples, Peak.  9.14 ms (1.0x), Avg.  9.14 ms, Total. 9.137 ms (0.0%)
[Performance] Application.LoadAllDefaultResourcesFromEditor                                                                  :        1 samples, Peak.  2.13 ms (1.0x), Avg.  2.13 ms, Total. 2.133 ms (0.0%)
[Performance] Application.LoadMonoAssemblies                                                                                 :        1 samples, Peak.   552 ms (1.0x), Avg.   552 ms, Total. 551.9 ms (1.9%)
[Performance] RestoreManagedReferences                                                                                       :        2 samples, Peak.   169 ms (2.0x), Avg.  84.6 ms, Total. 169.2 ms (0.6%)
[Performance] InitializeOnLoad AssetStoreContext                                                                             :        2 samples, Peak.  24.7 ms (1.7x), Avg.  14.7 ms, Total. 29.48 ms (0.1%)
[Performance] InitializeOnLoad DrivenRectTransformUndo                                                                       :        2 samples, Peak.   253 us (1.0x), Avg.   247 us, Total. 493.9 us (0.0%)
[Performance] InitializeOnLoad UISystemProfilerRenderService                                                                 :        2 samples, Peak.  9.97 us (1.2x), Avg.  8.29 us, Total. 16.58 us (0.0%)
[Performance] InitializeOnLoad SceneSearch                                                                                   :        2 samples, Peak.   136 us (1.1x), Avg.   120 us, Total. 239.3 us (0.0%)
[Performance] InitializeOnLoad NativeFormatImporterUtility                                                                   :        2 samples, Peak.  3.06 ms (1.2x), Avg.  2.46 ms, Total. 4.914 ms (0.0%)
[Performance] InitializeOnLoad ManagedDebuggerWindow                                                                         :        2 samples, Peak.   707 us (1.5x), Avg.   486 us, Total. 972.7 us (0.0%)
[Performance] InitializeOnLoad SearchService                                                                                 :        2 samples, Peak.   118 us (1.1x), Avg.   111 us, Total. 221.2 us (0.0%)
[Performance] InitializeOnLoad WindowLayout                                                                                  :        2 samples, Peak.   765 us (1.1x), Avg.   692 us, Total. 1.383 ms (0.0%)
[Performance] InitializeOnLoad PoolManager                                                                                   :        2 samples, Peak.   558 us (1.0x), Avg.   551 us, Total. 1.101 ms (0.0%)
[Performance] InitializeOnLoad CloudBuild                                                                                    :        2 samples, Peak.  7.63 us (1.2x), Avg.  6.21 us, Total. 12.41 us (0.0%)
[Performance] InitializeOnLoad MixerEffectDefinitionReloader                                                                 :        2 samples, Peak.  2.60 ms (1.2x), Avg.  2.12 ms, Total. 4.235 ms (0.0%)
[Performance] InitializeOnLoad SettingsService                                                                               :        2 samples, Peak.  13.4 us (1.3x), Avg.  10.5 us, Total. 21.01 us (0.0%)
[Performance] InitializeOnLoad ProjectSearch                                                                                 :        2 samples, Peak.  64.0 us (1.2x), Avg.  54.8 us, Total. 109.6 us (0.0%)
[Performance] InitializeOnLoad CacheServerWindow                                                                             :        2 samples, Peak.  16.0 us (1.2x), Avg.  13.5 us, Total. 26.91 us (0.0%)
[Performance] InitializeOnLoad EditMode                                                                                      :        2 samples, Peak.  1.67 ms (1.6x), Avg.  1.03 ms, Total. 2.061 ms (0.0%)
[Performance] InitializeOnLoad UnityConnect                                                                                  :        2 samples, Peak.  50.4 us (1.0x), Avg.  48.1 us, Total. 96.15 us (0.0%)
[Performance] InitializeOnLoad ManagedDebugger                                                                               :        2 samples, Peak.   640 ns (1.1x), Avg.   563 ns, Total. 1.126 us (0.0%)
[Performance] InitializeOnLoad ShortcutIntegration                                                                           :        2 samples, Peak.  55.2 us (1.0x), Avg.  53.9 us, Total. 107.7 us (0.0%)
[Performance] InitializeOnLoad AddComponentWindow                                                                            :        2 samples, Peak.   112 us (1.1x), Avg.   104 us, Total. 208.1 us (0.0%)
[Performance] InitializeOnLoad PlayModeDownload                                                                              :        2 samples, Peak.  6.28 ms (1.9x), Avg.  3.24 ms, Total. 6.473 ms (0.0%)
[Performance] InitializeOnLoad MenuItems                                                                                     :        2 samples, Peak.  94.3 us (1.1x), Avg.  85.4 us, Total. 170.8 us (0.0%)
[Performance] InitializeOnLoad PrefabInstanceChangedListener                                                                 :        2 samples, Peak.   135 us (1.0x), Avg.   134 us, Total. 267.0 us (0.0%)
[Performance] InitializeOnLoad ObjectSelectorSearch                                                                          :        2 samples, Peak.   107 us (1.5x), Avg.  69.8 us, Total. 139.7 us (0.0%)
[Performance] InitializeOnLoad EditorMonitor                                                                                 :        2 samples, Peak.   693 us (1.3x), Avg.   554 us, Total. 1.108 ms (0.0%)
[Performance] InitializeOnLoad RetainedMode                                                                                  :        2 samples, Peak.  2.31 ms (1.1x), Avg.  2.20 ms, Total. 4.391 ms (0.0%)
[Performance] InitializeOnLoad EditorShaderLoader                                                                            :        2 samples, Peak.   662 us (1.1x), Avg.   612 us, Total. 1.223 ms (0.0%)
[Performance] InitializeOnLoad EditorDelegateRegistration                                                                    :        2 samples, Peak.   562 us (1.2x), Avg.   482 us, Total. 964.5 us (0.0%)
[Performance] InitializeOnLoad UIDocumentHierarchyWatcher                                                                    :        2 samples, Peak.  77.2 us (1.0x), Avg.  75.7 us, Total. 151.4 us (0.0%)
[Performance] InitializeOnLoad LiveReloadTrackerCreator                                                                      :        2 samples, Peak.   191 us (1.2x), Avg.   160 us, Total. 319.7 us (0.0%)
[Performance] InitializeOnLoad UxmlObjectEditorFactories                                                                     :        2 samples, Peak.   703 us (1.3x), Avg.   539 us, Total. 1.078 ms (0.0%)
[Performance] InitializeOnLoad UXMLEditorFactories                                                                           :        2 samples, Peak.  63.8 ms (1.0x), Avg.  61.6 ms, Total. 123.1 ms (0.4%)
[Performance] InitializeOnLoad PurchasingService                                                                             :        2 samples, Peak.  6.54 ms (1.0x), Avg.  6.43 ms, Total. 12.86 ms (0.0%)
[Performance] InitializeOnLoad CloudBuildPoller                                                                              :        2 samples, Peak.   113 us (1.0x), Avg.   109 us, Total. 218.8 us (0.0%)
[Performance] InitializeOnLoad EditorGameServicesAnalytics                                                                   :        2 samples, Peak.  1.72 ms (1.6x), Avg.  1.06 ms, Total. 2.120 ms (0.0%)
[Performance] InitializeOnLoad AnalyticsService                                                                              :        2 samples, Peak.   183 us (1.0x), Avg.   182 us, Total. 364.3 us (0.0%)
[Performance] InitializeOnLoad BuildService                                                                                  :        2 samples, Peak.   149 us (1.0x), Avg.   147 us, Total. 294.9 us (0.0%)
[Performance] InitializeOnLoad AdsService                                                                                    :        2 samples, Peak.   393 us (1.0x), Avg.   381 us, Total. 761.8 us (0.0%)
[Performance] InitializeOnLoad UDPService                                                                                    :        2 samples, Peak.   153 us (1.0x), Avg.   151 us, Total. 302.9 us (0.0%)
[Performance] InitializeOnLoad CrashService                                                                                  :        2 samples, Peak.   148 us (1.0x), Avg.   143 us, Total. 286.2 us (0.0%)
[Performance] InitializeOnLoad ServicesRepository                                                                            :        2 samples, Peak.   499 ns (1.1x), Avg.   466 ns, Total. 932.0 ns (0.0%)
[Performance] InitializeOnLoad SearchWindow                                                                                  :        2 samples, Peak.   146 us (1.2x), Avg.   124 us, Total. 248.4 us (0.0%)
[Performance] InitializeOnLoad SearchMonitor                                                                                 :        2 samples, Peak.  2.60 ms (1.1x), Avg.  2.28 ms, Total. 4.557 ms (0.0%)
[Performance] InitializeOnLoad CustomIndexers                                                                                :        2 samples, Peak.  15.9 ms (1.2x), Avg.  13.4 ms, Total. 26.71 ms (0.1%)
[Performance] InitializeOnLoad ParameterControllerEditor                                                                     :        2 samples, Peak.  71.2 us (1.6x), Avg.  44.6 us, Total. 89.14 us (0.0%)
[Performance] InitializeOnLoad LayerSettingsWindow                                                                           :        2 samples, Peak.  51.2 us (1.8x), Avg.  27.9 us, Total. 55.82 us (0.0%)
[Performance] InitializeOnLoad PackageManagerHookGUIDConverter.RegisterPackagesEventHandler                                  :        2 samples, Peak.   741 us (1.7x), Avg.   439 us, Total. 878.7 us (0.0%)
[Performance] InitializeOnLoad EditorDragAndDrop.RegisterEditorClient                                                        :        2 samples, Peak.   552 us (1.5x), Avg.   369 us, Total. 738.5 us (0.0%)
[Performance] InitializeOnLoad EditorEventCallbacks.InitializeFontAssetResourceChangeCallBacks                               :        2 samples, Peak.  1.27 ms (1.1x), Avg.  1.21 ms, Total. 2.423 ms (0.0%)
[Performance] InitializeOnLoad SceneTemplateService.Init                                                                     :        2 samples, Peak.  1.29 ms (1.1x), Avg.  1.19 ms, Total. 2.383 ms (0.0%)
[Performance] InitializeOnLoad DiagnosticSwitchesConsoleMessage.Init                                                         :        2 samples, Peak.  4.47 ms (1.7x), Avg.  2.59 ms, Total. 5.175 ms (0.0%)
[Performance] InitializeOnLoad PackageManagerWindow.EditorInitializedInSafeMode                                              :        2 samples, Peak.  28.2 ms (2.0x), Avg.  14.2 ms, Total. 28.38 ms (0.1%)
[Performance] InitializeOnLoad MemoryProfilerCompilationGuard.InjectCompileGuard                                             :        2 samples, Peak.   148 us (1.1x), Avg.   131 us, Total. 261.0 us (0.0%)
[Performance] InitializeOnLoad AssetPostprocessingInternal.RefreshCustomDependencies                                         :        2 samples, Peak.  2.96 ms (1.1x), Avg.  2.66 ms, Total. 5.312 ms (0.0%)
[Performance] InitializeOnLoad SysrootManager.Initialize                                                                     :        2 samples, Peak.   171 us (1.9x), Avg.  92.4 us, Total. 184.8 us (0.0%)
[Performance] InitializeOnLoad ScopedRegistryAddedPopup.SubscribeToRegistriesAdded                                           :        2 samples, Peak.  8.63 ms (2.0x), Avg.  4.37 ms, Total. 8.732 ms (0.0%)
[Performance] InitializeOnLoad EditorWindow.Initialize                                                                       :        2 samples, Peak.   327 us (1.2x), Avg.   268 us, Total. 535.3 us (0.0%)
[Performance] InitializeOnLoad ToolShortcutContext.Init                                                                      :        2 samples, Peak.   263 us (1.4x), Avg.   190 us, Total. 380.6 us (0.0%)
[Performance] InitializeOnLoad SceneVisibilityManager.Initialize                                                             :        2 samples, Peak.  7.81 ms (1.8x), Avg.  4.37 ms, Total. 8.741 ms (0.0%)
[Performance] AssemblyReloadEvents.afterAssemblyReload: UnityEditor.SceneTemplate.SceneTemplateService.AfterAssemblyReload   :        2 samples, Peak.  3.61 ms (1.9x), Avg.  1.95 ms, Total. 3.896 ms (0.0%)
[Performance] ProcessService.EditorAfterLoadAllAssemblies                                                                    :        2 samples, Peak.   407 us (1.2x), Avg.   330 us, Total. 660.3 us (0.0%)
[Performance] Application.ReadLicenseInfo                                                                                    :        1 samples, Peak.  11.9 ms (1.0x), Avg.  11.9 ms, Total. 11.95 ms (0.0%)
[Performance] Application.InitialRefresh                                                                                     :        1 samples, Peak.  8.53 s (1.0x), Avg.  8.53 s, Total. 8.531 s (29.9%)
[Performance] ShaderImporter.SourceAssetModified                                                                             :       31 samples, Peak.  1.96 us (1.8x), Avg.  1.11 us, Total. 34.42 us (0.0%)
[Performance] ShaderIncludeImporter.SourceAssetModified                                                                      :       31 samples, Peak.  1.54 us (1.5x), Avg.  1.02 us, Total. 31.58 us (0.0%)
[Performance] Compiling Scripts                                                                                              :        1 samples, Peak.  1.86 s (1.0x), Avg.  1.86 s, Total. 1.856 s (6.5%)
[Performance] AssemblyReloadEvents.beforeAssemblyReload: UnityEditor.SceneTemplate.SceneTemplateService.BeforeAssemblyReload :        1 samples, Peak.   492 us (1.0x), Avg.   492 us, Total. 492.5 us (0.0%)
[Performance] PresetManagerPostProcessor.OnPreprocessAsset                                                                   :       30 samples, Peak.  1.17 ms (22.4x), Avg.  52.3 us, Total. 1.570 ms (0.0%)
[Performance] CancelSplashScreenOnAssetChange.OnPreprocessAsset                                                              :       30 samples, Peak.   144 us (17.5x), Avg.  8.27 us, Total. 248.0 us (0.0%)
[Performance] ShaderGraphAssetPostProcessor.OnPreprocessAsset                                                                :       30 samples, Peak.   212 us (14.1x), Avg.  15.1 us, Total. 452.7 us (0.0%)
[Performance] InitializeOnLoad InputSystemUIInputModuleEditor                                                                :        1 samples, Peak.   202 us (1.0x), Avg.   202 us, Total. 202.4 us (0.0%)
[Performance] InitializeOnLoad TouchSimulation                                                                               :        1 samples, Peak.   154 us (1.0x), Avg.   154 us, Total. 153.8 us (0.0%)
[Performance] InitializeOnLoad InputSystem                                                                                   :        1 samples, Peak.  52.7 ms (1.0x), Avg.  52.7 ms, Total. 52.68 ms (0.2%)
[Performance] InitializeOnLoad EnableUITKEditor                                                                              :        1 samples, Peak.  25.7 us (1.0x), Avg.  25.7 us, Total. 25.66 us (0.0%)
[Performance] InitializeOnLoad BurstLoader                                                                                   :        1 samples, Peak.  1.48 s (1.0x), Avg.  1.48 s, Total. 1.481 s (5.2%)
[Performance] InitializeOnLoad ShadowCasterGroup2DManager                                                                    :        1 samples, Peak.   119 us (1.0x), Avg.   119 us, Total. 119.0 us (0.0%)
[Performance] InitializeOnLoad VSUsageUtility                                                                                :        1 samples, Peak.  10.3 ms (1.0x), Avg.  10.3 ms, Total. 10.29 ms (0.0%)
[Performance] InitializeOnLoad FilterWindow                                                                                  :        1 samples, Peak.   112 us (1.0x), Avg.   112 us, Total. 112.1 us (0.0%)
[Performance] InitializeOnLoad RealtimeProbeSubdivisionDebug                                                                 :        1 samples, Peak.   169 us (1.0x), Avg.   169 us, Total. 168.8 us (0.0%)
[Performance] InitializeOnLoad ProbeGIBaking                                                                                 :        1 samples, Peak.  2.45 ms (1.0x), Avg.  2.45 ms, Total. 2.448 ms (0.0%)
[Performance] InitializeOnLoad NodeClassCache                                                                                :        1 samples, Peak.  7.36 us (1.0x), Avg.  7.36 us, Total. 7.362 us (0.0%)
[Performance] InitializeOnLoad ShaderGraphMaterialsUpdater                                                                   :        2 samples, Peak.  3.47 ms (1.9x), Avg.  1.79 ms, Total. 3.586 ms (0.0%)
[Performance] InitializeOnLoad BackgroundWatcher                                                                             :        1 samples, Peak.   955 us (1.0x), Avg.   955 us, Total. 955.2 us (0.0%)
[Performance] InitializeOnLoad UnityTestProtocolStarter                                                                      :        1 samples, Peak.   570 us (1.0x), Avg.   570 us, Total. 570.2 us (0.0%)
[Performance] InitializeOnLoad TestStarter                                                                                   :        1 samples, Peak.   936 us (1.0x), Avg.   936 us, Total. 936.5 us (0.0%)
[Performance] InitializeOnLoad RerunCallbackInitializer                                                                      :        1 samples, Peak.  8.94 ms (1.0x), Avg.  8.94 ms, Total. 8.935 ms (0.0%)
[Performance] InitializeOnLoad VisualStudioEditor                                                                            :        1 samples, Peak.  9.64 ms (1.0x), Avg.  9.64 ms, Total. 9.639 ms (0.0%)
[Performance] InitializeOnLoad VisualStudioIntegration                                                                       :        1 samples, Peak.  6.67 ms (1.0x), Avg.  6.67 ms, Total. 6.668 ms (0.0%)
[Performance] InitializeOnLoad TestRunnerApiListener                                                                         :        1 samples, Peak.   115 us (1.0x), Avg.   115 us, Total. 114.7 us (0.0%)
[Performance] InitializeOnLoad PrefabLayoutRebuilder                                                                         :        1 samples, Peak.   474 us (1.0x), Avg.   474 us, Total. 473.6 us (0.0%)
[Performance] InitializeOnLoad RiderScriptEditor                                                                             :        1 samples, Peak.  3.95 ms (1.0x), Avg.  3.95 ms, Total. 3.948 ms (0.0%)
[Performance] InitializeOnLoad CallbackInitializer                                                                           :        1 samples, Peak.  3.20 ms (1.0x), Avg.  3.20 ms, Total. 3.203 ms (0.0%)
[Performance] InitializeOnLoad PlasticPlugin                                                                                 :        1 samples, Peak.  96.9 ms (1.0x), Avg.  96.9 ms, Total. 96.88 ms (0.3%)
[Performance] InitializeOnLoad ToolbarBootstrap                                                                              :        1 samples, Peak.  8.93 ms (1.0x), Avg.  8.93 ms, Total. 8.927 ms (0.0%)
[Performance] InitializeOnLoad VSCodeScriptEditor                                                                            :        1 samples, Peak.  3.21 ms (1.0x), Avg.  3.21 ms, Total. 3.215 ms (0.0%)
[Performance] InitializeOnLoad Renderer2DAnalytics                                                                           :        1 samples, Peak.   121 us (1.0x), Avg.   121 us, Total. 120.9 us (0.0%)
[Performance] InitializeOnLoad EditorToolManager                                                                             :        1 samples, Peak.  2.73 ms (1.0x), Avg.  2.73 ms, Total. 2.727 ms (0.0%)
[Performance] InitializeOnLoad MaterialReimporter.RegisterUpgraderReimport                                                   :        2 samples, Peak.   222 us (1.8x), Avg.   127 us, Total. 253.0 us (0.0%)
[Performance] InitializeOnLoad FluidPressureMsg.Register                                                                     :        1 samples, Peak.   699 us (1.0x), Avg.   699 us, Total. 698.8 us (0.0%)
[Performance] InitializeOnLoad MeshMsg.Register                                                                              :        1 samples, Peak.  81.4 us (1.0x), Avg.  81.4 us, Total. 81.39 us (0.0%)
[Performance] InitializeOnLoad ImuMsg.Register                                                                               :        1 samples, Peak.  62.2 us (1.0x), Avg.  62.2 us, Total. 62.20 us (0.0%)
[Performance] InitializeOnLoad JointTrajectoryPointMsg.Register                                                              :        1 samples, Peak.  78.8 us (1.0x), Avg.  78.8 us, Total. 78.78 us (0.0%)
[Performance] InitializeOnLoad DiagnosticArrayMsg.Register                                                                   :        1 samples, Peak.  61.8 us (1.0x), Avg.  61.8 us, Total. 61.80 us (0.0%)
[Performance] InitializeOnLoad WrenchMsg.Register                                                                            :        1 samples, Peak.  59.1 us (1.0x), Avg.  59.1 us, Total. 59.07 us (0.0%)
[Performance] InitializeOnLoad Int32MultiArrayMsg.Register                                                                   :        1 samples, Peak.  77.4 us (1.0x), Avg.  77.4 us, Total. 77.39 us (0.0%)
[Performance] InitializeOnLoad PoseWithCovarianceMsg.Register                                                                :        1 samples, Peak.  67.9 us (1.0x), Avg.  67.9 us, Total. 67.89 us (0.0%)
[Performance] InitializeOnLoad UInt16MultiArrayMsg.Register                                                                  :        1 samples, Peak.  61.3 us (1.0x), Avg.  61.3 us, Total. 61.34 us (0.0%)
[Performance] InitializeOnLoad GetObjectInformationRequest.Register                                                          :        1 samples, Peak.  63.7 us (1.0x), Avg.  63.7 us, Total. 63.72 us (0.0%)
[Performance] InitializeOnLoad DurationMsg.Register                                                                          :        1 samples, Peak.  60.2 us (1.0x), Avg.  60.2 us, Total. 60.25 us (0.0%)
[Performance] InitializeOnLoad Vector3StampedMsg.Register                                                                    :        1 samples, Peak.  57.9 us (1.0x), Avg.  57.9 us, Total. 57.85 us (0.0%)
[Performance] InitializeOnLoad MagneticFieldMsg.Register                                                                     :        1 samples, Peak.  58.2 us (1.0x), Avg.  58.2 us, Total. 58.18 us (0.0%)
[Performance] InitializeOnLoad OdometryMsg.Register                                                                          :        1 samples, Peak.  57.1 us (1.0x), Avg.  57.1 us, Total. 57.08 us (0.0%)
[Performance] InitializeOnLoad Pose2DMsg.Register                                                                            :        1 samples, Peak.  54.3 us (1.0x), Avg.  54.3 us, Total. 54.27 us (0.0%)
[Performance] InitializeOnLoad PoseArrayMsg.Register                                                                         :        1 samples, Peak.  62.4 us (1.0x), Avg.  62.4 us, Total. 62.40 us (0.0%)
[Performance] InitializeOnLoad Point32Msg.Register                                                                           :        1 samples, Peak.  64.4 us (1.0x), Avg.  64.4 us, Total. 64.39 us (0.0%)
[Performance] InitializeOnLoad TransformMsg.Register                                                                         :        1 samples, Peak.  57.7 us (1.0x), Avg.  57.7 us, Total. 57.68 us (0.0%)
[Performance] InitializeOnLoad WrenchStampedMsg.Register                                                                     :        1 samples, Peak.  60.1 us (1.0x), Avg.  60.1 us, Total. 60.06 us (0.0%)
[Performance] InitializeOnLoad RecognizedObjectMsg.Register                                                                  :        1 samples, Peak.  64.4 us (1.0x), Avg.  64.4 us, Total. 64.38 us (0.0%)
[Performance] InitializeOnLoad InteractiveMarkerUpdateMsg.Register                                                           :        1 samples, Peak.   185 us (1.0x), Avg.   185 us, Total. 184.9 us (0.0%)
[Performance] InitializeOnLoad Int64MultiArrayMsg.Register                                                                   :        1 samples, Peak.  65.3 us (1.0x), Avg.  65.3 us, Total. 65.35 us (0.0%)
[Performance] InitializeOnLoad Float32MultiArrayMsg.Register                                                                 :        1 samples, Peak.  59.1 us (1.0x), Avg.  59.1 us, Total. 59.12 us (0.0%)
[Performance] InitializeOnLoad GetInteractiveMarkersResponse.Register                                                        :        1 samples, Peak.  69.6 us (1.0x), Avg.  69.6 us, Total. 69.62 us (0.0%)
[Performance] InitializeOnLoad Int16Msg.Register                                                                             :        1 samples, Peak.  56.2 us (1.0x), Avg.  56.2 us, Total. 56.21 us (0.0%)
[Performance] InitializeOnLoad HeaderMsg.Register                                                                            :        1 samples, Peak.  57.4 us (1.0x), Avg.  57.4 us, Total. 57.41 us (0.0%)
[Performance] InitializeOnLoad ImageMarkerMsg.Register                                                                       :        1 samples, Peak.  54.8 us (1.0x), Avg.  54.8 us, Total. 54.80 us (0.0%)
[Performance] InitializeOnLoad IlluminanceMsg.Register                                                                       :        1 samples, Peak.  54.8 us (1.0x), Avg.  54.8 us, Total. 54.76 us (0.0%)
[Performance] InitializeOnLoad LaserEchoMsg.Register                                                                         :        1 samples, Peak.  50.4 us (1.0x), Avg.  50.4 us, Total. 50.35 us (0.0%)
[Performance] InitializeOnLoad GetObjectInformationResponse.Register                                                         :        1 samples, Peak.  51.6 us (1.0x), Avg.  51.6 us, Total. 51.55 us (0.0%)
[Performance] InitializeOnLoad QuaternionStampedMsg.Register                                                                 :        1 samples, Peak.  58.1 us (1.0x), Avg.  58.1 us, Total. 58.11 us (0.0%)
[Performance] InitializeOnLoad SetMapRequest.Register                                                                        :        1 samples, Peak.  56.5 us (1.0x), Avg.  56.5 us, Total. 56.48 us (0.0%)
[Performance] InitializeOnLoad GoalIDMsg.Register                                                                            :        1 samples, Peak.  52.4 us (1.0x), Avg.  52.4 us, Total. 52.36 us (0.0%)
[Performance] InitializeOnLoad InteractiveMarkerFeedbackMsg.Register                                                         :        1 samples, Peak.  55.1 us (1.0x), Avg.  55.1 us, Total. 55.14 us (0.0%)
[Performance] InitializeOnLoad TwistWithCovarianceStampedMsg.Register                                                        :        1 samples, Peak.  61.5 us (1.0x), Avg.  61.5 us, Total. 61.52 us (0.0%)
[Performance] InitializeOnLoad UInt32Msg.Register                                                                            :        1 samples, Peak.  56.7 us (1.0x), Avg.  56.7 us, Total. 56.71 us (0.0%)
[Performance] InitializeOnLoad RelativeHumidityMsg.Register                                                                  :        1 samples, Peak.  58.8 us (1.0x), Avg.  58.8 us, Total. 58.78 us (0.0%)
[Performance] InitializeOnLoad AddDiagnosticsRequest.Register                                                                :        1 samples, Peak.  53.7 us (1.0x), Avg.  53.7 us, Total. 53.72 us (0.0%)
[Performance] InitializeOnLoad LookupTransformResult.Register                                                                :        1 samples, Peak.  58.3 us (1.0x), Avg.  58.3 us, Total. 58.34 us (0.0%)
[Performance] InitializeOnLoad AccelWithCovarianceStampedMsg.Register                                                        :        1 samples, Peak.  58.3 us (1.0x), Avg.  58.3 us, Total. 58.29 us (0.0%)
[Performance] InitializeOnLoad UInt64Msg.Register                                                                            :        1 samples, Peak.  74.7 us (1.0x), Avg.  74.7 us, Total. 74.72 us (0.0%)
[Performance] InitializeOnLoad DisparityImageMsg.Register                                                                    :        1 samples, Peak.  58.9 us (1.0x), Avg.  58.9 us, Total. 58.87 us (0.0%)
[Performance] InitializeOnLoad ObjectInformationMsg.Register                                                                 :        1 samples, Peak.  55.8 us (1.0x), Avg.  55.8 us, Total. 55.82 us (0.0%)
[Performance] InitializeOnLoad TwistMsg.Register                                                                             :        1 samples, Peak.  53.4 us (1.0x), Avg.  53.4 us, Total. 53.45 us (0.0%)
[Performance] InitializeOnLoad ObjectTypeMsg.Register                                                                        :        1 samples, Peak.  50.5 us (1.0x), Avg.  50.5 us, Total. 50.49 us (0.0%)
[Performance] InitializeOnLoad NavSatFixMsg.Register                                                                         :        1 samples, Peak.  52.8 us (1.0x), Avg.  52.8 us, Total. 52.77 us (0.0%)
[Performance] InitializeOnLoad CharMsg.Register                                                                              :        1 samples, Peak.  49.8 us (1.0x), Avg.  49.8 us, Total. 49.83 us (0.0%)
[Performance] InitializeOnLoad UInt64MultiArrayMsg.Register                                                                  :        1 samples, Peak.  66.3 us (1.0x), Avg.  66.3 us, Total. 66.26 us (0.0%)
[Performance] InitializeOnLoad MarkerArrayMsg.Register                                                                       :        1 samples, Peak.  53.2 us (1.0x), Avg.  53.2 us, Total. 53.18 us (0.0%)
[Performance] InitializeOnLoad GetMapFeedback.Register                                                                       :        1 samples, Peak.  60.8 us (1.0x), Avg.  60.8 us, Total. 60.78 us (0.0%)
[Performance] InitializeOnLoad JointStateMsg.Register                                                                        :        1 samples, Peak.  66.2 us (1.0x), Avg.  66.2 us, Total. 66.19 us (0.0%)
[Performance] InitializeOnLoad BoundingBoxQueryRequest.Register                                                              :        1 samples, Peak.  71.9 us (1.0x), Avg.  71.9 us, Total. 71.90 us (0.0%)
[Performance] InitializeOnLoad ObjectRecognitionResult.Register                                                              :        1 samples, Peak.  55.5 us (1.0x), Avg.  55.5 us, Total. 55.51 us (0.0%)
[Performance] InitializeOnLoad TemperatureMsg.Register                                                                       :        1 samples, Peak.  51.3 us (1.0x), Avg.  51.3 us, Total. 51.32 us (0.0%)
[Performance] InitializeOnLoad Vector3Msg.Register                                                                           :        1 samples, Peak.  52.5 us (1.0x), Avg.  52.5 us, Total. 52.54 us (0.0%)
[Performance] InitializeOnLoad SetBoolResponse.Register                                                                      :        1 samples, Peak.  52.3 us (1.0x), Avg.  52.3 us, Total. 52.30 us (0.0%)
[Performance] InitializeOnLoad FrameGraphRequest.Register                                                                    :        1 samples, Peak.  61.1 us (1.0x), Avg.  61.1 us, Total. 61.12 us (0.0%)
[Performance] InitializeOnLoad UInt16Msg.Register                                                                            :        1 samples, Peak.  52.6 us (1.0x), Avg.  52.6 us, Total. 52.58 us (0.0%)
[Performance] InitializeOnLoad UInt8MultiArrayMsg.Register                                                                   :        1 samples, Peak.  51.3 us (1.0x), Avg.  51.3 us, Total. 51.27 us (0.0%)
[Performance] InitializeOnLoad ChannelFloat32Msg.Register                                                                    :        1 samples, Peak.  53.3 us (1.0x), Avg.  53.3 us, Total. 53.27 us (0.0%)
[Performance] InitializeOnLoad GoalStatusMsg.Register                                                                        :        1 samples, Peak.  53.4 us (1.0x), Avg.  53.4 us, Total. 53.45 us (0.0%)
[Performance] InitializeOnLoad SetCameraInfoResponse.Register                                                                :        1 samples, Peak.  56.9 us (1.0x), Avg.  56.9 us, Total. 56.86 us (0.0%)
[Performance] InitializeOnLoad ImageMsg.Register                                                                             :        1 samples, Peak.  52.3 us (1.0x), Avg.  52.3 us, Total. 52.26 us (0.0%)
[Performance] InitializeOnLoad LogMsg.Register                                                                               :        1 samples, Peak.  55.9 us (1.0x), Avg.  55.9 us, Total. 55.87 us (0.0%)
[Performance] InitializeOnLoad PoseStampedMsg.Register                                                                       :        1 samples, Peak.  49.5 us (1.0x), Avg.  49.5 us, Total. 49.47 us (0.0%)
[Performance] InitializeOnLoad ObjectRecognitionFeedback.Register                                                            :        1 samples, Peak.  59.7 us (1.0x), Avg.  59.7 us, Total. 59.66 us (0.0%)
[Performance] InitializeOnLoad TF2ErrorMsg.Register                                                                          :        1 samples, Peak.  55.0 us (1.0x), Avg.  55.0 us, Total. 55.02 us (0.0%)
[Performance] InitializeOnLoad ByteMultiArrayMsg.Register                                                                    :        1 samples, Peak.  52.7 us (1.0x), Avg.  52.7 us, Total. 52.69 us (0.0%)
[Performance] InitializeOnLoad PlaneMsg.Register                                                                             :        1 samples, Peak.   122 us (1.0x), Avg.   122 us, Total. 122.1 us (0.0%)
[Performance] InitializeOnLoad MapMetaDataMsg.Register                                                                       :        1 samples, Peak.  56.9 us (1.0x), Avg.  56.9 us, Total. 56.87 us (0.0%)
[Performance] InitializeOnLoad TwistStampedMsg.Register                                                                      :        1 samples, Peak.  64.8 us (1.0x), Avg.  64.8 us, Total. 64.78 us (0.0%)
[Performance] InitializeOnLoad GetMapResponse.Register                                                                       :        1 samples, Peak.  59.5 us (1.0x), Avg.  59.5 us, Total. 59.55 us (0.0%)
[Performance] InitializeOnLoad Float32Msg.Register                                                                           :        1 samples, Peak.  48.6 us (1.0x), Avg.  48.6 us, Total. 48.63 us (0.0%)
[Performance] InitializeOnLoad PointFieldMsg.Register                                                                        :        1 samples, Peak.  51.4 us (1.0x), Avg.  51.4 us, Total. 51.37 us (0.0%)
[Performance] InitializeOnLoad PointMsg.Register                                                                             :        1 samples, Peak.  53.8 us (1.0x), Avg.  53.8 us, Total. 53.77 us (0.0%)
[Performance] InitializeOnLoad Int16MultiArrayMsg.Register                                                                   :        1 samples, Peak.  50.3 us (1.0x), Avg.  50.3 us, Total. 50.31 us (0.0%)
[Performance] InitializeOnLoad PointStampedMsg.Register                                                                      :        1 samples, Peak.  48.7 us (1.0x), Avg.  48.7 us, Total. 48.67 us (0.0%)
[Performance] InitializeOnLoad Float64MultiArrayMsg.Register                                                                 :        1 samples, Peak.  50.4 us (1.0x), Avg.  50.4 us, Total. 50.36 us (0.0%)
[Performance] InitializeOnLoad SetMapResponse.Register                                                                       :        1 samples, Peak.  64.6 us (1.0x), Avg.  64.6 us, Total. 64.61 us (0.0%)
[Performance] InitializeOnLoad TwistWithCovarianceMsg.Register                                                               :        1 samples, Peak.  50.5 us (1.0x), Avg.  50.5 us, Total. 50.49 us (0.0%)
[Performance] InitializeOnLoad Int8MultiArrayMsg.Register                                                                    :        1 samples, Peak.  51.6 us (1.0x), Avg.  51.6 us, Total. 51.56 us (0.0%)
[Performance] InitializeOnLoad Float64Msg.Register                                                                           :        1 samples, Peak.   123 us (1.0x), Avg.   123 us, Total. 122.9 us (0.0%)
[Performance] InitializeOnLoad TopicStatisticsMsg.Register                                                                   :        1 samples, Peak.  62.3 us (1.0x), Avg.  62.3 us, Total. 62.27 us (0.0%)
[Performance] InitializeOnLoad GetOctomapResponse.Register                                                                   :        1 samples, Peak.  56.9 us (1.0x), Avg.  56.9 us, Total. 56.89 us (0.0%)
[Performance] InitializeOnLoad GridCellsMsg.Register                                                                         :        1 samples, Peak.  51.1 us (1.0x), Avg.  51.1 us, Total. 51.13 us (0.0%)
[Performance] InitializeOnLoad EmptyRequest.Register                                                                         :        1 samples, Peak.  52.9 us (1.0x), Avg.  52.9 us, Total. 52.92 us (0.0%)
[Performance] InitializeOnLoad LookupTransformFeedback.Register                                                              :        1 samples, Peak.  55.0 us (1.0x), Avg.  55.0 us, Total. 55.03 us (0.0%)
[Performance] InitializeOnLoad SolidPrimitiveMsg.Register                                                                    :        1 samples, Peak.  49.7 us (1.0x), Avg.  49.7 us, Total. 49.70 us (0.0%)
[Performance] InitializeOnLoad Int64Msg.Register                                                                             :        1 samples, Peak.  54.9 us (1.0x), Avg.  54.9 us, Total. 54.86 us (0.0%)
[Performance] InitializeOnLoad PointCloudMsg.Register                                                                        :        1 samples, Peak.  57.9 us (1.0x), Avg.  57.9 us, Total. 57.85 us (0.0%)
[Performance] InitializeOnLoad GetInteractiveMarkersRequest.Register                                                         :        1 samples, Peak.  56.6 us (1.0x), Avg.  56.6 us, Total. 56.55 us (0.0%)
[Performance] InitializeOnLoad JoyFeedbackMsg.Register                                                                       :        1 samples, Peak.  48.2 us (1.0x), Avg.  48.2 us, Total. 48.22 us (0.0%)
[Performance] InitializeOnLoad GetMapResult.Register                                                                         :        1 samples, Peak.  49.2 us (1.0x), Avg.  49.2 us, Total. 49.24 us (0.0%)
[Performance] InitializeOnLoad Int8Msg.Register                                                                              :        1 samples, Peak.  51.0 us (1.0x), Avg.  51.0 us, Total. 51.04 us (0.0%)
[Performance] InitializeOnLoad MarkerMsg.Register                                                                            :        1 samples, Peak.  50.8 us (1.0x), Avg.  50.8 us, Total. 50.81 us (0.0%)
[Performance] InitializeOnLoad ByteMsg.Register                                                                              :        1 samples, Peak.  68.1 us (1.0x), Avg.  68.1 us, Total. 68.10 us (0.0%)
[Performance] InitializeOnLoad DiagnosticStatusMsg.Register                                                                  :        1 samples, Peak.  60.7 us (1.0x), Avg.  60.7 us, Total. 60.66 us (0.0%)
[Performance] InitializeOnLoad GetMapRequest.Register                                                                        :        1 samples, Peak.  49.5 us (1.0x), Avg.  49.5 us, Total. 49.53 us (0.0%)
[Performance] InitializeOnLoad GetPlanRequest.Register                                                                       :        1 samples, Peak.  53.4 us (1.0x), Avg.  53.4 us, Total. 53.40 us (0.0%)
[Performance] InitializeOnLoad PointCloud2Msg.Register                                                                       :        1 samples, Peak.  59.8 us (1.0x), Avg.  59.8 us, Total. 59.82 us (0.0%)
[Performance] InitializeOnLoad MultiArrayDimensionMsg.Register                                                               :        1 samples, Peak.  70.1 us (1.0x), Avg.  70.1 us, Total. 70.12 us (0.0%)
[Performance] InitializeOnLoad TimeMsg.Register                                                                              :        1 samples, Peak.  50.5 us (1.0x), Avg.  50.5 us, Total. 50.49 us (0.0%)
[Performance] InitializeOnLoad EmptyResponse.Register                                                                        :        1 samples, Peak.  54.4 us (1.0x), Avg.  54.4 us, Total. 54.37 us (0.0%)
[Performance] InitializeOnLoad PolygonMsg.Register                                                                           :        1 samples, Peak.  67.8 us (1.0x), Avg.  67.8 us, Total. 67.85 us (0.0%)
[Performance] InitializeOnLoad BoundingBoxQueryResponse.Register                                                             :        1 samples, Peak.  56.1 us (1.0x), Avg.  56.1 us, Total. 56.12 us (0.0%)
[Performance] InitializeOnLoad Int32Msg.Register                                                                             :        1 samples, Peak.  57.1 us (1.0x), Avg.  57.1 us, Total. 57.08 us (0.0%)
[Performance] InitializeOnLoad TriggerResponse.Register                                                                      :        1 samples, Peak.  69.2 us (1.0x), Avg.  69.2 us, Total. 69.23 us (0.0%)
[Performance] InitializeOnLoad InteractiveMarkerInitMsg.Register                                                             :        1 samples, Peak.  52.8 us (1.0x), Avg.  52.8 us, Total. 52.80 us (0.0%)
[Performance] InitializeOnLoad LookupTransformGoal.Register                                                                  :        1 samples, Peak.  60.0 us (1.0x), Avg.  60.0 us, Total. 60.02 us (0.0%)
[Performance] InitializeOnLoad SetCameraInfoRequest.Register                                                                 :        1 samples, Peak.  52.8 us (1.0x), Avg.  52.8 us, Total. 52.78 us (0.0%)
[Performance] InitializeOnLoad SelfTestResponse.Register                                                                     :        1 samples, Peak.  65.4 us (1.0x), Avg.  65.4 us, Total. 65.42 us (0.0%)
[Performance] InitializeOnLoad AccelWithCovarianceMsg.Register                                                               :        1 samples, Peak.  61.2 us (1.0x), Avg.  61.2 us, Total. 61.19 us (0.0%)
[Performance] InitializeOnLoad TableMsg.Register                                                                             :        1 samples, Peak.  56.7 us (1.0x), Avg.  56.7 us, Total. 56.71 us (0.0%)
[Performance] InitializeOnLoad MultiDOFJointTrajectoryPointMsg.Register                                                      :        1 samples, Peak.  55.2 us (1.0x), Avg.  55.2 us, Total. 55.16 us (0.0%)
[Performance] InitializeOnLoad MultiDOFJointStateMsg.Register                                                                :        1 samples, Peak.  53.8 us (1.0x), Avg.  53.8 us, Total. 53.82 us (0.0%)
[Performance] InitializeOnLoad JoyMsg.Register                                                                               :        1 samples, Peak.  51.5 us (1.0x), Avg.  51.5 us, Total. 51.50 us (0.0%)
[Performance] InitializeOnLoad PathMsg.Register                                                                              :        1 samples, Peak.  55.5 us (1.0x), Avg.  55.5 us, Total. 55.54 us (0.0%)
[Performance] InitializeOnLoad BoolMsg.Register                                                                              :        1 samples, Peak.  48.0 us (1.0x), Avg.  48.0 us, Total. 47.96 us (0.0%)
[Performance] InitializeOnLoad RangeMsg.Register                                                                             :        1 samples, Peak.  48.2 us (1.0x), Avg.  48.2 us, Total. 48.16 us (0.0%)
[Performance] InitializeOnLoad PoseWithCovarianceStampedMsg.Register                                                         :        1 samples, Peak.  57.1 us (1.0x), Avg.  57.1 us, Total. 57.09 us (0.0%)
[Performance] InitializeOnLoad MenuEntryMsg.Register                                                                         :        1 samples, Peak.  63.0 us (1.0x), Avg.  63.0 us, Total. 63.05 us (0.0%)
[Performance] InitializeOnLoad UInt8Msg.Register                                                                             :        1 samples, Peak.  54.2 us (1.0x), Avg.  54.2 us, Total. 54.22 us (0.0%)
[Performance] InitializeOnLoad CompressedImageMsg.Register                                                                   :        1 samples, Peak.  64.2 us (1.0x), Avg.  64.2 us, Total. 64.21 us (0.0%)
[Performance] InitializeOnLoad AccelStampedMsg.Register                                                                      :        1 samples, Peak.  54.0 us (1.0x), Avg.  54.0 us, Total. 53.98 us (0.0%)
[Performance] InitializeOnLoad GetOctomapRequest.Register                                                                    :        1 samples, Peak.  50.2 us (1.0x), Avg.  50.2 us, Total. 50.21 us (0.0%)
[Performance] InitializeOnLoad PolygonStampedMsg.Register                                                                    :        1 samples, Peak.  52.2 us (1.0x), Avg.  52.2 us, Total. 52.21 us (0.0%)
[Performance] InitializeOnLoad NavSatStatusMsg.Register                                                                      :        1 samples, Peak.  54.0 us (1.0x), Avg.  54.0 us, Total. 53.95 us (0.0%)
[Performance] InitializeOnLoad OccupancyGridMsg.Register                                                                     :        1 samples, Peak.  61.7 us (1.0x), Avg.  61.7 us, Total. 61.69 us (0.0%)
[Performance] InitializeOnLoad KeyValueMsg.Register                                                                          :        1 samples, Peak.  66.1 us (1.0x), Avg.  66.1 us, Total. 66.07 us (0.0%)
[Performance] InitializeOnLoad AddDiagnosticsResponse.Register                                                               :        1 samples, Peak.  53.8 us (1.0x), Avg.  53.8 us, Total. 53.78 us (0.0%)
[Performance] InitializeOnLoad SetBoolRequest.Register                                                                       :        1 samples, Peak.  58.2 us (1.0x), Avg.  58.2 us, Total. 58.21 us (0.0%)
[Performance] InitializeOnLoad OctomapMsg.Register                                                                           :        1 samples, Peak.  52.3 us (1.0x), Avg.  52.3 us, Total. 52.28 us (0.0%)
[Performance] InitializeOnLoad InteractiveMarkerMsg.Register                                                                 :        1 samples, Peak.  53.4 us (1.0x), Avg.  53.4 us, Total. 53.38 us (0.0%)
[Performance] InitializeOnLoad GetMapGoal.Register                                                                           :        1 samples, Peak.  50.1 us (1.0x), Avg.  50.1 us, Total. 50.05 us (0.0%)
[Performance] InitializeOnLoad EmptyMsg.Register                                                                             :        1 samples, Peak.  51.7 us (1.0x), Avg.  51.7 us, Total. 51.70 us (0.0%)
[Performance] InitializeOnLoad BatteryStateMsg.Register                                                                      :        1 samples, Peak.  54.2 us (1.0x), Avg.  54.2 us, Total. 54.16 us (0.0%)
[Performance] InitializeOnLoad MultiEchoLaserScanMsg.Register                                                                :        1 samples, Peak.  53.8 us (1.0x), Avg.  53.8 us, Total. 53.83 us (0.0%)
[Performance] InitializeOnLoad RegionOfInterestMsg.Register                                                                  :        1 samples, Peak.  54.6 us (1.0x), Avg.  54.6 us, Total. 54.60 us (0.0%)
[Performance] InitializeOnLoad InertiaMsg.Register                                                                           :        1 samples, Peak.  54.2 us (1.0x), Avg.  54.2 us, Total. 54.19 us (0.0%)
[Performance] InitializeOnLoad JoyFeedbackArrayMsg.Register                                                                  :        1 samples, Peak.  52.0 us (1.0x), Avg.  52.0 us, Total. 52.03 us (0.0%)
[Performance] InitializeOnLoad InertiaStampedMsg.Register                                                                    :        1 samples, Peak.  53.5 us (1.0x), Avg.  53.5 us, Total. 53.45 us (0.0%)
[Performance] InitializeOnLoad QuaternionMsg.Register                                                                        :        1 samples, Peak.   121 us (1.0x), Avg.   121 us, Total. 121.5 us (0.0%)
[Performance] InitializeOnLoad FrameGraphResponse.Register                                                                   :        1 samples, Peak.  59.5 us (1.0x), Avg.  59.5 us, Total. 59.49 us (0.0%)
[Performance] InitializeOnLoad JointTrajectoryMsg.Register                                                                   :        1 samples, Peak.  50.8 us (1.0x), Avg.  50.8 us, Total. 50.78 us (0.0%)
[Performance] InitializeOnLoad LoadMapResponse.Register                                                                      :        1 samples, Peak.  54.9 us (1.0x), Avg.  54.9 us, Total. 54.86 us (0.0%)
[Performance] InitializeOnLoad MultiArrayLayoutMsg.Register                                                                  :        1 samples, Peak.  54.7 us (1.0x), Avg.  54.7 us, Total. 54.71 us (0.0%)
[Performance] InitializeOnLoad AccelMsg.Register                                                                             :        1 samples, Peak.  51.2 us (1.0x), Avg.  51.2 us, Total. 51.17 us (0.0%)
[Performance] InitializeOnLoad LoadMapRequest.Register                                                                       :        1 samples, Peak.  53.4 us (1.0x), Avg.  53.4 us, Total. 53.41 us (0.0%)
[Performance] InitializeOnLoad GetPlanResponse.Register                                                                      :        1 samples, Peak.  56.7 us (1.0x), Avg.  56.7 us, Total. 56.70 us (0.0%)
[Performance] InitializeOnLoad StringMsg.Register                                                                            :        1 samples, Peak.  69.8 us (1.0x), Avg.  69.8 us, Total. 69.76 us (0.0%)
[Performance] InitializeOnLoad SelfTestRequest.Register                                                                      :        1 samples, Peak.  53.6 us (1.0x), Avg.  53.6 us, Total. 53.57 us (0.0%)
[Performance] InitializeOnLoad PoseMsg.Register                                                                              :        1 samples, Peak.  54.3 us (1.0x), Avg.  54.3 us, Total. 54.25 us (0.0%)
[Performance] InitializeOnLoad RecognizedObjectArrayMsg.Register                                                             :        1 samples, Peak.  54.4 us (1.0x), Avg.  54.4 us, Total. 54.43 us (0.0%)
[Performance] InitializeOnLoad InteractiveMarkerControlMsg.Register                                                          :        1 samples, Peak.  62.8 us (1.0x), Avg.  62.8 us, Total. 62.84 us (0.0%)
[Performance] InitializeOnLoad UInt32MultiArrayMsg.Register                                                                  :        1 samples, Peak.  53.0 us (1.0x), Avg.  53.0 us, Total. 52.95 us (0.0%)
[Performance] InitializeOnLoad TableArrayMsg.Register                                                                        :        1 samples, Peak.  58.9 us (1.0x), Avg.  58.9 us, Total. 58.87 us (0.0%)
[Performance] InitializeOnLoad ClockMsg.Register                                                                             :        1 samples, Peak.  58.6 us (1.0x), Avg.  58.6 us, Total. 58.55 us (0.0%)
[Performance] InitializeOnLoad MeshTriangleMsg.Register                                                                      :        1 samples, Peak.  56.4 us (1.0x), Avg.  56.4 us, Total. 56.40 us (0.0%)
[Performance] InitializeOnLoad ObjectRecognitionGoal.Register                                                                :        1 samples, Peak.   123 us (1.0x), Avg.   123 us, Total. 122.9 us (0.0%)
[Performance] InitializeOnLoad CameraInfoMsg.Register                                                                        :        1 samples, Peak.  57.2 us (1.0x), Avg.  57.2 us, Total. 57.20 us (0.0%)
[Performance] InitializeOnLoad ColorRGBAMsg.Register                                                                         :        1 samples, Peak.  53.8 us (1.0x), Avg.  53.8 us, Total. 53.76 us (0.0%)
[Performance] InitializeOnLoad LaserScanMsg.Register                                                                         :        1 samples, Peak.   120 us (1.0x), Avg.   120 us, Total. 119.8 us (0.0%)
[Performance] InitializeOnLoad InteractiveMarkerPoseMsg.Register                                                             :        1 samples, Peak.   178 us (1.0x), Avg.   178 us, Total. 178.2 us (0.0%)
[Performance] InitializeOnLoad OctomapWithPoseMsg.Register                                                                   :        1 samples, Peak.  60.0 us (1.0x), Avg.  60.0 us, Total. 60.00 us (0.0%)
[Performance] InitializeOnLoad TransformStampedMsg.Register                                                                  :        1 samples, Peak.  57.3 us (1.0x), Avg.  57.3 us, Total. 57.25 us (0.0%)
[Performance] InitializeOnLoad TimeReferenceMsg.Register                                                                     :        1 samples, Peak.  54.5 us (1.0x), Avg.  54.5 us, Total. 54.48 us (0.0%)
[Performance] InitializeOnLoad TFMessageMsg.Register                                                                         :        1 samples, Peak.  57.8 us (1.0x), Avg.  57.8 us, Total. 57.83 us (0.0%)
[Performance] InitializeOnLoad MultiDOFJointTrajectoryMsg.Register                                                           :        1 samples, Peak.   130 us (1.0x), Avg.   130 us, Total. 130.3 us (0.0%)
[Performance] InitializeOnLoad TriggerRequest.Register                                                                       :        1 samples, Peak.  61.5 us (1.0x), Avg.  61.5 us, Total. 61.54 us (0.0%)
[Performance] InitializeOnLoad GoalStatusArrayMsg.Register                                                                   :        1 samples, Peak.  63.4 us (1.0x), Avg.  63.4 us, Total. 63.41 us (0.0%)
[Performance] InitializeOnLoad SysrootPackage.IssueWarningIfLinuxIL2CPPNotPresent                                            :        1 samples, Peak.   122 us (1.0x), Avg.   122 us, Total. 121.7 us (0.0%)
[Performance] InitializeOnLoad RosEditorAnalytics.InitializerMethod                                                          :        1 samples, Peak.   493 us (1.0x), Avg.   493 us, Total. 492.7 us (0.0%)
[Performance] InitializeOnLoad InputSystemPluginControl.CheckForExtension                                                    :        1 samples, Peak.  1.79 ms (1.0x), Avg.  1.79 ms, Total. 1.792 ms (0.0%)
[Performance] InitializeOnLoad InputSystemPackageControl.SubscribePackageManagerEvent                                        :        1 samples, Peak.  86.3 us (1.0x), Avg.  86.3 us, Total. 86.27 us (0.0%)
[Performance] InitializeOnLoad TestJobDataHolder.ResumeRunningJobs                                                           :        1 samples, Peak.  3.10 ms (1.0x), Avg.  3.10 ms, Total. 3.097 ms (0.0%)
[Performance] InitializeOnLoad AnalyticsReporter.RegisterCallbacks                                                           :        1 samples, Peak.  2.02 ms (1.0x), Avg.  2.02 ms, Total. 2.020 ms (0.0%)
[Performance] InitializeOnLoad DebugManagerWindowLifetimeAnalytic.SubscribeToDebugManagerOpenCloseWindows                    :        1 samples, Peak.   994 us (1.0x), Avg.   994 us, Total. 994.1 us (0.0%)
[Performance] InitializeOnLoad CoreRenderPipelinePreferences.InitPreferenceProviders                                         :        1 samples, Peak.  37.7 ms (1.0x), Avg.  37.7 ms, Total. 37.70 ms (0.1%)
[Performance] InitializeOnLoad VolumeGizmoDrawer.InitVolumeGizmoCallbacks                                                    :        1 samples, Peak.   413 us (1.0x), Avg.   413 us, Total. 412.6 us (0.0%)
[Performance] InitializeOnLoad HudPanel.InitializeOnLoad                                                                     :        1 samples, Peak.   604 us (1.0x), Avg.   604 us, Total. 604.1 us (0.0%)
[Performance] InitializeOnLoad VisualStudioEditor.LegacyVisualStudioCodePackageDisabler                                      :        1 samples, Peak.  3.36 ms (1.0x), Avg.  3.36 ms, Total. 3.359 ms (0.0%)
[Performance] DidReloadScriptsAdvancedDropdownWindow.OnScriptReload                                                          :        2 samples, Peak.   376 us (1.2x), Avg.   307 us, Total. 614.3 us (0.0%)
[Performance] DidReloadScriptsTestRunnerWindow.CompilationCallback                                                           :        1 samples, Peak.  29.1 ms (1.0x), Avg.  29.1 ms, Total. 29.08 ms (0.1%)
[Performance] DidReloadScriptsTestListCache.ScriptReloaded                                                                   :        1 samples, Peak.  4.45 ms (1.0x), Avg.  4.45 ms, Total. 4.455 ms (0.0%)
[Performance] DidReloadScriptsLookDev.OnEditorReload                                                                         :        1 samples, Peak.  2.89 ms (1.0x), Avg.  2.89 ms, Total. 2.888 ms (0.0%)
[Performance] DidReloadScriptsDebugWindow.OnEditorReload                                                                     :        1 samples, Peak.   124 ms (1.0x), Avg.   124 ms, Total. 124.4 ms (0.4%)
[Performance] DidReloadScriptsVolumeComponentEditor.OnEditorReload                                                           :        1 samples, Peak.  21.7 ms (1.0x), Avg.  21.7 ms, Total. 21.67 ms (0.1%)
[Performance] AssetDatabase.ImportAssets                                                                                     :        8 samples, Peak.   165 ms (8.0x), Avg.  20.6 ms, Total. 164.6 ms (0.6%)
[Performance] VersionControl.Task.Wait                                                                                       :        1 samples, Peak.  13.3 us (1.0x), Avg.  13.3 us, Total. 13.28 us (0.0%)
[Performance] TMPro_TexturePostProcessor.OnPostprocessAllAssets                                                              :        8 samples, Peak.   670 us (4.1x), Avg.   163 us, Total. 1.300 ms (0.0%)
[Performance] AssetPostprocessor.OnPostprocessAllAssets                                                                      :        8 samples, Peak.   725 us (3.9x), Avg.   184 us, Total. 1.469 ms (0.0%)
[Performance] BuilderAssetPostprocessor.OnPostprocessAllAssets                                                               :        8 samples, Peak.  3.97 ms (3.8x), Avg.  1.03 ms, Total. 8.270 ms (0.0%)
[Performance] ArtifactBrowserPostProcessor.OnPostprocessAllAssets                                                            :        8 samples, Peak.   642 us (3.9x), Avg.   164 us, Total. 1.312 ms (0.0%)
[Performance] AssetEvents.OnPostprocessAllAssets                                                                             :       16 samples, Peak.   238 us (5.8x), Avg.  41.2 us, Total. 658.8 us (0.0%)
[Performance] AudioMixerPostprocessor.OnPostprocessAllAssets                                                                 :        8 samples, Peak.  2.54 ms (4.0x), Avg.   637 us, Total. 5.100 ms (0.0%)
[Performance] StyleCatalogPostProcessor.OnPostprocessAllAssets                                                               :        8 samples, Peak.  67.8 ms (4.0x), Avg.  17.0 ms, Total. 135.8 ms (0.5%)
[Performance] BuildCatalog                                                                                                   :        1 samples, Peak.  66.6 ms (1.0x), Avg.  66.6 ms, Total. 66.62 ms (0.2%)
[Performance] ModelImporterPostProcessor.OnPostprocessAllAssets                                                              :        8 samples, Peak.  53.4 ms (4.0x), Avg.  13.4 ms, Total. 106.8 ms (0.4%)
[Performance] MaterialPostprocessor.OnPostprocessAllAssets                                                                   :       16 samples, Peak.   795 us (4.2x), Avg.   188 us, Total. 3.009 ms (0.0%)
[Performance] UniversalRenderPipelineGlobalSettingsPostprocessor.OnPostprocessAllAssets                                      :        8 samples, Peak.  1.17 ms (3.9x), Avg.   302 us, Total. 2.418 ms (0.0%)
[Performance] RetainedModeAssetPostprocessor.OnPostprocessAllAssets                                                          :        8 samples, Peak.  2.10 ms (3.9x), Avg.   538 us, Total. 4.304 ms (0.0%)
[Performance] AssetChangedListener.OnPostprocessAllAssets                                                                    :        8 samples, Peak.  1.55 ms (3.5x), Avg.   442 us, Total. 3.534 ms (0.0%)
[Performance] PostProcessor.OnPostprocessAllAssets                                                                           :        8 samples, Peak.   261 us (3.1x), Avg.  83.0 us, Total. 663.6 us (0.0%)
[Performance] ShaderGraphAssetPostProcessor.OnPostprocessAllAssets                                                           :        8 samples, Peak.  1.76 ms (3.1x), Avg.   576 us, Total. 4.607 ms (0.0%)
[Performance] SpeedTreePostProcessor.OnPostprocessAllAssets                                                                  :        8 samples, Peak.   223 us (3.4x), Avg.  65.6 us, Total. 525.0 us (0.0%)
[Performance] TextAssetPostProcessor.OnPostprocessAllAssets                                                                  :        8 samples, Peak.   416 us (3.7x), Avg.   114 us, Total. 909.8 us (0.0%)
[Performance] InputActionAssetPostprocessor.OnPostprocessAllAssets                                                           :        8 samples, Peak.   354 us (3.6x), Avg.  98.5 us, Total. 788.3 us (0.0%)
[Performance] InputActionJsonNameModifierAssetProcessor.OnPostprocessAllAssets                                               :        8 samples, Peak.  74.6 us (2.7x), Avg.  27.6 us, Total. 221.0 us (0.0%)
[Performance] ProjectSettingsPostprocessor.OnPostprocessAllAssets                                                            :        8 samples, Peak.   218 us (3.7x), Avg.  59.3 us, Total. 474.6 us (0.0%)
[Performance] SyncVS.PostprocessSyncProject                                                                                  :        4 samples, Peak.  70.0 us (3.5x), Avg.  20.1 us, Total. 80.23 us (0.0%)
[Performance] Application.ImportPackagesAndSetTemplateWhenCreatingProject                                                    :        1 samples, Peak.  13.4 ms (1.0x), Avg.  13.4 ms, Total. 13.37 ms (0.0%)
[Performance] Application.SyncCurrentColorSpace                                                                              :        1 samples, Peak.   105 ms (1.0x), Avg.   105 ms, Total. 104.9 ms (0.4%)
[Performance] Application.OnUsbDevicesChanged                                                                                :        1 samples, Peak.  1.20 ms (1.0x), Avg.  1.20 ms, Total. 1.196 ms (0.0%)
[Performance] Application.AssetInstanceCacheUpdate                                                                           :        1 samples, Peak.   410 ns (1.0x), Avg.   410 ns, Total. 410.0 ns (0.0%)
[Performance] Application.UnityExtensions.Initialize                                                                         :        1 samples, Peak.  8.10 ms (1.0x), Avg.  8.10 ms, Total. 8.096 ms (0.0%)
[Performance] CodeEditorProjectSync.SyncEditorProject                                                                        :        1 samples, Peak.   101 us (1.0x), Avg.   101 us, Total. 100.9 us (0.0%)
[Performance] Application.ExecuteStartups                                                                                    :        1 samples, Peak.  65.4 ms (1.0x), Avg.  65.4 ms, Total. 65.35 ms (0.2%)
[Performance] Menu.RegisterMenuInterface                                                                                     :       26 samples, Peak.  1.57 us (5.9x), Avg.   266 ns, Total. 6.905 us (0.0%)
[Performance] Gizmo.RebuildRenderers                                                                                         :        2 samples, Peak.  63.3 ms (1.4x), Avg.  45.0 ms, Total. 90.01 ms (0.3%)
[Performance] Gizmo.AddGizmoRenderers                                                                                        :      192 samples, Peak.  1.75 ms (71.0x), Avg.  24.6 us, Total. 4.726 ms (0.0%)
[Performance] Application.editorInitializingProject                                                                          :        1 samples, Peak.  13.2 ms (1.0x), Avg.  13.2 ms, Total. 13.18 ms (0.0%)
[Performance] Application.InitializeMenu                                                                                     :        1 samples, Peak.   129 ms (1.0x), Avg.   129 ms, Total. 129.4 ms (0.5%)
[Performance] Menu.RebuildAll                                                                                                :        1 samples, Peak.   129 ms (1.0x), Avg.   129 ms, Total. 129.4 ms (0.5%)
[Performance] Menu.BuildRegisteredMenuInterfaces                                                                             :        1 samples, Peak.   129 ms (1.0x), Avg.   129 ms, Total. 128.8 ms (0.5%)
[Performance] Menu.FilterMenuItem                                                                                            :      724 samples, Peak.  88.6 ms (714.6x), Avg.   124 us, Total. 89.77 ms (0.3%)
[Performance] UpdateAllMenus                                                                                                 :        1 samples, Peak.   561 us (1.0x), Avg.   561 us, Total. 561.3 us (0.0%)
[Performance] EditorSceneManager.sceneClosing: UnityEditor.SceneVisibilityManager.EditorSceneManagerOnSceneClosing           :        2 samples, Peak.   262 us (1.9x), Avg.   136 us, Total. 271.8 us (0.0%)
[Performance] GUIView.RepaintAll.PlayerLoopController                                                                        :        2 samples, Peak.  1.73 us (1.5x), Avg.  1.18 us, Total. 2.355 us (0.0%)
[Performance] EditorSceneManager.newSceneCreated: UnityEditor.SceneTemplate.SceneTemplateService.OnNewSceneCreated           :        1 samples, Peak.   279 us (1.0x), Avg.   279 us, Total. 279.3 us (0.0%)
[Performance] EditorSceneManager.newSceneCreated: UnityEditor.SceneVisibilityManager.EditorSceneManagerOnNewSceneCreated     :        1 samples, Peak.   176 us (1.0x), Avg.   176 us, Total. 176.5 us (0.0%)
[Performance] EditorSceneManager.newSceneCreated: UnityEditor.SceneManagement.StageNavigationManager.OnNewSceneCreated       :        1 samples, Peak.  61.0 us (1.0x), Avg.  61.0 us, Total. 60.97 us (0.0%)
[Performance] Application.InvokeFinishedLoadingProject                                                                       :        1 samples, Peak.  21.2 ms (1.0x), Avg.  21.2 ms, Total. 21.24 ms (0.1%)
[Performance] ProcessService.OnProjectLoaded                                                                                 :        1 samples, Peak.   391 us (1.0x), Avg.   391 us, Total. 391.4 us (0.0%)
[Performance] Inspector.InitOrRebuild                                                                                        :        2 samples, Peak.   410 us (1.2x), Avg.   344 us, Total. 688.2 us (0.0%)
[Performance] StateMacroSavedEvent.OnWillSaveAssets                                                                          :        2 samples, Peak.   232 us (1.9x), Avg.   121 us, Total. 241.0 us (0.0%)
[Performance] AssetModificationProcessor.OnWillSaveAssets                                                                    :        2 samples, Peak.   241 us (2.0x), Avg.   122 us, Total. 243.3 us (0.0%)
[Performance] UnityCloudProjectLinkMonitor.OnWillSaveAssets                                                                  :        2 samples, Peak.   437 us (2.0x), Avg.   219 us, Total. 438.8 us (0.0%)
[Performance] FlowMacroSavedEvent.OnWillSaveAssets                                                                           :        2 samples, Peak.   180 us (2.0x), Avg.  91.5 us, Total. 182.9 us (0.0%)
[Performance] BuilderAssetModificationProcessor.OnWillSaveAssets                                                             :        2 samples, Peak.   349 us (2.0x), Avg.   176 us, Total. 352.0 us (0.0%)
[Performance] TerrainModificationProcessor.OnWillSaveAssets                                                                  :        2 samples, Peak.   630 us (2.0x), Avg.   316 us, Total. 632.1 us (0.0%)
[Performance] GenerateAssemblyTypeInfos                                                                                      :        2 samples, Peak.  34.9 ms (1.1x), Avg.  31.8 ms, Total. 63.63 ms (0.2%)
[Performance] AssetDatabase.Refresh                                                                                          :        1 samples, Peak.  1.34 s (1.0x), Avg.  1.34 s, Total. 1.341 s (4.7%)
[Performance] Application.Shutdown.SaveDefaultWindowPreferences                                                              :        1 samples, Peak.   124 us (1.0x), Avg.   124 us, Total. 124.0 us (0.0%)
[Performance] Application.Shutdown.SaveSceneManagerSetup                                                                     :        1 samples, Peak.   120 us (1.0x), Avg.   120 us, Total. 120.2 us (0.0%)
[Performance] Application.Shutdown.CleanupAllContainerWindows                                                                :        1 samples, Peak.  1.66 us (1.0x), Avg.  1.66 us, Total. 1.661 us (0.0%)
[Performance] EditorApplication.quitting: Unity.Burst.Editor.BurstLoader.OnEditorApplicationQuitting                         :        1 samples, Peak.  40.9 us (1.0x), Avg.  40.9 us, Total. 40.90 us (0.0%)
[Performance] EditorApplication.quitting: callback in UnityEditor.TextCore.Text.EditorEventCallbacks                         :        1 samples, Peak.  62.9 ms (1.0x), Avg.  62.9 ms, Total. 62.95 ms (0.2%)
[Performance] Application.Shutdown.PauseProfilerSession                                                                      :        1 samples, Peak.   133 us (1.0x), Avg.   133 us, Total. 132.6 us (0.0%)
[Performance] Application.Shutdown.PauseAssetImportWorkers                                                                   :        1 samples, Peak.   421 us (1.0x), Avg.   421 us, Total. 421.4 us (0.0%)
[Performance] Application.Shutdown.SaveAssets                                                                                :        1 samples, Peak.  4.28 ms (1.0x), Avg.  4.28 ms, Total. 4.282 ms (0.0%)
[Performance] Application.Shutdown.CleanupRenderPipeline                                                                     :        1 samples, Peak.  5.46 us (1.0x), Avg.  5.46 us, Total. 5.460 us (0.0%)
[Performance] Application.Shutdown.StopPreloadManager                                                                        :        1 samples, Peak.  10.0 ms (1.0x), Avg.  10.0 ms, Total. 10.04 ms (0.0%)
[Performance] Application.Shutdown.DestroyWorld                                                                              :        1 samples, Peak.   689 us (1.0x), Avg.   689 us, Total. 689.2 us (0.0%)
[Performance] Application.Shutdown.CleanupAfterLoad                                                                          :        1 samples, Peak.   189 ms (1.0x), Avg.   189 ms, Total. 189.3 ms (0.7%)
[Performance] Application.Shutdown.Progress                                                                                  :        1 samples, Peak.  26.5 us (1.0x), Avg.  26.5 us, Total. 26.50 us (0.0%)
[Performance] Application.Shutdown.GICleanupManagers                                                                         :        1 samples, Peak.  3.96 ms (1.0x), Avg.  3.96 ms, Total. 3.958 ms (0.0%)
[Performance] Application.Shutdown.MenuCleanupClass                                                                          :        1 samples, Peak.   279 us (1.0x), Avg.   279 us, Total. 278.5 us (0.0%)
[Performance] Application.Shutdown.ADBSaveStateBeforeShutdown                                                                :        1 samples, Peak.  12.3 us (1.0x), Avg.  12.3 us, Total. 12.30 us (0.0%)
[Performance] Application.Shutdown.RemoteShutdown                                                                            :        1 samples, Peak.   960 ns (1.0x), Avg.   960 ns, Total. 960.0 ns (0.0%)
[Performance] Application.Shutdown.CleanupVCProvider                                                                         :        1 samples, Peak.  15.5 us (1.0x), Avg.  15.5 us, Total. 15.49 us (0.0%)
[Performance] Application.Shutdown.InputShutdown                                                                             :        1 samples, Peak.  1.96 us (1.0x), Avg.  1.96 us, Total. 1.956 us (0.0%)
[Performance] Application.Shutdown.GizmoManagerDestroy                                                                       :        1 samples, Peak.   822 us (1.0x), Avg.   822 us, Total. 821.5 us (0.0%)
[Performance] Application.Shutdown.ProfilerSession                                                                           :        1 samples, Peak.   229 us (1.0x), Avg.   229 us, Total. 229.1 us (0.0%)
[Performance] Application.Shutdown.ReleaseGfxWindowOnAllGUIViews                                                             :        1 samples, Peak.  1.62 us (1.0x), Avg.  1.62 us, Total. 1.623 us (0.0%)
[Performance] Application.Shutdown.CleanupEngine                                                                             :        1 samples, Peak.  77.5 ms (1.0x), Avg.  77.5 ms, Total. 77.49 ms (0.3%)
[Performance] Application.Shutdown.CleanupAssetDatabase                                                                      :        1 samples, Peak.  7.03 ms (1.0x), Avg.  7.03 ms, Total. 7.032 ms (0.0%)
[Performance] Application.Shutdown.ScriptCompilationCleanUp                                                                  :        1 samples, Peak.  4.20 s (1.0x), Avg.  4.20 s, Total. 4.196 s (14.7%)
[Performance] Application.Shutdown.DestroyJobSystem                                                                          :        1 samples, Peak.  1.38 ms (1.0x), Avg.  1.38 ms, Total. 1.381 ms (0.0%)
[Performance] Application.Shutdown.CleanupPersistentManager                                                                  :        1 samples, Peak.  4.82 ms (1.0x), Avg.  4.82 ms, Total. 4.816 ms (0.0%)
[Performance] Application.Shutdown.CleanupAsyncReadManager                                                                   :        1 samples, Peak.  1.02 ms (1.0x), Avg.  1.02 ms, Total. 1.017 ms (0.0%)
[Performance] Application.Shutdown.CleanupMono                                                                               :        1 samples, Peak.   527 ms (1.0x), Avg.   527 ms, Total. 527.4 ms (1.8%)
[Performance] Application.Shutdown.CleanupStdConverters                                                                      :        1 samples, Peak.  18.7 us (1.0x), Avg.  18.7 us, Total. 18.68 us (0.0%)
[Performance] Application.Shutdown.UnloadAllPlatformSupportModuleNativeDlls                                                  :        1 samples, Peak.   835 ns (1.0x), Avg.   835 ns, Total. 835.0 ns (0.0%)
[Performance] Application.Shutdown.UnloadAllPlatformSupportNativeLibraries                                                   :        1 samples, Peak.   257 ns (1.0x), Avg.   257 ns, Total. 257.0 ns (0.0%)
[Performance] Application.Shutdown.CleanupAutoDocumentation                                                                  :        1 samples, Peak.   253 us (1.0x), Avg.   253 us, Total. 252.9 us (0.0%)
[Performance] Application.Shutdown.ShaderNameManagerDestroy                                                                  :        1 samples, Peak.  41.9 us (1.0x), Avg.  41.9 us, Total. 41.91 us (0.0%)
[Performance] Application.Shutdown.CleanupCacheServer                                                                        :        1 samples, Peak.   352 ns (1.0x), Avg.   352 ns, Total. 352.0 ns (0.0%)
[Performance] Application.Shutdown.Virtualization_Shutdown                                                                   :        1 samples, Peak.   418 ns (1.0x), Avg.   418 ns, Total. 418.0 ns (0.0%)
[Performance] Application.Shutdown.DevConnections                                                                            :        1 samples, Peak.  57.3 us (1.0x), Avg.  57.3 us, Total. 57.28 us (0.0%)
Vulkan PSO: data extracted [new size=503792, old size=503792, incomplete=0]
Vulkan PSO: Pipeline cache has not changed skipping save handle[64c186a0]
[Package Manager] Server::Kill -- Server was shutdown
Checking for leaked weakptr:
  Found no leaked weakptrs.
Memory Statistics:
[ALLOC_TEMP_TLS] TLS Allocator
  StackAllocators : 
    [ALLOC_TEMP_CurlRequest]
      Initial Block Size 64.0 KB
      Current Block Size 64.0 KB
      Peak Allocated Bytes 0 B
      Overflow Count 0
    [ALLOC_TEMP_MAIN]
      Initial Block Size 16.0 MB
      Current Block Size 18.5 MB
      Peak Allocated Bytes 10.6 MB
      Overflow Count 0
    [ALLOC_TEMP_Job.Worker 44]
      Initial Block Size 256.0 KB
      Current Block Size 0.5 MB
      Peak Allocated Bytes 0.5 MB
      Overflow Count 0
    [ALLOC_TEMP_BakingJobs.Worker 83]
      Initial Block Size 256.0 KB
      Current Block Size 256.0 KB
      Peak Allocated Bytes 0 B
      Overflow Count 0
    [ALLOC_TEMP_Job.Worker 4]
      Initial Block Size 256.0 KB
      Current Block Size 1.0 MB
      Peak Allocated Bytes 1.0 MB
      Overflow Count 0
    [ALLOC_TEMP_BakingJobs.Worker 62]
      Initial Block Size 256.0 KB
      Current Block Size 256.0 KB
      Peak Allocated Bytes 0 B
      Overflow Count 0
    [ALLOC_TEMP_BakingJobs.Worker 105]
      Initial Block Size 256.0 KB
      Current Block Size 256.0 KB
      Peak Allocated Bytes 0 B
      Overflow Count 0
    [ALLOC_TEMP_BakingJobs.Worker 24]
      Initial Block Size 256.0 KB
      Current Block Size 256.0 KB
      Peak Allocated Bytes 0 B
      Overflow Count 0
    [ALLOC_TEMP_Job.Worker 103]
      Initial Block Size 256.0 KB
      Current Block Size 0.5 MB
      Peak Allocated Bytes 0.5 MB
      Overflow Count 0
    [ALLOC_TEMP_BakingJobs.Worker 5]
      Initial Block Size 256.0 KB
      Current Block Size 256.0 KB
      Peak Allocated Bytes 0 B
      Overflow Count 0
    [ALLOC_TEMP_Background Job.Worker 11]
      Initial Block Size 32.0 KB
      Current Block Size 32.0 KB
      Peak Allocated Bytes 0 B
      Overflow Count 0
    [ALLOC_TEMP_BakingJobs.Worker 82]
      Initial Block Size 256.0 KB
      Current Block Size 256.0 KB
      Peak Allocated Bytes 0 B
      Overflow Count 0
    [ALLOC_TEMP_Job.Worker 43]
      Initial Block Size 256.0 KB
      Current Block Size 0.5 MB
      Peak Allocated Bytes 0.5 MB
      Overflow Count 0
    [ALLOC_TEMP_Job.Worker 86]
      Initial Block Size 256.0 KB
      Current Block Size 256.0 KB
      Peak Allocated Bytes 137.9 KB
      Overflow Count 0
    [ALLOC_TEMP_Job.Worker 39]
      Initial Block Size 256.0 KB
      Current Block Size 0.5 MB
      Peak Allocated Bytes 0.5 MB
      Overflow Count 0
    [ALLOC_TEMP_BakingJobs.Worker 73]
      Initial Block Size 256.0 KB
      Current Block Size 256.0 KB
      Peak Allocated Bytes 0 B
      Overflow Count 0
    [ALLOC_TEMP_Job.Worker 22]
      Initial Block Size 256.0 KB
      Current Block Size 0.5 MB
      Peak Allocated Bytes 0.5 MB
      Overflow Count 0
    [ALLOC_TEMP_BakingJobs.Worker 75]
      Initial Block Size 256.0 KB
      Current Block Size 256.0 KB
      Peak Allocated Bytes 0 B
      Overflow Count 0
    [ALLOC_TEMP_Job.Worker 98]
      Initial Block Size 256.0 KB
      Current Block Size 256.0 KB
      Peak Allocated Bytes 137.9 KB
      Overflow Count 0
    [ALLOC_TEMP_Job.Worker 32]
      Initial Block Size 256.0 KB
      Current Block Size 0.5 MB
      Peak Allocated Bytes 0.5 MB
      Overflow Count 0
    [ALLOC_TEMP_Job.Worker 83]
      Initial Block Size 256.0 KB
      Current Block Size 256.0 KB
      Peak Allocated Bytes 137.9 KB
      Overflow Count 0
    [ALLOC_TEMP_Job.Worker 109]
      Initial Block Size 256.0 KB
      Current Block Size 0.5 MB
      Peak Allocated Bytes 0.5 MB
      Overflow Count 0
    [ALLOC_TEMP_BakingJobs.Worker 81]
      Initial Block Size 256.0 KB
      Current Block Size 256.0 KB
      Peak Allocated Bytes 0 B
      Overflow Count 0
    [ALLOC_TEMP_Background Job.Worker 13]
      Initial Block Size 32.0 KB
      Current Block Size 32.0 KB
      Peak Allocated Bytes 0 B
      Overflow Count 0
    [ALLOC_TEMP_Job.Worker 62]
      Initial Block Size 256.0 KB
      Current Block Size 256.0 KB
      Peak Allocated Bytes 137.9 KB
      Overflow Count 0
    [ALLOC_TEMP_Job.Worker 50]
      Initial Block Size 256.0 KB
      Current Block Size 256.0 KB
      Peak Allocated Bytes 137.9 KB
      Overflow Count 0
    [ALLOC_TEMP_Job.Worker 81]
      Initial Block Size 256.0 KB
      Current Block Size 256.0 KB
      Peak Allocated Bytes 137.9 KB
      Overflow Count 0
    [ALLOC_TEMP_Job.Worker 0]
      Initial Block Size 256.0 KB
      Current Block Size 256.0 KB
      Peak Allocated Bytes 137.9 KB
      Overflow Count 0
    [ALLOC_TEMP_Job.Worker 5]
      Initial Block Size 256.0 KB
      Current Block Size 0.5 MB
      Peak Allocated Bytes 0.5 MB
      Overflow Count 0
    [ALLOC_TEMP_Job.Worker 34]
      Initial Block Size 256.0 KB
      Current Block Size 256.0 KB
      Peak Allocated Bytes 137.9 KB
      Overflow Count 0
    [ALLOC_TEMP_BakingJobs.Worker 123]
      Initial Block Size 256.0 KB
      Current Block Size 256.0 KB
      Peak Allocated Bytes 0 B
      Overflow Count 0
    [ALLOC_TEMP_BakingJobs.Worker 40]
      Initial Block Size 256.0 KB
      Current Block Size 256.0 KB
      Peak Allocated Bytes 0 B
      Overflow Count 0
    [ALLOC_TEMP_Background Job.Worker 9]
      Initial Block Size 32.0 KB
      Current Block Size 32.0 KB
      Peak Allocated Bytes 0 B
      Overflow Count 0
    [ALLOC_TEMP_BakingJobs.Worker 8]
      Initial Block Size 256.0 KB
      Current Block Size 256.0 KB
      Peak Allocated Bytes 0 B
      Overflow Count 0
    [ALLOC_TEMP_Job.Worker 9]
      Initial Block Size 256.0 KB
      Current Block Size 0.5 MB
      Peak Allocated Bytes 0.5 MB
      Overflow Count 0
    [ALLOC_TEMP_BakingJobs.Worker 37]
      Initial Block Size 256.0 KB
      Current Block Size 256.0 KB
      Peak Allocated Bytes 0 B
      Overflow Count 0
    [ALLOC_TEMP_BakingJobs.Worker 111]
      Initial Block Size 256.0 KB
      Current Block Size 256.0 KB
      Peak Allocated Bytes 0 B
      Overflow Count 0
    [ALLOC_TEMP_Job.Worker 105]
      Initial Block Size 256.0 KB
      Current Block Size 256.0 KB
      Peak Allocated Bytes 137.9 KB
      Overflow Count 0
    [ALLOC_TEMP_BakingJobs.Worker 57]
      Initial Block Size 256.0 KB
      Current Block Size 256.0 KB
      Peak Allocated Bytes 0 B
      Overflow Count 0
    [ALLOC_TEMP_BakingJobs.Worker 90]
      Initial Block Size 256.0 KB
      Current Block Size 256.0 KB
      Peak Allocated Bytes 0 B
      Overflow Count 0
    [ALLOC_TEMP_BakingJobs.Worker 9]
      Initial Block Size 256.0 KB
      Current Block Size 256.0 KB
      Peak Allocated Bytes 0 B
      Overflow Count 0
    [ALLOC_TEMP_BakingJobs.Worker 27]
      Initial Block Size 256.0 KB
      Current Block Size 256.0 KB
      Peak Allocated Bytes 0 B
      Overflow Count 0
    [ALLOC_TEMP_BakingJobs.Worker 42]
      Initial Block Size 256.0 KB
      Current Block Size 256.0 KB
      Peak Allocated Bytes 0 B
      Overflow Count 0
    [ALLOC_TEMP_BakingJobs.Worker 127]
      Initial Block Size 256.0 KB
      Current Block Size 256.0 KB
      Peak Allocated Bytes 0 B
      Overflow Count 0
    [ALLOC_TEMP_Job.Worker 51]
      Initial Block Size 256.0 KB
      Current Block Size 0.5 MB
      Peak Allocated Bytes 0.5 MB
      Overflow Count 0
    [ALLOC_TEMP_Job.Worker 26]
      Initial Block Size 256.0 KB
      Current Block Size 0.5 MB
      Peak Allocated Bytes 0.5 MB
      Overflow Count 0
    [ALLOC_TEMP_Job.Worker 92]
      Initial Block Size 256.0 KB
      Current Block Size 256.0 KB
      Peak Allocated Bytes 137.9 KB
      Overflow Count 0
    [ALLOC_TEMP_Job.Worker 31]
      Initial Block Size 256.0 KB
      Current Block Size 0.5 MB
      Peak Allocated Bytes 0.5 MB
      Overflow Count 0
    [ALLOC_TEMP_Job.Worker 111]
      Initial Block Size 256.0 KB
      Current Block Size 256.0 KB
      Peak Allocated Bytes 137.9 KB
      Overflow Count 0
    [ALLOC_TEMP_BakingJobs.Worker 46]
      Initial Block Size 256.0 KB
      Current Block Size 256.0 KB
      Peak Allocated Bytes 0 B
      Overflow Count 0
    [ALLOC_TEMP_Background Job.Worker 7]
      Initial Block Size 32.0 KB
      Current Block Size 32.0 KB
      Peak Allocated Bytes 0 B
      Overflow Count 0
    [ALLOC_TEMP_Job.Worker 80]
      Initial Block Size 256.0 KB
      Current Block Size 0.5 MB
      Peak Allocated Bytes 0.5 MB
      Overflow Count 0
    [ALLOC_TEMP_Background Job.Worker 15]
      Initial Block Size 32.0 KB
      Current Block Size 32.0 KB
      Peak Allocated Bytes 0 B
      Overflow Count 0
    [ALLOC_TEMP_BakingJobs.Worker 26]
      Initial Block Size 256.0 KB
      Current Block Size 256.0 KB
      Peak Allocated Bytes 0 B
      Overflow Count 0
    [ALLOC_TEMP_BakingJobs.Worker 84]
      Initial Block Size 256.0 KB
      Current Block Size 256.0 KB
      Peak Allocated Bytes 0 B
      Overflow Count 0
    [ALLOC_TEMP_BakingJobs.Worker 0]
      Initial Block Size 256.0 KB
      Current Block Size 256.0 KB
      Peak Allocated Bytes 0 B
      Overflow Count 0
    [ALLOC_TEMP_BakingJobs.Worker 92]
      Initial Block Size 256.0 KB
      Current Block Size 256.0 KB
      Peak Allocated Bytes 0 B
      Overflow Count 0
    [ALLOC_TEMP_BakingJobs.Worker 97]
      Initial Block Size 256.0 KB
      Current Block Size 256.0 KB
      Peak Allocated Bytes 0 B
      Overflow Count 0
    [ALLOC_TEMP_BakingJobs.Worker 122]
      Initial Block Size 256.0 KB
      Current Block Size 256.0 KB
      Peak Allocated Bytes 0 B
      Overflow Count 0
    [ALLOC_TEMP_Job.Worker 87]
      Initial Block Size 256.0 KB
      Current Block Size 256.0 KB
      Peak Allocated Bytes 137.9 KB
      Overflow Count 0
    [ALLOC_TEMP_Job.Worker 1]
      Initial Block Size 256.0 KB
      Current Block Size 1.0 MB
      Peak Allocated Bytes 1.0 MB
      Overflow Count 0
    [ALLOC_TEMP_Job.Worker 107]
      Initial Block Size 256.0 KB
      Current Block Size 256.0 KB
      Peak Allocated Bytes 137.9 KB
      Overflow Count 0
    [ALLOC_TEMP_BakingJobs.Worker 117]
      Initial Block Size 256.0 KB
      Current Block Size 256.0 KB
      Peak Allocated Bytes 0 B
      Overflow Count 0
    [ALLOC_TEMP_BakingJobs.Worker 59]
      Initial Block Size 256.0 KB
      Current Block Size 256.0 KB
      Peak Allocated Bytes 0 B
      Overflow Count 0
    [ALLOC_TEMP_Job.Worker 88]
      Initial Block Size 256.0 KB
      Current Block Size 256.0 KB
      Peak Allocated Bytes 137.9 KB
      Overflow Count 0
    [ALLOC_TEMP_Job.Worker 41]
      Initial Block Size 256.0 KB
      Current Block Size 0.5 MB
      Peak Allocated Bytes 0.5 MB
      Overflow Count 0
    [ALLOC_TEMP_BakingJobs.Worker 86]
      Initial Block Size 256.0 KB
      Current Block Size 256.0 KB
      Peak Allocated Bytes 0 B
      Overflow Count 0
    [ALLOC_TEMP_Job.Worker 90]
      Initial Block Size 256.0 KB
      Current Block Size 0.5 MB
      Peak Allocated Bytes 0.5 MB
      Overflow Count 0
    [ALLOC_TEMP_Job.Worker 68]
      Initial Block Size 256.0 KB
      Current Block Size 256.0 KB
      Peak Allocated Bytes 137.9 KB
      Overflow Count 0
    [ALLOC_TEMP_BakingJobs.Worker 91]
      Initial Block Size 256.0 KB
      Current Block Size 256.0 KB
      Peak Allocated Bytes 0 B
      Overflow Count 0
    [ALLOC_TEMP_Job.Worker 72]
      Initial Block Size 256.0 KB
      Current Block Size 256.0 KB
      Peak Allocated Bytes 137.9 KB
      Overflow Count 0
    [ALLOC_TEMP_Job.Worker 48]
      Initial Block Size 256.0 KB
      Current Block Size 256.0 KB
      Peak Allocated Bytes 137.9 KB
      Overflow Count 0
    [ALLOC_TEMP_BakingJobs.Worker 61]
      Initial Block Size 256.0 KB
      Current Block Size 256.0 KB
      Peak Allocated Bytes 0 B
      Overflow Count 0
    [ALLOC_TEMP_Job.Worker 102]
      Initial Block Size 256.0 KB
      Current Block Size 256.0 KB
      Peak Allocated Bytes 137.9 KB
      Overflow Count 0
    [ALLOC_TEMP_Job.Worker 7]
      Initial Block Size 256.0 KB
      Current Block Size 0.5 MB
      Peak Allocated Bytes 0.5 MB
      Overflow Count 0
    [ALLOC_TEMP_BakingJobs.Worker 29]
      Initial Block Size 256.0 KB
      Current Block Size 256.0 KB
      Peak Allocated Bytes 0 B
      Overflow Count 0
    [ALLOC_TEMP_BakingJobs.Worker 124]
      Initial Block Size 256.0 KB
      Current Block Size 256.0 KB
      Peak Allocated Bytes 0 B
      Overflow Count 0
    [ALLOC_TEMP_Job.Worker 18]
      Initial Block Size 256.0 KB
      Current Block Size 256.0 KB
      Peak Allocated Bytes 137.9 KB
      Overflow Count 0
    [ALLOC_TEMP_Job.Worker 73]
      Initial Block Size 256.0 KB
      Current Block Size 0.5 MB
      Peak Allocated Bytes 0.5 MB
      Overflow Count 0
    [ALLOC_TEMP_Background Job.Worker 8]
      Initial Block Size 32.0 KB
      Current Block Size 32.0 KB
      Peak Allocated Bytes 0 B
      Overflow Count 0
    [ALLOC_TEMP_Job.Worker 85]
      Initial Block Size 256.0 KB
      Current Block Size 0.5 MB
      Peak Allocated Bytes 0.5 MB
      Overflow Count 0
    [ALLOC_TEMP_BakingJobs.Worker 120]
      Initial Block Size 256.0 KB
      Current Block Size 256.0 KB
      Peak Allocated Bytes 0 B
      Overflow Count 0
    [ALLOC_TEMP_Job.Worker 101]
      Initial Block Size 256.0 KB
      Current Block Size 256.0 KB
      Peak Allocated Bytes 137.9 KB
      Overflow Count 0
    [ALLOC_TEMP_Background Job.Worker 3]
      Initial Block Size 32.0 KB
      Current Block Size 32.0 KB
      Peak Allocated Bytes 0 B
      Overflow Count 0
    [ALLOC_TEMP_BakingJobs.Worker 70]
      Initial Block Size 256.0 KB
      Current Block Size 256.0 KB
      Peak Allocated Bytes 0 B
      Overflow Count 0
    [ALLOC_TEMP_BakingJobs.Worker 85]
      Initial Block Size 256.0 KB
      Current Block Size 256.0 KB
      Peak Allocated Bytes 0 B
      Overflow Count 0
    [ALLOC_TEMP_Job.Worker 63]
      Initial Block Size 256.0 KB
      Current Block Size 256.0 KB
      Peak Allocated Bytes 137.9 KB
      Overflow Count 0
    [ALLOC_TEMP_Job.Worker 25]
      Initial Block Size 256.0 KB
      Current Block Size 0.5 MB
      Peak Allocated Bytes 0.5 MB
      Overflow Count 0
    [ALLOC_TEMP_Job.Worker 71]
      Initial Block Size 256.0 KB
      Current Block Size 0.5 MB
      Peak Allocated Bytes 0.5 MB
      Overflow Count 0
    [ALLOC_TEMP_BakingJobs.Worker 118]
      Initial Block Size 256.0 KB
      Current Block Size 256.0 KB
      Peak Allocated Bytes 0 B
      Overflow Count 0
    [ALLOC_TEMP_Job.Worker 13]
      Initial Block Size 256.0 KB
      Current Block Size 0.5 MB
      Peak Allocated Bytes 0.5 MB
      Overflow Count 0
    [ALLOC_TEMP_Job.Worker 55]
      Initial Block Size 256.0 KB
      Current Block Size 256.0 KB
      Peak Allocated Bytes 137.9 KB
      Overflow Count 0
    [ALLOC_TEMP_Background Job.Worker 2]
      Initial Block Size 32.0 KB
      Current Block Size 180.0 KB
      Peak Allocated Bytes 177.9 KB
      Overflow Count 0
    [ALLOC_TEMP_Job.Worker 75]
      Initial Block Size 256.0 KB
      Current Block Size 0.5 MB
      Peak Allocated Bytes 0.5 MB
      Overflow Count 0
    [ALLOC_TEMP_BakingJobs.Worker 103]
      Initial Block Size 256.0 KB
      Current Block Size 256.0 KB
      Peak Allocated Bytes 0 B
      Overflow Count 0
    [ALLOC_TEMP_Job.Worker 10]
      Initial Block Size 256.0 KB
      Current Block Size 0.5 MB
      Peak Allocated Bytes 0.5 MB
      Overflow Count 0
    [ALLOC_TEMP_Job.Worker 23]
      Initial Block Size 256.0 KB
      Current Block Size 256.0 KB
      Peak Allocated Bytes 137.9 KB
      Overflow Count 0
    [ALLOC_TEMP_BakingJobs.Worker 21]
      Initial Block Size 256.0 KB
      Current Block Size 256.0 KB
      Peak Allocated Bytes 0 B
      Overflow Count 0
    [ALLOC_TEMP_Job.Worker 12]
      Initial Block Size 256.0 KB
      Current Block Size 0.5 MB
      Peak Allocated Bytes 0.5 MB
      Overflow Count 0
    [ALLOC_TEMP_BakingJobs.Worker 106]
      Initial Block Size 256.0 KB
      Current Block Size 256.0 KB
      Peak Allocated Bytes 0 B
      Overflow Count 0
    [ALLOC_TEMP_Profiler.Dispatcher]
      Initial Block Size 64.0 KB
      Current Block Size 64.0 KB
      Peak Allocated Bytes 0 B
      Overflow Count 0
    [ALLOC_TEMP_Job.Worker 17]
      Initial Block Size 256.0 KB
      Current Block Size 0.5 MB
      Peak Allocated Bytes 0.5 MB
      Overflow Count 0
    [ALLOC_TEMP_BakingJobs.Worker 7]
      Initial Block Size 256.0 KB
      Current Block Size 256.0 KB
      Peak Allocated Bytes 0 B
      Overflow Count 0
    [ALLOC_TEMP_Job.Worker 37]
      Initial Block Size 256.0 KB
      Current Block Size 256.0 KB
      Peak Allocated Bytes 137.9 KB
      Overflow Count 0
    [ALLOC_TEMP_Job.Worker 2]
      Initial Block Size 256.0 KB
      Current Block Size 1.0 MB
      Peak Allocated Bytes 1.0 MB
      Overflow Count 0
    [ALLOC_TEMP_Job.Worker 11]
      Initial Block Size 256.0 KB
      Current Block Size 0.5 MB
      Peak Allocated Bytes 0.5 MB
      Overflow Count 0
    [ALLOC_TEMP_BakingJobs.Worker 55]
      Initial Block Size 256.0 KB
      Current Block Size 256.0 KB
      Peak Allocated Bytes 0 B
      Overflow Count 0
    [ALLOC_TEMP_Job.Worker 6]
      Initial Block Size 256.0 KB
      Current Block Size 0.5 MB
      Peak Allocated Bytes 0.5 MB
      Overflow Count 0
    [ALLOC_TEMP_BakingJobs.Worker 95]
      Initial Block Size 256.0 KB
      Current Block Size 256.0 KB
      Peak Allocated Bytes 0 B
      Overflow Count 0
    [ALLOC_TEMP_Job.Worker 93]
      Initial Block Size 256.0 KB
      Current Block Size 256.0 KB
      Peak Allocated Bytes 137.9 KB
      Overflow Count 0
    [ALLOC_TEMP_Loading.AsyncRead]
      Initial Block Size 64.0 KB
      Current Block Size 64.0 KB
      Peak Allocated Bytes 128 B
      Overflow Count 0
    [ALLOC_TEMP_Job.Worker 36]
      Initial Block Size 256.0 KB
      Current Block Size 0.5 MB
      Peak Allocated Bytes 0.5 MB
      Overflow Count 0
    [ALLOC_TEMP_BakingJobs.Worker 16]
      Initial Block Size 256.0 KB
      Current Block Size 256.0 KB
      Peak Allocated Bytes 0 B
      Overflow Count 0
    [ALLOC_TEMP_BakingJobs.Worker 102]
      Initial Block Size 256.0 KB
      Current Block Size 256.0 KB
      Peak Allocated Bytes 0 B
      Overflow Count 0
    [ALLOC_TEMP_BakingJobs.Worker 63]
      Initial Block Size 256.0 KB
      Current Block Size 256.0 KB
      Peak Allocated Bytes 0 B
      Overflow Count 0
    [ALLOC_TEMP_BakingJobs.Worker 11]
      Initial Block Size 256.0 KB
      Current Block Size 256.0 KB
      Peak Allocated Bytes 0 B
      Overflow Count 0
    [ALLOC_TEMP_BakingJobs.Worker 126]
      Initial Block Size 256.0 KB
      Current Block Size 256.0 KB
      Peak Allocated Bytes 0 B
      Overflow Count 0
    [ALLOC_TEMP_Job.Worker 53]
      Initial Block Size 256.0 KB
      Current Block Size 0.5 MB
      Peak Allocated Bytes 0.5 MB
      Overflow Count 0
    [ALLOC_TEMP_Job.Worker 74]
      Initial Block Size 256.0 KB
      Current Block Size 0.5 MB
      Peak Allocated Bytes 0.5 MB
      Overflow Count 0
    [ALLOC_TEMP_BakingJobs.Worker 30]
      Initial Block Size 256.0 KB
      Current Block Size 256.0 KB
      Peak Allocated Bytes 0 B
      Overflow Count 0
    [ALLOC_TEMP_BakingJobs.Worker 116]
      Initial Block Size 256.0 KB
      Current Block Size 256.0 KB
      Peak Allocated Bytes 0 B
      Overflow Count 0
    [ALLOC_TEMP_BakingJobs.Worker 47]
      Initial Block Size 256.0 KB
      Current Block Size 256.0 KB
      Peak Allocated Bytes 0 B
      Overflow Count 0
    [ALLOC_TEMP_BakingJobs.Worker 19]
      Initial Block Size 256.0 KB
      Current Block Size 256.0 KB
      Peak Allocated Bytes 0 B
      Overflow Count 0
    [ALLOC_TEMP_Job.Worker 82]
      Initial Block Size 256.0 KB
      Current Block Size 256.0 KB
      Peak Allocated Bytes 137.9 KB
      Overflow Count 0
    [ALLOC_TEMP_BakingJobs.Worker 71]
      Initial Block Size 256.0 KB
      Current Block Size 256.0 KB
      Peak Allocated Bytes 0 B
      Overflow Count 0
    [ALLOC_TEMP_Job.Worker 67]
      Initial Block Size 256.0 KB
      Current Block Size 0.5 MB
      Peak Allocated Bytes 0.5 MB
      Overflow Count 0
    [ALLOC_TEMP_BakingJobs.Worker 15]
      Initial Block Size 256.0 KB
      Current Block Size 256.0 KB
      Peak Allocated Bytes 0 B
      Overflow Count 0
    [ALLOC_TEMP_Job.Worker 24]
      Initial Block Size 256.0 KB
      Current Block Size 256.0 KB
      Peak Allocated Bytes 137.9 KB
      Overflow Count 0
    [ALLOC_TEMP_BakingJobs.Worker 14]
      Initial Block Size 256.0 KB
      Current Block Size 256.0 KB
      Peak Allocated Bytes 0 B
      Overflow Count 0
    [ALLOC_TEMP_BakingJobs.Worker 74]
      Initial Block Size 256.0 KB
      Current Block Size 256.0 KB
      Peak Allocated Bytes 0 B
      Overflow Count 0
    [ALLOC_TEMP_Background Job.Worker 12]
      Initial Block Size 32.0 KB
      Current Block Size 32.0 KB
      Peak Allocated Bytes 0 B
      Overflow Count 0
    [ALLOC_TEMP_BakingJobs.Worker 13]
      Initial Block Size 256.0 KB
      Current Block Size 256.0 KB
      Peak Allocated Bytes 0 B
      Overflow Count 0
    [ALLOC_TEMP_Job.Worker 84]
      Initial Block Size 256.0 KB
      Current Block Size 0.5 MB
      Peak Allocated Bytes 0.5 MB
      Overflow Count 0
    [ALLOC_TEMP_BakingJobs.Worker 67]
      Initial Block Size 256.0 KB
      Current Block Size 256.0 KB
      Peak Allocated Bytes 0 B
      Overflow Count 0
    [ALLOC_TEMP_BakingJobs.Worker 69]
      Initial Block Size 256.0 KB
      Current Block Size 256.0 KB
      Peak Allocated Bytes 0 B
      Overflow Count 0
    [ALLOC_TEMP_BakingJobs.Worker 20]
      Initial Block Size 256.0 KB
      Current Block Size 256.0 KB
      Peak Allocated Bytes 0 B
      Overflow Count 0
    [ALLOC_TEMP_BakingJobs.Worker 51]
      Initial Block Size 256.0 KB
      Current Block Size 256.0 KB
      Peak Allocated Bytes 0 B
      Overflow Count 0
    [ALLOC_TEMP_BakingJobs.Worker 35]
      Initial Block Size 256.0 KB
      Current Block Size 256.0 KB
      Peak Allocated Bytes 0 B
      Overflow Count 0
    [ALLOC_TEMP_Job.Worker 95]
      Initial Block Size 256.0 KB
      Current Block Size 0.5 MB
      Peak Allocated Bytes 0.5 MB
      Overflow Count 0
    [ALLOC_TEMP_BakingJobs.Worker 125]
      Initial Block Size 256.0 KB
      Current Block Size 256.0 KB
      Peak Allocated Bytes 0 B
      Overflow Count 0
    [ALLOC_TEMP_Job.Worker 61]
      Initial Block Size 256.0 KB
      Current Block Size 0.5 MB
      Peak Allocated Bytes 0.5 MB
      Overflow Count 0
    [ALLOC_TEMP_BakingJobs.Worker 66]
      Initial Block Size 256.0 KB
      Current Block Size 256.0 KB
      Peak Allocated Bytes 0 B
      Overflow Count 0
    [ALLOC_TEMP_Job.Worker 58]
      Initial Block Size 256.0 KB
      Current Block Size 256.0 KB
      Peak Allocated Bytes 137.9 KB
      Overflow Count 0
    [ALLOC_TEMP_BakingJobs.Worker 17]
      Initial Block Size 256.0 KB
      Current Block Size 256.0 KB
      Peak Allocated Bytes 0 B
      Overflow Count 0
    [ALLOC_TEMP_BakingJobs.Worker 25]
      Initial Block Size 256.0 KB
      Current Block Size 256.0 KB
      Peak Allocated Bytes 0 B
      Overflow Count 0
    [ALLOC_TEMP_Job.Worker 27]
      Initial Block Size 256.0 KB
      Current Block Size 0.5 MB
      Peak Allocated Bytes 0.5 MB
      Overflow Count 0
    [ALLOC_TEMP_BakingJobs.Worker 36]
      Initial Block Size 256.0 KB
      Current Block Size 256.0 KB
      Peak Allocated Bytes 0 B
      Overflow Count 0
    [ALLOC_TEMP_BakingJobs.Worker 33]
      Initial Block Size 256.0 KB
      Current Block Size 256.0 KB
      Peak Allocated Bytes 0 B
      Overflow Count 0
    [ALLOC_TEMP_BakingJobs.Worker 39]
      Initial Block Size 256.0 KB
      Current Block Size 256.0 KB
      Peak Allocated Bytes 0 B
      Overflow Count 0
    [ALLOC_TEMP_BakingJobs.Worker 68]
      Initial Block Size 256.0 KB
      Current Block Size 256.0 KB
      Peak Allocated Bytes 0 B
      Overflow Count 0
    [ALLOC_TEMP_BakingJobs.Worker 99]
      Initial Block Size 256.0 KB
      Current Block Size 256.0 KB
      Peak Allocated Bytes 0 B
      Overflow Count 0
    [ALLOC_TEMP_Job.Worker 106]
      Initial Block Size 256.0 KB
      Current Block Size 256.0 KB
      Peak Allocated Bytes 137.9 KB
      Overflow Count 0
    [ALLOC_TEMP_Job.Worker 21]
      Initial Block Size 256.0 KB
      Current Block Size 0.5 MB
      Peak Allocated Bytes 0.5 MB
      Overflow Count 0
    [ALLOC_TEMP_REST Message Handler]
      Initial Block Size 64.0 KB
      Current Block Size 64.0 KB
      Peak Allocated Bytes 0 B
      Overflow Count 0
    [ALLOC_TEMP_BakingJobs.Worker 77]
      Initial Block Size 256.0 KB
      Current Block Size 256.0 KB
      Peak Allocated Bytes 0 B
      Overflow Count 0
    [ALLOC_TEMP_CoreBusinessMetricsCache]
      Initial Block Size 64.0 KB
      Current Block Size 64.0 KB
      Peak Allocated Bytes 8.0 KB
      Overflow Count 0
    [ALLOC_TEMP_BakingJobs.Worker 87]
      Initial Block Size 256.0 KB
      Current Block Size 256.0 KB
      Peak Allocated Bytes 0 B
      Overflow Count 0
    [ALLOC_TEMP_BakingJobs.Worker 45]
      Initial Block Size 256.0 KB
      Current Block Size 256.0 KB
      Peak Allocated Bytes 0 B
      Overflow Count 0
    [ALLOC_TEMP_BakingJobs.Worker 58]
      Initial Block Size 256.0 KB
      Current Block Size 256.0 KB
      Peak Allocated Bytes 0 B
      Overflow Count 0
    [ALLOC_TEMP_BakingJobs.Worker 44]
      Initial Block Size 256.0 KB
      Current Block Size 256.0 KB
      Peak Allocated Bytes 0 B
      Overflow Count 0
    [ALLOC_TEMP_Job.Worker 76]
      Initial Block Size 256.0 KB
      Current Block Size 256.0 KB
      Peak Allocated Bytes 137.9 KB
      Overflow Count 0
    [ALLOC_TEMP_Job.Worker 97]
      Initial Block Size 256.0 KB
      Current Block Size 256.0 KB
      Peak Allocated Bytes 137.9 KB
      Overflow Count 0
    [ALLOC_TEMP_BakingJobs.Worker 50]
      Initial Block Size 256.0 KB
      Current Block Size 256.0 KB
      Peak Allocated Bytes 0 B
      Overflow Count 0
    [ALLOC_TEMP_BakingJobs.Worker 101]
      Initial Block Size 256.0 KB
      Current Block Size 256.0 KB
      Peak Allocated Bytes 0 B
      Overflow Count 0
    [ALLOC_TEMP_BakingJobs.Worker 109]
      Initial Block Size 256.0 KB
      Current Block Size 256.0 KB
      Peak Allocated Bytes 0 B
      Overflow Count 0
    [ALLOC_TEMP_Background Job.Worker 5]
      Initial Block Size 32.0 KB
      Current Block Size 32.0 KB
      Peak Allocated Bytes 0 B
      Overflow Count 0
    [ALLOC_TEMP_BakingJobs.Worker 121]
      Initial Block Size 256.0 KB
      Current Block Size 256.0 KB
      Peak Allocated Bytes 0 B
      Overflow Count 0
    [ALLOC_TEMP_BakingJobs.Worker 64]
      Initial Block Size 256.0 KB
      Current Block Size 256.0 KB
      Peak Allocated Bytes 0 B
      Overflow Count 0
    [ALLOC_TEMP_Job.Worker 57]
      Initial Block Size 256.0 KB
      Current Block Size 0.5 MB
      Peak Allocated Bytes 0.5 MB
      Overflow Count 0
    [ALLOC_TEMP_EnlightenWorker] x 32
      Initial Block Size 64.0 KB
      Current Block Size 64.0 KB
      Peak Allocated Bytes 0 B
      Overflow Count 0
    [ALLOC_TEMP_BakingJobs.Worker 34]
      Initial Block Size 256.0 KB
      Current Block Size 256.0 KB
      Peak Allocated Bytes 0 B
      Overflow Count 0
    [ALLOC_TEMP_Job.Worker 69]
      Initial Block Size 256.0 KB
      Current Block Size 0.5 MB
      Peak Allocated Bytes 0.5 MB
      Overflow Count 0
    [ALLOC_TEMP_BakingJobs.Worker 107]
      Initial Block Size 256.0 KB
      Current Block Size 256.0 KB
      Peak Allocated Bytes 0 B
      Overflow Count 0
    [ALLOC_TEMP_Job.Worker 42]
      Initial Block Size 256.0 KB
      Current Block Size 256.0 KB
      Peak Allocated Bytes 137.9 KB
      Overflow Count 0
    [ALLOC_TEMP_Background Job.Worker 6]
      Initial Block Size 32.0 KB
      Current Block Size 32.0 KB
      Peak Allocated Bytes 0 B
      Overflow Count 0
    [ALLOC_TEMP_Job.Worker 110]
      Initial Block Size 256.0 KB
      Current Block Size 256.0 KB
      Peak Allocated Bytes 137.9 KB
      Overflow Count 0
    [ALLOC_TEMP_Job.Worker 70]
      Initial Block Size 256.0 KB
      Current Block Size 256.0 KB
      Peak Allocated Bytes 137.9 KB
      Overflow Count 0
    [ALLOC_TEMP_Job.Worker 66]
      Initial Block Size 256.0 KB
      Current Block Size 0.5 MB
      Peak Allocated Bytes 0.5 MB
      Overflow Count 0
    [ALLOC_TEMP_Job.Worker 96]
      Initial Block Size 256.0 KB
      Current Block Size 256.0 KB
      Peak Allocated Bytes 137.9 KB
      Overflow Count 0
    [ALLOC_TEMP_AUDIO_FMOD stream thread]
      Initial Block Size 64.0 KB
      Current Block Size 64.0 KB
      Peak Allocated Bytes 0 B
      Overflow Count 0
    [ALLOC_TEMP_Job.Worker 30]
      Initial Block Size 256.0 KB
      Current Block Size 0.5 MB
      Peak Allocated Bytes 0.5 MB
      Overflow Count 0
    [ALLOC_TEMP_Job.Worker 100]
      Initial Block Size 256.0 KB
      Current Block Size 256.0 KB
      Peak Allocated Bytes 137.9 KB
      Overflow Count 0
    [ALLOC_TEMP_BakingJobs.Worker 88]
      Initial Block Size 256.0 KB
      Current Block Size 256.0 KB
      Peak Allocated Bytes 0 B
      Overflow Count 0
    [ALLOC_TEMP_Job.Worker 29]
      Initial Block Size 256.0 KB
      Current Block Size 0.5 MB
      Peak Allocated Bytes 0.5 MB
      Overflow Count 0
    [ALLOC_TEMP_BakingJobs.Worker 79]
      Initial Block Size 256.0 KB
      Current Block Size 256.0 KB
      Peak Allocated Bytes 0 B
      Overflow Count 0
    [ALLOC_TEMP_BakingJobs.Worker 115]
      Initial Block Size 256.0 KB
      Current Block Size 256.0 KB
      Peak Allocated Bytes 0 B
      Overflow Count 0
    [ALLOC_TEMP_Job.Worker 8]
      Initial Block Size 256.0 KB
      Current Block Size 0.5 MB
      Peak Allocated Bytes 0.5 MB
      Overflow Count 0
    [ALLOC_TEMP_BakingJobs.Worker 114]
      Initial Block Size 256.0 KB
      Current Block Size 256.0 KB
      Peak Allocated Bytes 0 B
      Overflow Count 0
    [ALLOC_TEMP_Job.Worker 33]
      Initial Block Size 256.0 KB
      Current Block Size 256.0 KB
      Peak Allocated Bytes 137.9 KB
      Overflow Count 0
    [ALLOC_TEMP_EditorTaskManager]
      Initial Block Size 64.0 KB
      Current Block Size 68.0 KB
      Peak Allocated Bytes 64.0 KB
      Overflow Count 0
    [ALLOC_TEMP_BakingJobs.Worker 53]
      Initial Block Size 256.0 KB
      Current Block Size 256.0 KB
      Peak Allocated Bytes 0 B
      Overflow Count 0
    [ALLOC_TEMP_Job.Worker 108]
      Initial Block Size 256.0 KB
      Current Block Size 256.0 KB
      Peak Allocated Bytes 137.9 KB
      Overflow Count 0
    [ALLOC_TEMP_BakingJobs.Worker 78]
      Initial Block Size 256.0 KB
      Current Block Size 256.0 KB
      Peak Allocated Bytes 0 B
      Overflow Count 0
    [ALLOC_TEMP_BakingJobs.Worker 96]
      Initial Block Size 256.0 KB
      Current Block Size 256.0 KB
      Peak Allocated Bytes 0 B
      Overflow Count 0
    [ALLOC_TEMP_BakingJobs.Worker 18]
      Initial Block Size 256.0 KB
      Current Block Size 256.0 KB
      Peak Allocated Bytes 0 B
      Overflow Count 0
    [ALLOC_TEMP_BakingJobs.Worker 72]
      Initial Block Size 256.0 KB
      Current Block Size 256.0 KB
      Peak Allocated Bytes 0 B
      Overflow Count 0
    [ALLOC_TEMP_BakingJobs.Worker 49]
      Initial Block Size 256.0 KB
      Current Block Size 256.0 KB
      Peak Allocated Bytes 0 B
      Overflow Count 0
    [ALLOC_TEMP_Job.Worker 94]
      Initial Block Size 256.0 KB
      Current Block Size 256.0 KB
      Peak Allocated Bytes 137.9 KB
      Overflow Count 0
    [ALLOC_TEMP_Background Job.Worker 4]
      Initial Block Size 32.0 KB
      Current Block Size 32.0 KB
      Peak Allocated Bytes 0 B
      Overflow Count 0
    [ALLOC_TEMP_BakingJobs.Worker 112]
      Initial Block Size 256.0 KB
      Current Block Size 256.0 KB
      Peak Allocated Bytes 0 B
      Overflow Count 0
    [ALLOC_TEMP_Job.Worker 64]
      Initial Block Size 256.0 KB
      Current Block Size 0.5 MB
      Peak Allocated Bytes 0.5 MB
      Overflow Count 0
    [ALLOC_TEMP_BakingJobs.Worker 31]
      Initial Block Size 256.0 KB
      Current Block Size 256.0 KB
      Peak Allocated Bytes 0 B
      Overflow Count 0
    [ALLOC_TEMP_BakingJobs.Worker 113]
      Initial Block Size 256.0 KB
      Current Block Size 256.0 KB
      Peak Allocated Bytes 0 B
      Overflow Count 0
    [ALLOC_TEMP_Job.Worker 28]
      Initial Block Size 256.0 KB
      Current Block Size 256.0 KB
      Peak Allocated Bytes 137.9 KB
      Overflow Count 0
    [ALLOC_TEMP_BakingJobs.Worker 32]
      Initial Block Size 256.0 KB
      Current Block Size 256.0 KB
      Peak Allocated Bytes 0 B
      Overflow Count 0
    [ALLOC_TEMP_Job.Worker 45]
      Initial Block Size 256.0 KB
      Current Block Size 256.0 KB
      Peak Allocated Bytes 137.9 KB
      Overflow Count 0
    [ALLOC_TEMP_BakingJobs.Worker 98]
      Initial Block Size 256.0 KB
      Current Block Size 256.0 KB
      Peak Allocated Bytes 0 B
      Overflow Count 0
    [ALLOC_TEMP_BakingJobs.Worker 56]
      Initial Block Size 256.0 KB
      Current Block Size 256.0 KB
      Peak Allocated Bytes 0 B
      Overflow Count 0
    [ALLOC_TEMP_AUDIO_FMOD mixer thread]
      Initial Block Size 64.0 KB
      Current Block Size 64.0 KB
      Peak Allocated Bytes 0 B
      Overflow Count 0
    [ALLOC_TEMP_Job.Worker 60]
      Initial Block Size 256.0 KB
      Current Block Size 256.0 KB
      Peak Allocated Bytes 137.9 KB
      Overflow Count 0
    [ALLOC_TEMP_Job.Worker 78]
      Initial Block Size 256.0 KB
      Current Block Size 256.0 KB
      Peak Allocated Bytes 137.9 KB
      Overflow Count 0
    [ALLOC_TEMP_BakingJobs.Worker 10]
      Initial Block Size 256.0 KB
      Current Block Size 256.0 KB
      Peak Allocated Bytes 0 B
      Overflow Count 0
    [ALLOC_TEMP_Job.Worker 46]
      Initial Block Size 256.0 KB
      Current Block Size 256.0 KB
      Peak Allocated Bytes 137.9 KB
      Overflow Count 0
    [ALLOC_TEMP_BatchDeleteObjects]
      Initial Block Size 64.0 KB
      Current Block Size 64.0 KB
      Peak Allocated Bytes 0 B
      Overflow Count 0
    [ALLOC_TEMP_BakingJobs.Worker 65]
      Initial Block Size 256.0 KB
      Current Block Size 256.0 KB
      Peak Allocated Bytes 0 B
      Overflow Count 0
    [ALLOC_TEMP_AssetDatabase.IOService]
      Initial Block Size 64.0 KB
      Current Block Size 64.0 KB
      Peak Allocated Bytes 0 B
      Overflow Count 0
    [ALLOC_TEMP_BakingJobs.Worker 48]
      Initial Block Size 256.0 KB
      Current Block Size 256.0 KB
      Peak Allocated Bytes 0 B
      Overflow Count 0
    [ALLOC_TEMP_BakingJobs.Worker 94]
      Initial Block Size 256.0 KB
      Current Block Size 256.0 KB
      Peak Allocated Bytes 0 B
      Overflow Count 0
    [ALLOC_TEMP_Job.Worker 35]
      Initial Block Size 256.0 KB
      Current Block Size 256.0 KB
      Peak Allocated Bytes 137.9 KB
      Overflow Count 0
    [ALLOC_TEMP_Job.Worker 59]
      Initial Block Size 256.0 KB
      Current Block Size 256.0 KB
      Peak Allocated Bytes 137.9 KB
      Overflow Count 0
    [ALLOC_TEMP_Job.Worker 15]
      Initial Block Size 256.0 KB
      Current Block Size 0.5 MB
      Peak Allocated Bytes 0.5 MB
      Overflow Count 0
    [ALLOC_TEMP_Loading.PreloadManager]
      Initial Block Size 32.0 MB
      Current Block Size 32.0 MB
      Peak Allocated Bytes 2.0 MB
      Overflow Count 0
    [ALLOC_TEMP_BakingJobs.Worker 60]
      Initial Block Size 256.0 KB
      Current Block Size 256.0 KB
      Peak Allocated Bytes 0 B
      Overflow Count 0
    [ALLOC_TEMP_Job.Worker 99]
      Initial Block Size 256.0 KB
      Current Block Size 0.5 MB
      Peak Allocated Bytes 0.5 MB
      Overflow Count 0
    [ALLOC_TEMP_BakingJobs.Worker 23]
      Initial Block Size 256.0 KB
      Current Block Size 256.0 KB
      Peak Allocated Bytes 0 B
      Overflow Count 0
    [ALLOC_TEMP_BakingJobs.Worker 43]
      Initial Block Size 256.0 KB
      Current Block Size 256.0 KB
      Peak Allocated Bytes 0 B
      Overflow Count 0
    [ALLOC_TEMP_BakingJobs.Worker 93]
      Initial Block Size 256.0 KB
      Current Block Size 256.0 KB
      Peak Allocated Bytes 0 B
      Overflow Count 0
    [ALLOC_TEMP_BakingJobs.Worker 38]
      Initial Block Size 256.0 KB
      Current Block Size 256.0 KB
      Peak Allocated Bytes 0 B
      Overflow Count 0
    [ALLOC_TEMP_BakingJobs.Worker 108]
      Initial Block Size 256.0 KB
      Current Block Size 256.0 KB
      Peak Allocated Bytes 0 B
      Overflow Count 0
    [ALLOC_TEMP_Job.Worker 3]
      Initial Block Size 256.0 KB
      Current Block Size 1.0 MB
      Peak Allocated Bytes 1.0 MB
      Overflow Count 0
    [ALLOC_TEMP_Job.Worker 14]
      Initial Block Size 256.0 KB
      Current Block Size 256.0 KB
      Peak Allocated Bytes 137.9 KB
      Overflow Count 0
    [ALLOC_TEMP_BakingJobs.Worker 6]
      Initial Block Size 256.0 KB
      Current Block Size 256.0 KB
      Peak Allocated Bytes 0 B
      Overflow Count 0
    [ALLOC_TEMP_BakingJobs.Worker 119]
      Initial Block Size 256.0 KB
      Current Block Size 256.0 KB
      Peak Allocated Bytes 0 B
      Overflow Count 0
    [ALLOC_TEMP_Job.Worker 91]
      Initial Block Size 256.0 KB
      Current Block Size 0.5 MB
      Peak Allocated Bytes 0.5 MB
      Overflow Count 0
    [ALLOC_TEMP_Job.Worker 89]
      Initial Block Size 256.0 KB
      Current Block Size 256.0 KB
      Peak Allocated Bytes 137.9 KB
      Overflow Count 0
    [ALLOC_TEMP_BakingJobs.Worker 1]
      Initial Block Size 256.0 KB
      Current Block Size 256.0 KB
      Peak Allocated Bytes 0 B
      Overflow Count 0
    [ALLOC_TEMP_BakingJobs.Worker 80]
      Initial Block Size 256.0 KB
      Current Block Size 256.0 KB
      Peak Allocated Bytes 0 B
      Overflow Count 0
    [ALLOC_TEMP_BakingJobs.Worker 22]
      Initial Block Size 256.0 KB
      Current Block Size 256.0 KB
      Peak Allocated Bytes 0 B
      Overflow Count 0
    [ALLOC_TEMP_Job.Worker 16]
      Initial Block Size 256.0 KB
      Current Block Size 0.5 MB
      Peak Allocated Bytes 0.5 MB
      Overflow Count 0
    [ALLOC_TEMP_Job.Worker 52]
      Initial Block Size 256.0 KB
      Current Block Size 0.5 MB
      Peak Allocated Bytes 0.5 MB
      Overflow Count 0
    [ALLOC_TEMP_Job.Worker 40]
      Initial Block Size 256.0 KB
      Current Block Size 0.5 MB
      Peak Allocated Bytes 0.5 MB
      Overflow Count 0
    [ALLOC_TEMP_BakingJobs.Worker 100]
      Initial Block Size 256.0 KB
      Current Block Size 256.0 KB
      Peak Allocated Bytes 0 B
      Overflow Count 0
    [ALLOC_TEMP_Job.Worker 79]
      Initial Block Size 256.0 KB
      Current Block Size 0.5 MB
      Peak Allocated Bytes 0.5 MB
      Overflow Count 0
    [ALLOC_TEMP_Background Job.Worker 1]
      Initial Block Size 32.0 KB
      Current Block Size 256.0 KB
      Peak Allocated Bytes 121.9 KB
      Overflow Count 4614
    [ALLOC_TEMP_Job.Worker 77]
      Initial Block Size 256.0 KB
      Current Block Size 256.0 KB
      Peak Allocated Bytes 137.9 KB
      Overflow Count 0
    [ALLOC_TEMP_Job.Worker 38]
      Initial Block Size 256.0 KB
      Current Block Size 256.0 KB
      Peak Allocated Bytes 137.9 KB
      Overflow Count 0
    [ALLOC_TEMP_Background Job.Worker 10]
      Initial Block Size 32.0 KB
      Current Block Size 32.0 KB
      Peak Allocated Bytes 0 B
      Overflow Count 0
    [ALLOC_TEMP_BakingJobs.Worker 52]
      Initial Block Size 256.0 KB
      Current Block Size 256.0 KB
      Peak Allocated Bytes 0 B
      Overflow Count 0
    [ALLOC_TEMP_Job.Worker 20]
      Initial Block Size 256.0 KB
      Current Block Size 0.5 MB
      Peak Allocated Bytes 0.5 MB
      Overflow Count 0
    [ALLOC_TEMP_BakingJobs.Worker 89]
      Initial Block Size 256.0 KB
      Current Block Size 256.0 KB
      Peak Allocated Bytes 0 B
      Overflow Count 0
    [ALLOC_TEMP_Job.Worker 47]
      Initial Block Size 256.0 KB
      Current Block Size 0.5 MB
      Peak Allocated Bytes 0.5 MB
      Overflow Count 0
    [ALLOC_TEMP_BakingJobs.Worker 2]
      Initial Block Size 256.0 KB
      Current Block Size 256.0 KB
      Peak Allocated Bytes 0 B
      Overflow Count 0
    [ALLOC_TEMP_BakingJobs.Worker 110]
      Initial Block Size 256.0 KB
      Current Block Size 256.0 KB
      Peak Allocated Bytes 0 B
      Overflow Count 0
    [ALLOC_TEMP_BakingJobs.Worker 3]
      Initial Block Size 256.0 KB
      Current Block Size 256.0 KB
      Peak Allocated Bytes 0 B
      Overflow Count 0
    [ALLOC_TEMP_BakingJobs.Worker 28]
      Initial Block Size 256.0 KB
      Current Block Size 256.0 KB
      Peak Allocated Bytes 0 B
      Overflow Count 0
    [ALLOC_TEMP_Job.Worker 49]
      Initial Block Size 256.0 KB
      Current Block Size 256.0 KB
      Peak Allocated Bytes 137.9 KB
      Overflow Count 0
    [ALLOC_TEMP_BakingJobs.Worker 76]
      Initial Block Size 256.0 KB
      Current Block Size 256.0 KB
      Peak Allocated Bytes 0 B
      Overflow Count 0
    [ALLOC_TEMP_BakingJobs.Worker 4]
      Initial Block Size 256.0 KB
      Current Block Size 256.0 KB
      Peak Allocated Bytes 0 B
      Overflow Count 0
    [ALLOC_TEMP_Job.Worker 65]
      Initial Block Size 256.0 KB
      Current Block Size 0.5 MB
      Peak Allocated Bytes 0.5 MB
      Overflow Count 0
    [ALLOC_TEMP_HTTP REST Server]
      Initial Block Size 64.0 KB
      Current Block Size 64.0 KB
      Peak Allocated Bytes 377 B
      Overflow Count 0
    [ALLOC_TEMP_BakingJobs.Worker 12]
      Initial Block Size 256.0 KB
      Current Block Size 256.0 KB
      Peak Allocated Bytes 0 B
      Overflow Count 0
    [ALLOC_TEMP_Job.Worker 56]
      Initial Block Size 256.0 KB
      Current Block Size 256.0 KB
      Peak Allocated Bytes 137.9 KB
      Overflow Count 0
    [ALLOC_TEMP_AssetGarbageCollectorHelper] x 127
      Initial Block Size 64.0 KB
      Current Block Size 64.0 KB
      Peak Allocated Bytes 0 B
      Overflow Count 0
    [ALLOC_TEMP_Job.Worker 54]
      Initial Block Size 256.0 KB
      Current Block Size 256.0 KB
      Peak Allocated Bytes 137.9 KB
      Overflow Count 0
    [ALLOC_TEMP_BakingJobs.Worker 104]
      Initial Block Size 256.0 KB
      Current Block Size 256.0 KB
      Peak Allocated Bytes 0 B
      Overflow Count 0
    [ALLOC_TEMP_Background Job.Worker 0]
      Initial Block Size 32.0 KB
      Current Block Size 32.0 KB
      Peak Allocated Bytes 0 B
      Overflow Count 0
    [ALLOC_TEMP_Background Job.Worker 14]
      Initial Block Size 32.0 KB
      Current Block Size 32.0 KB
      Peak Allocated Bytes 0 B
      Overflow Count 0
    [ALLOC_TEMP_BakingJobs.Worker 41]
      Initial Block Size 256.0 KB
      Current Block Size 256.0 KB
      Peak Allocated Bytes 0 B
      Overflow Count 0
    [ALLOC_TEMP_Job.Worker 104]
      Initial Block Size 256.0 KB
      Current Block Size 256.0 KB
      Peak Allocated Bytes 137.9 KB
      Overflow Count 0
    [ALLOC_TEMP_BakingJobs.Worker 54]
      Initial Block Size 256.0 KB
      Current Block Size 256.0 KB
      Peak Allocated Bytes 0 B
      Overflow Count 0
    [ALLOC_TEMP_CloudJob.Worker 0]
      Initial Block Size 32.0 KB
      Current Block Size 88.0 KB
      Peak Allocated Bytes 61.7 KB
      Overflow Count 0
    [ALLOC_TEMP_Job.Worker 19]
      Initial Block Size 256.0 KB
      Current Block Size 256.0 KB
      Peak Allocated Bytes 137.9 KB
      Overflow Count 0
[ALLOC_MEMORYPROFILER]
  Requested Block Size 1.0 MB
  Peak Block count 2
  Peak Allocated memory 1.0 MB
  Peak Large allocation bytes 0 B
[ALLOC_DEFAULT] Dual Thread Allocator
  Peak main deferred allocation count 175
    [ALLOC_BUCKET]
      Large Block size 32.0 MB
      Used Block count 1
      Peak Allocated bytes 10.6 MB
    [ALLOC_DEFAULT_MAIN]
      Requested Block Size 16.0 MB
      Peak Block count 9
      Peak Allocated memory 156.1 MB
      Peak Large allocation bytes 32.0 MB
    [ALLOC_DEFAULT_THREAD]
      Requested Block Size 16.0 MB
      Peak Block count 1
      Peak Allocated memory 8.4 MB
      Peak Large allocation bytes 0 B
[ALLOC_TEMP_JOB_1_FRAME]
  Initial Block Size 2.0 MB
  Used Block Count 0
  Overflow Count (too large) 0
  Overflow Count (full) 0
[ALLOC_TEMP_JOB_2_FRAMES]
  Initial Block Size 2.0 MB
  Used Block Count 0
  Overflow Count (too large) 0
  Overflow Count (full) 0
[ALLOC_TEMP_JOB_4_FRAMES (JobTemp)]
  Initial Block Size 2.0 MB
  Used Block Count 1
  Overflow Count (too large) 0
  Overflow Count (full) 0
[ALLOC_TEMP_JOB_ASYNC (Background)]
  Initial Block Size 1.0 MB
  Used Block Count 1
  Overflow Count (too large) 0
  Overflow Count (full) 0
[ALLOC_GFX] Dual Thread Allocator
  Peak main deferred allocation count 2
    [ALLOC_BUCKET]
      Large Block size 32.0 MB
      Used Block count 1
      Peak Allocated bytes 10.6 MB
    [ALLOC_GFX_MAIN]
      Requested Block Size 16.0 MB
      Peak Block count 1
      Peak Allocated memory 12.2 MB
      Peak Large allocation bytes 0 B
    [ALLOC_GFX_THREAD]
      Requested Block Size 16.0 MB
      Peak Block count 1
      Peak Allocated memory 0.7 KB
      Peak Large allocation bytes 0 B
[ALLOC_CACHEOBJECTS] Dual Thread Allocator
  Peak main deferred allocation count 606
    [ALLOC_BUCKET]
      Large Block size 32.0 MB
      Used Block count 1
      Peak Allocated bytes 10.6 MB
    [ALLOC_CACHEOBJECTS_MAIN]
      Requested Block Size 4.0 MB
      Peak Block count 21
      Peak Allocated memory 67.3 MB
      Peak Large allocation bytes 14.4 MB
    [ALLOC_CACHEOBJECTS_THREAD]
      Requested Block Size 4.0 MB
      Peak Block count 1
      Peak Allocated memory 33.2 KB
      Peak Large allocation bytes 0 B
[ALLOC_TYPETREE] Dual Thread Allocator
  Peak main deferred allocation count 893
    [ALLOC_BUCKET]
      Large Block size 32.0 MB
      Used Block count 1
      Peak Allocated bytes 10.6 MB
    [ALLOC_TYPETREE_MAIN]
      Requested Block Size 2.0 MB
      Peak Block count 15
      Peak Allocated memory 27.0 MB
      Peak Large allocation bytes 0 B
    [ALLOC_TYPETREE_THREAD]
      Requested Block Size 2.0 MB
      Peak Block count 1
      Peak Allocated memory 21.8 KB
      Peak Large allocation bytes 0 B
[ALLOC_PROFILER]
  Requested Block Size 16.0 MB
  Peak Block count 1
  Peak Allocated memory 0.7 MB
  Peak Large allocation bytes 0 B
    [ALLOC_PROFILER_BUCKET]
      Large Block size 32.0 MB
      Used Block count 1
      Peak Allocated bytes 8.4 KB
[ALLOC_PROFILER_EDITOR]
  Requested Block Size 1.0 MB
  Peak Block count 0
  Peak Allocated memory 0 B
  Peak Large allocation bytes 0 B
    [ALLOC_PROFILER_BUCKET]
      Large Block size 32.0 MB
      Used Block count 1
      Peak Allocated bytes 8.4 KB
##utp:{"type":"MemoryLeaks","version":2,"phase":"Immediate","time":1789725643714,"processId":3478492,"allocatedMemory":51505876,"memoryLabels":[{"Default":20071},{"Permanent":16322},{"Thread":1087860},{"Manager":126274},{"VertexData":12},{"Geometry":280},{"Texture":328},{"Shader":69259},{"Material":24},{"GfxDevice":42176},{"Animation":360},{"Audio":3976},{"FontEngine":336},{"Physics":513},{"Serialization":732},{"Input":26816},{"JobScheduler":192624},{"Mono":40},{"ScriptingNativeRuntime":191920},{"BaseObject":1629820},{"Resource":1064},{"Renderer":2352},{"Transform":48},{"File":804},{"WebCam":40},{"Culling":40},{"Terrain":1025},{"Wind":24},{"String":32873},{"DynamicArray":91736},{"HashMap":114372},{"Utility":2710118},{"Curl":1112},{"PoolAlloc":1496},{"AI":72},{"TypeTree":5061},{"ScriptManager":640},{"RuntimeInitializeOnLoadManager":80},{"SpriteAtlas":128},{"GI":3632},{"Director":7928},{"CloudService":5408},{"WebRequest":720},{"VR":45769},{"SceneManager":600},{"Video":72},{"LazyScriptCache":40},{"NativeArray":33554628},{"Camera":25},{"Secure":5337},{"SerializationCache":1576},{"APIUpdating":11856},{"Subsystems":392},{"VirtualTexturing":57560},{"StaticSafetyDebugInfo":327680},{"EditorGui":56},{"EditorUtility":6908},{"VersionControl":4},{"Undo":736},{"AssetDatabase":11053675},{"RestService":1518},{"EditorGi":376},{"License":3584},{"UnityConnect":25496},{"Collab":641},{"Upm":1856},{"DrivenProperties":96},{"LocalIPC":210},{"ProfilerEditor":10951},{"CoreBusinessMetrics":3638},{"AssetReference":40},{"IPCStream":40}]}
